Flow_ID,Node_ID,Protocol,Distance_m,RSRP_dBm,SINR_dB,Dur,RunTime,TotPkts,SrcPkts,DstPkts,TotBytes,SrcBytes,DstBytes,sMeanPktSz,dMeanPktSz,Rate,SrcRate,DstRate,Load,sTtl,dTtl,SrcWin,DstWin,TcpRtt,SynAck,AckDat,Offset,Loss,pLoss,Attack_Type,Attack_Tool,Label,Label_Binary
3400,UE_7,tcp,413,-59.7,34.37,0.0851,0.0851,348,348,0,13920,13920,0,40,0,4089.31,4089.31,0,1308578.14,128,0,1024,0,0,0,0,0,348,100,SYNFlood,Hping3,Malicious,1
4835,UE_10,tcp,440.7,-54.86,39.6,45.36,45.36,18,10,8,571,251,320,25.1,40,0.4,0.22,0.18,100.71,64,64,512,16384,0.1321,0.0793,0.0528,128,0,0,SlowrateDoS,Slowloris,Malicious,1
4382,UE_9,tcp,409.2,-55.58,38.54,0.0023,0.0023,1,1,0,44,44,0,44,0,434.78,434.78,0,153043.48,52,0,1024,0,0,0,0,0,1,100,SYNScan,Nmap,Malicious,1
489,UE_1,tcp,146.1,-44.94,47.93,3.476,3.476,70,33,37,53469,6079,47390,184.2,1280.8,20.14,9.49,10.64,123058.69,64,64,65535,65535,0.0283,0.0142,0.0142,307,0,0,Benign,None,Benign,0
308,UE_1,tcp,146.1,-44.3,48.48,3.356,3.356,40,12,28,35595,2852,32743,237.7,1169.4,11.92,3.58,8.34,84851.01,64,64,65535,65535,0.0154,0.0077,0.0077,373,0,0,Benign,None,Benign,0
4356,UE_9,tcp,409.2,-55,37.96,0.0028,0.0028,1,1,0,44,44,0,44,0,357.14,357.14,0,125714.29,59,0,1024,0,0,0,0,0,1,100,SYNScan,Nmap,Malicious,1
4602,UE_10,tcp,440.7,-55.11,39.7,60.21,60.21,18,8,10,720,320,400,40,40,0.3,0.13,0.17,95.67,64,64,512,16384,0.1759,0.1055,0.0704,128,0,0,SlowrateDoS,Slowloris,Malicious,1
2921,UE_6,tcp,321,-51.09,38.83,1.759,1.759,40,19,21,20739,6306,14433,331.9,687.3,22.74,10.8,11.94,94321.77,64,64,65535,65535,0.0382,0.0191,0.0191,150,0,0,Benign,None,Benign,0
2693,UE_6,tcp,321,-50.87,40.02,1.283,1.283,70,44,26,33588,20310,13278,461.6,510.7,54.56,34.29,20.27,209434.14,64,64,65535,65535,0.0446,0.0223,0.0223,326,0,0,Benign,None,Benign,0
1589,UE_4,udp,116.4,-41.37,52.78,0.096,0.096,3,2,1,235,185,50,92.7,50.4,31.25,20.83,10.42,19583.33,64,64,0,0,0,0,0,490,0,0,Benign,None,Benign,0
4954,UE_10,tcp,440.7,-54.07,40.03,49.54,49.54,25,16,9,880,520,360,32.5,40,0.5,0.32,0.18,142.11,64,64,512,16384,0.1058,0.0635,0.0423,128,0,0,SlowrateDoS,Slowloris,Malicious,1
4283,UE_9,tcp,409.2,-54.74,39.47,0.0015,0.0015,1,1,0,44,44,0,44,0,666.67,666.67,0,234666.67,48,0,1024,0,0,0,0,0,1,100,SYNScan,Nmap,Malicious,1
3266,UE_7,tcp,413,-61.38,34.01,0.0309,0.0309,273,273,0,10920,10920,0,40,0,8834.95,8834.95,0,2827184.47,128,0,1024,0,0,0,0,0,273,100,SYNFlood,Hping3,Malicious,1
1985,UE_4,udp,116.4,-40.42,52.02,0.122,0.122,6,4,2,452,347,105,86.8,52.4,49.18,32.79,16.39,29639.34,64,64,0,0,0,0,0,391,1,0.05,Benign,None,Benign,0
1673,UE_4,udp,116.4,-40.81,52.77,0.071,0.071,6,4,2,425,301,124,75.3,62.2,84.51,56.34,28.17,47887.32,64,64,0,0,0,0,0,499,0,0,Benign,None,Benign,0
2558,UE_6,tcp,321,-50.78,40.04,1.044,1.044,59,34,25,28611,11951,16660,351.5,666.4,56.51,32.57,23.95,219241.38,64,64,65535,65535,0.0282,0.0141,0.0141,214,0,0,Benign,None,Benign,0
1001,UE_3,udp,127.5,-41.14,52.72,2.519,2.519,296,149,147,49265,24451,24814,164.1,168.8,117.51,59.15,58.36,156458.91,64,64,0,0,0,0,0,438,0,0,Benign,None,Benign,0
2536,UE_6,tcp,321,-51.83,40.63,1.992,1.992,87,39,48,47788,17414,30374,446.5,632.8,43.67,19.58,24.1,191919.68,64,64,65535,65535,0.0217,0.0109,0.0109,333,1,0.05,Benign,None,Benign,0
1138,UE_3,udp,127.5,-41.7,50.27,3.324,3.324,297,146,151,51610,25638,25972,175.6,172,89.35,43.92,45.43,124211.79,64,64,0,0,0,0,0,169,0,0,Benign,None,Benign,0
1990,UE_4,udp,116.4,-40.77,51.41,0.237,0.237,4,2,2,257,141,116,70.6,57.9,16.88,8.44,8.44,8675.11,64,64,0,0,0,0,0,473,0,0,Benign,None,Benign,0
1629,UE_4,udp,116.4,-40.11,52.15,0.062,0.062,2,1,1,140,79,61,78.6,61.2,32.26,16.13,16.13,18064.52,64,64,0,0,0,0,0,427,0,0,Benign,None,Benign,0
3998,UE_8,udp,403.8,-51.81,40.36,0.418,0.418,702,702,0,556335,556335,0,792.5,0,1679.43,1679.43,0,10647559.81,64,0,0,0,0,0,0,0,562,80,UDPFlood,Hping3,Malicious,1
204,UE_1,tcp,146.1,-43.99,48.17,1.305,1.305,42,16,26,33566,2928,30638,183,1178.4,32.18,12.26,19.92,205768.58,64,64,65535,65535,0.0306,0.0153,0.0153,148,1,0.05,Benign,None,Benign,0
4508,UE_10,tcp,440.7,-54.35,39.66,30.02,30.02,31,20,11,1016,576,440,28.8,40,1.03,0.67,0.37,270.75,64,64,512,16384,0.0864,0.0518,0.0346,128,0,0,SlowrateDoS,Slowloris,Malicious,1
186,UE_1,tcp,146.1,-44.25,48.92,1.14,1.14,42,22,20,27107,3843,23264,174.7,1163.2,36.84,19.3,17.54,190224.56,64,64,65535,65535,0.0448,0.0224,0.0224,372,1,0.05,Benign,None,Benign,0
3144,UE_7,tcp,413,-59.09,33.28,0.0244,0.0244,370,370,0,14800,14800,0,40,0,15163.93,15163.93,0,4852459.02,128,0,1024,0,0,0,0,0,370,100,SYNFlood,Hping3,Malicious,1
3648,UE_8,udp,403.8,-52,39.75,0.547,0.547,798,798,0,679178,679178,0,851.1,0,1458.87,1458.87,0,9933133.46,64,0,0,0,0,0,0,0,638,80,UDPFlood,Hping3,Malicious,1
645,UE_2,tcp,235.5,-53.44,40.78,8.244,8.244,214,40,174,213212,3960,209252,99,1202.6,25.96,4.85,21.11,206901.5,64,64,131072,131072,0.0117,0.0059,0.0059,137,0,0,Benign,None,Benign,0
3688,UE_8,udp,403.8,-52.3,40.8,0.517,0.517,943,943,0,898868,898868,0,953.2,0,1823.98,1823.98,0,13908982.59,64,0,0,0,0,0,0,0,754,80,UDPFlood,Hping3,Malicious,1
831,UE_2,tcp,235.5,-52.61,40.99,8.319,8.319,245,61,184,246966,5264,241702,86.3,1313.6,29.45,7.33,22.12,237495.85,64,64,131072,131072,0.0179,0.009,0.009,421,0,0,Benign,None,Benign,0
3133,UE_7,tcp,413,-59.76,34.38,0.0543,0.0543,332,332,0,13280,13280,0,40,0,6114.18,6114.18,0,1956537.75,128,0,1024,0,0,0,0,0,332,100,SYNFlood,Hping3,Malicious,1
4475,UE_9,tcp,409.2,-55.63,38.93,0.0035,0.0035,1,1,0,44,44,0,44,0,285.71,285.71,0,100571.43,54,0,1024,0,0,0,0,0,1,100,SYNScan,Nmap,Malicious,1
1747,UE_4,udp,116.4,-40.38,52.64,0.091,0.091,3,1,2,182,67,115,66.5,57.4,32.97,10.99,21.98,16000,64,64,0,0,0,0,0,207,0,0,Benign,None,Benign,0
4149,UE_9,tcp,409.2,-55.2,39.23,0.0041,0.0041,1,1,0,44,44,0,44,0,243.9,243.9,0,85853.66,53,0,1024,0,0,0,0,0,1,100,SYNScan,Nmap,Malicious,1
1765,UE_4,udp,116.4,-40.13,52.07,0.109,0.109,2,1,1,135,73,62,73,62.2,18.35,9.17,9.17,9908.26,64,64,0,0,0,0,0,495,1,0.05,Benign,None,Benign,0
2517,UE_6,tcp,321,-51.62,40.92,2.418,2.418,58,16,42,23688,5120,18568,320,442.1,23.99,6.62,17.37,78372.21,64,64,65535,65535,0.024,0.012,0.012,186,0,0,Benign,None,Benign,0
3385,UE_7,tcp,413,-59.26,34,0.1001,0.1001,608,608,0,24320,24320,0,40,0,6073.93,6073.93,0,1943656.34,128,0,1024,0,0,0,0,0,608,100,SYNFlood,Hping3,Malicious,1
529,UE_2,tcp,235.5,-53.52,41.07,5.517,5.517,283,56,227,282721,5191,277530,92.7,1222.6,51.3,10.15,41.15,409963.39,64,64,131072,131072,0.0161,0.0081,0.0081,159,0,0,Benign,None,Benign,0
2519,UE_6,tcp,321,-52.06,40.5,1.846,1.846,68,27,41,34773,12096,22677,448,553.1,36.84,14.63,22.21,150695.56,64,64,65535,65535,0.0442,0.0221,0.0221,382,0,0,Benign,None,Benign,0
752,UE_2,tcp,235.5,-53.21,41.25,6.646,6.646,491,66,425,591389,7141,584248,108.2,1374.7,73.88,9.93,63.95,711873.61,64,64,131072,131072,0.0179,0.009,0.009,131,0,0,Benign,None,Benign,0
692,UE_2,tcp,235.5,-52.74,41.13,6.373,6.373,427,52,375,531069,5881,525188,113.1,1400.5,67,8.16,58.84,666648.67,64,64,131072,131072,0.0108,0.0054,0.0054,151,0,0,Benign,None,Benign,0
1090,UE_3,udp,127.5,-41.19,51,1.501,1.501,287,144,143,47251,23270,23981,161.6,167.7,191.21,95.94,95.27,251837.44,64,64,0,0,0,0,0,301,0,0,Benign,None,Benign,0
2680,UE_6,tcp,321,-50.91,39.41,1.203,1.203,81,31,50,45893,11513,34380,371.4,687.6,67.33,25.77,41.56,305190.36,64,64,65535,65535,0.021,0.0105,0.0105,156,0,0,Benign,None,Benign,0
2625,UE_6,tcp,321,-51.1,40.07,3.167,3.167,81,40,41,34983,17308,17675,432.7,431.1,25.58,12.63,12.95,88368.8,64,64,65535,65535,0.0268,0.0134,0.0134,489,1,0.05,Benign,None,Benign,0
787,UE_2,tcp,235.5,-53.04,41.5,8.908,8.908,269,69,200,287790,7790,280000,112.9,1400,30.2,7.75,22.45,258455.32,64,64,131072,131072,0.0219,0.011,0.011,228,1,0.05,Benign,None,Benign,0
887,UE_2,tcp,235.5,-53.2,40.99,2.988,2.988,347,79,268,340565,7039,333526,89.1,1244.5,116.13,26.44,89.69,911820.62,64,64,131072,131072,0.0234,0.0117,0.0117,356,0,0,Benign,None,Benign,0
1249,UE_3,udp,127.5,-42.36,50.96,3.098,3.098,133,69,64,23169,12379,10790,179.4,168.6,42.93,22.27,20.66,59829.57,64,64,0,0,0,0,0,391,0,0,Benign,None,Benign,0
1341,UE_3,udp,127.5,-42.79,50.59,4.054,4.054,247,122,125,40280,20167,20113,165.3,160.9,60.93,30.09,30.83,79486.93,64,64,0,0,0,0,0,407,1,0.05,Benign,None,Benign,0
1904,UE_4,udp,116.4,-40.5,51.39,0.169,0.169,3,2,1,187,134,53,67.1,52.6,17.75,11.83,5.92,8852.07,64,64,0,0,0,0,0,184,0,0,Benign,None,Benign,0
2161,UE_5,tcp,309,-52.68,39.96,5.237,5.237,749,84,665,976276,5376,970900,64,1460,143.02,16.04,126.98,1491351.54,64,64,262144,262144,0.0195,0.0098,0.0098,399,0,0,Benign,None,Benign,0
4033,UE_9,tcp,409.2,-54.96,39.3,0.0017,0.0017,1,1,0,44,44,0,44,0,588.24,588.24,0,207058.82,49,0,1024,0,0,0,0,0,1,100,SYNScan,Nmap,Malicious,1
2186,UE_5,tcp,309,-52.71,40.17,12.051,12.051,617,78,539,791932,4992,786940,64,1460,51.2,6.47,44.73,525720.36,64,64,262144,262144,0.0138,0.0069,0.0069,268,0,0,Benign,None,Benign,0
2873,UE_6,tcp,321,-52.45,39.86,2.425,2.425,58,34,24,25855,11798,14057,347,585.7,23.92,14.02,9.9,85294.85,64,64,65535,65535,0.0204,0.0102,0.0102,375,0,0,Benign,None,Benign,0
3788,UE_8,udp,403.8,-52.34,40.85,0.279,0.279,540,540,0,397872,397872,0,736.8,0,1935.48,1935.48,0,11408516.13,64,0,0,0,0,0,0,0,432,80,UDPFlood,Hping3,Malicious,1
561,UE_2,tcp,235.5,-52.27,41.25,7.402,7.402,296,40,256,319253,3400,315853,85,1233.8,39.99,5.4,34.59,345045.12,64,64,131072,131072,0.0235,0.0118,0.0118,351,1,0.05,Benign,None,Benign,0
660,UE_2,tcp,235.5,-52.07,41.47,4.565,4.565,261,39,222,284668,3771,280897,96.7,1265.3,57.17,8.54,48.63,498870.54,64,64,131072,131072,0.0164,0.0082,0.0082,162,1,0.05,Benign,None,Benign,0
2371,UE_5,tcp,309,-53.55,40.06,3.63,3.63,763,71,692,1014864,4544,1010320,64,1460,210.19,19.56,190.63,2236614.88,64,64,262144,262144,0.0146,0.0073,0.0073,159,0,0,Benign,None,Benign,0
2155,UE_5,tcp,309,-53.12,39.62,6.237,6.237,480,100,380,561200,6400,554800,64,1460,76.96,16.03,60.93,719833.25,64,64,262144,262144,0.0234,0.0117,0.0117,506,0,0,Benign,None,Benign,0
237,UE_1,tcp,146.1,-44.59,49.11,0.602,0.602,72,26,46,43238,4787,38451,184.1,835.9,119.6,43.19,76.41,574591.36,64,64,65535,65535,0.0273,0.0137,0.0137,261,0,0,Benign,None,Benign,0
2251,UE_5,tcp,309,-53.75,40.51,3.205,3.205,434,87,347,512188,5568,506620,64,1460,135.41,27.15,108.27,1278472.39,64,64,262144,262144,0.0141,0.0071,0.0071,364,0,0,Benign,None,Benign,0
267,UE_1,tcp,146.1,-44.66,48.61,4.404,4.404,33,13,20,27023,2951,24072,227,1203.6,7.49,2.95,4.54,49088.1,64,64,65535,65535,0.0186,0.0093,0.0093,425,0,0,Benign,None,Benign,0
1378,UE_3,udp,127.5,-42.08,51.99,4.084,4.084,121,59,62,21185,10608,10577,179.8,170.6,29.63,14.45,15.18,41498.53,64,64,0,0,0,0,0,395,0,0,Benign,None,Benign,0
85,UE_1,tcp,146.1,-44.48,48.15,1.228,1.228,90,32,58,60247,5994,54253,187.3,935.4,73.29,26.06,47.23,392488.6,64,64,65535,65535,0.0343,0.0172,0.0172,343,0,0,Benign,None,Benign,0
2270,UE_5,tcp,309,-53.26,39.71,6.104,6.104,473,60,413,606820,3840,602980,64,1460,77.49,9.83,67.66,795307.99,64,64,262144,262144,0.0241,0.0121,0.0121,226,1,0.05,Benign,None,Benign,0
456,UE_1,tcp,146.1,-44.56,48.23,1.429,1.429,51,20,31,40341,3398,36943,169.9,1191.7,35.69,14,21.69,225841.85,64,64,65535,65535,0.0423,0.0212,0.0212,376,1,0.05,Benign,None,Benign,0
1829,UE_4,udp,116.4,-39.69,52.47,0.068,0.068,5,3,2,381,256,125,85.2,62.4,73.53,44.12,29.41,44823.53,64,64,0,0,0,0,0,365,0,0,Benign,None,Benign,0
200,UE_1,tcp,146.1,-43.8,47.3,3.423,3.423,65,35,30,34509,7539,26970,215.4,899,18.99,10.22,8.76,80652.06,64,64,65535,65535,0.032,0.016,0.016,289,0,0,Benign,None,Benign,0
4570,UE_10,tcp,440.7,-53.82,39.45,63.18,63.18,21,10,11,725,285,440,28.5,40,0.33,0.16,0.17,91.8,64,64,512,16384,0.1168,0.0701,0.0467,128,0,0,SlowrateDoS,Slowloris,Malicious,1
2538,UE_6,tcp,321,-51.43,39.9,3.051,3.051,75,29,46,33754,14080,19674,485.5,427.7,24.58,9.51,15.08,88506.06,64,64,65535,65535,0.0224,0.0112,0.0112,220,0,0,Benign,None,Benign,0
316,UE_1,tcp,146.1,-43.6,48.95,4.311,4.311,52,18,34,46811,3611,43200,200.6,1270.6,12.06,4.18,7.89,86868.01,64,64,65535,65535,0.0413,0.0207,0.0207,246,1,0.05,Benign,None,Benign,0
2280,UE_5,tcp,309,-52.75,39.99,11.401,11.401,391,44,347,509436,2816,506620,64,1460,34.3,3.86,30.44,357467.59,64,64,262144,262144,0.0203,0.0102,0.0102,241,0,0,Benign,None,Benign,0
753,UE_2,tcp,235.5,-53.46,41.01,7.845,7.845,228,56,172,248876,4911,243965,87.7,1418.4,29.06,7.14,21.92,253793.24,64,64,131072,131072,0.0245,0.0123,0.0123,387,0,0,Benign,None,Benign,0
4013,UE_9,tcp,409.2,-54.63,38.3,0.0056,0.0056,1,1,0,44,44,0,44,0,178.57,178.57,0,62857.14,58,0,1024,0,0,0,0,0,1,100,SYNScan,Nmap,Malicious,1
3286,UE_7,tcp,413,-60.06,33.9,0.0593,0.0593,487,487,0,19480,19480,0,40,0,8212.48,8212.48,0,2627993.25,128,0,1024,0,0,0,0,0,487,100,SYNFlood,Hping3,Malicious,1
4426,UE_9,tcp,409.2,-55.6,38.15,0.0017,0.0017,2,1,1,84,44,40,44,40,1176.47,588.24,588.24,395294.12,56,55,1024,0,0.0109,0,0,0,0,0,SYNScan,Nmap,Malicious,1
4436,UE_9,tcp,409.2,-56,37.53,0.0011,0.0011,1,1,0,44,44,0,44,0,909.09,909.09,0,320000,50,0,1024,0,0,0,0,0,1,100,SYNScan,Nmap,Malicious,1
4336,UE_9,tcp,409.2,-54.77,39.16,0.0052,0.0052,1,1,0,44,44,0,44,0,192.31,192.31,0,67692.31,45,0,1024,0,0,0,0,0,1,100,SYNScan,Nmap,Malicious,1
4785,UE_10,tcp,440.7,-54.19,38.91,25.94,25.94,21,14,7,711,431,280,30.8,40,0.81,0.54,0.27,219.28,64,64,512,16384,0.1113,0.0668,0.0445,128,0,0,SlowrateDoS,Slowloris,Malicious,1
3822,UE_8,udp,403.8,-52.32,41.32,0.24,0.24,1816,1816,0,1094322,1094322,0,602.6,0,7566.67,7566.67,0,36477400,64,0,0,0,0,0,0,0,1453,80,UDPFlood,Hping3,Malicious,1
2806,UE_6,tcp,321,-51.59,39.22,1.918,1.918,68,34,34,36339,14351,21988,422.1,646.7,35.45,17.73,17.73,151570.39,64,64,65535,65535,0.0245,0.0123,0.0123,325,1,0.05,Benign,None,Benign,0
951,UE_2,tcp,235.5,-52.54,41.35,2.492,2.492,296,32,264,369081,2992,366089,93.5,1386.7,118.78,12.84,105.94,1184850.72,64,64,131072,131072,0.0249,0.0125,0.0125,282,0,0,Benign,None,Benign,0
1205,UE_3,udp,127.5,-42.74,51.94,5.37,5.37,297,150,147,52466,26520,25946,176.8,176.5,55.31,27.93,27.37,78161.64,64,64,0,0,0,0,0,480,1,0.05,Benign,None,Benign,0
109,UE_1,tcp,146.1,-44.55,48.69,3.763,3.763,44,15,29,34855,3056,31799,203.7,1096.5,11.69,3.99,7.71,74100.45,64,64,65535,65535,0.0324,0.0162,0.0162,395,0,0,Benign,None,Benign,0
3052,UE_7,tcp,413,-58.81,33.92,0.0106,0.0106,679,679,0,27160,27160,0,40,0,64056.6,64056.6,0,20498113.21,128,0,1024,0,0,0,0,0,679,100,SYNFlood,Hping3,Malicious,1
1671,UE_4,udp,116.4,-40.55,52.21,0.126,0.126,5,4,1,415,352,63,87.9,62.9,39.68,31.75,7.94,26349.21,64,64,0,0,0,0,0,331,1,0.05,Benign,None,Benign,0
2347,UE_5,tcp,309,-53.27,40.66,11.178,11.178,763,43,720,1053952,2752,1051200,64,1460,68.26,3.85,64.41,754304.53,64,64,262144,262144,0.0186,0.0093,0.0093,353,0,0,Benign,None,Benign,0
1389,UE_3,udp,127.5,-42.08,51.85,1.666,1.666,143,70,73,23322,11613,11709,165.9,160.4,85.83,42.02,43.82,111990.4,64,64,0,0,0,0,0,386,0,0,Benign,None,Benign,0
1750,UE_4,udp,116.4,-40.05,52.47,0.125,0.125,5,4,1,409,346,63,86.4,63.3,40,32,8,26176,64,64,0,0,0,0,0,383,0,0,Benign,None,Benign,0
613,UE_2,tcp,235.5,-52.52,41.11,4.551,4.551,273,60,213,314401,5082,309319,84.7,1452.2,59.99,13.18,46.8,552671.5,64,64,131072,131072,0.0104,0.0052,0.0052,193,0,0,Benign,None,Benign,0
4359,UE_9,tcp,409.2,-55.14,38.66,0.0038,0.0038,1,1,0,44,44,0,44,0,263.16,263.16,0,92631.58,50,0,1024,0,0,0,0,0,1,100,SYNScan,Nmap,Malicious,1
4942,UE_10,tcp,440.7,-54.38,39.46,53.57,53.57,23,12,11,728,288,440,24,40,0.43,0.22,0.21,108.72,64,64,512,16384,0.1692,0.1015,0.0677,128,0,0,SlowrateDoS,Slowloris,Malicious,1
269,UE_1,tcp,146.1,-43.24,48.95,3.633,3.633,68,30,38,41851,5694,36157,189.8,951.5,18.72,8.26,10.46,92157.45,64,64,65535,65535,0.017,0.0085,0.0085,137,1,0.05,Benign,None,Benign,0
4265,UE_9,tcp,409.2,-55.48,39.07,0.0039,0.0039,1,1,0,44,44,0,44,0,256.41,256.41,0,90256.41,49,0,1024,0,0,0,0,0,1,100,SYNScan,Nmap,Malicious,1
1511,UE_4,udp,116.4,-40.41,51.3,0.208,0.208,2,1,1,151,88,63,88.4,63.3,9.62,4.81,4.81,5807.69,64,64,0,0,0,0,0,403,0,0,Benign,None,Benign,0
3884,UE_8,udp,403.8,-52.07,40.77,0.192,0.192,747,747,0,568243,568243,0,760.7,0,3890.63,3890.63,0,23676791.67,64,0,0,0,0,0,0,0,598,80,UDPFlood,Hping3,Malicious,1
1460,UE_3,udp,127.5,-42.59,51.19,3.208,3.208,204,102,102,34803,17422,17381,170.8,170.4,63.59,31.8,31.8,86790.52,64,64,0,0,0,0,0,398,1,0.05,Benign,None,Benign,0
4746,UE_10,tcp,440.7,-53.69,39.45,42.19,42.19,24,18,6,836,596,240,33.1,40,0.57,0.43,0.14,158.52,64,64,512,16384,0.0912,0.0547,0.0365,128,0,0,SlowrateDoS,Slowloris,Malicious,1
2956,UE_6,tcp,321,-52.23,40.23,2.416,2.416,58,34,24,26392,12573,13819,369.8,575.8,24.01,14.07,9.93,87390.73,64,64,65535,65535,0.0235,0.0118,0.0118,338,0,0,Benign,None,Benign,0
174,UE_1,tcp,146.1,-44.83,48.39,0.892,0.892,48,22,26,34401,4015,30386,182.5,1168.7,53.81,24.66,29.15,308529.15,64,64,65535,65535,0.0293,0.0147,0.0147,302,1,0.05,Benign,None,Benign,0
3496,UE_7,tcp,413,-60.11,33.65,0.0939,0.0939,355,355,0,14200,14200,0,40,0,3780.62,3780.62,0,1209797.66,128,0,1024,0,0,0,0,0,355,100,SYNFlood,Hping3,Malicious,1
2939,UE_6,tcp,321,-50.66,39.5,2.596,2.596,71,37,34,28876,14970,13906,404.6,409,27.35,14.25,13.1,88986.13,64,64,65535,65535,0.0276,0.0138,0.0138,274,0,0,Benign,None,Benign,0
2390,UE_5,tcp,309,-53.3,39.15,4.071,4.071,896,86,810,1188104,5504,1182600,64,1460,220.09,21.13,198.97,2334765.91,64,64,262144,262144,0.0208,0.0104,0.0104,430,0,0,Benign,None,Benign,0
4661,UE_10,tcp,440.7,-54.46,39.75,32.87,32.87,16,8,8,553,233,320,29.1,40,0.49,0.24,0.24,134.59,64,64,512,16384,0.0865,0.0519,0.0346,128,0,0,SlowrateDoS,Slowloris,Malicious,1
593,UE_2,tcp,235.5,-53.01,41.87,9.618,9.618,227,32,195,266440,3248,263192,101.5,1349.7,23.6,3.33,20.27,221617.8,64,64,131072,131072,0.0229,0.0115,0.0115,455,0,0,Benign,None,Benign,0
190,UE_1,tcp,146.1,-44.2,48.16,2.853,2.853,68,22,46,53583,3443,50140,156.5,1090,23.83,7.71,16.12,150250.26,64,64,65535,65535,0.0318,0.0159,0.0159,433,0,0,Benign,None,Benign,0
179,UE_1,tcp,146.1,-44.03,48.47,0.829,0.829,67,35,32,43536,7942,35594,226.9,1112.3,80.82,42.22,38.6,420130.28,64,64,65535,65535,0.0265,0.0133,0.0133,230,0,0,Benign,None,Benign,0
4788,UE_10,tcp,440.7,-53.56,39.41,60.19,60.19,23,13,10,772,372,400,28.6,40,0.38,0.22,0.17,102.61,64,64,512,16384,0.2168,0.1301,0.0867,128,0,0,SlowrateDoS,Slowloris,Malicious,1
4620,UE_10,tcp,440.7,-54.53,39.47,37.58,37.58,22,10,12,866,386,480,38.6,40,0.59,0.27,0.32,184.35,64,64,512,16384,0.1469,0.0881,0.0588,128,0,0,SlowrateDoS,Slowloris,Malicious,1
4892,UE_10,tcp,440.7,-53.58,39.6,58.22,58.22,20,14,6,731,491,240,35.1,40,0.34,0.24,0.1,100.45,64,64,512,16384,0.2185,0.1311,0.0874,128,0,0,SlowrateDoS,Slowloris,Malicious,1
4971,UE_10,tcp,440.7,-53.79,39.85,26.55,26.55,24,15,9,791,431,360,28.7,40,0.9,0.56,0.34,238.34,64,64,512,16384,0.2289,0.1373,0.0916,128,0,0,SlowrateDoS,Slowloris,Malicious,1
347,UE_1,tcp,146.1,-44.91,48.55,4.089,4.089,85,26,59,77307,5109,72198,196.5,1223.7,20.79,6.36,14.43,151248.72,64,64,65535,65535,0.0169,0.0085,0.0085,511,0,0,Benign,None,Benign,0
1292,UE_3,udp,127.5,-42.5,51.35,5.385,5.385,139,68,71,23328,11499,11829,169.1,166.6,25.81,12.63,13.18,34656.27,64,64,0,0,0,0,0,405,0,0,Benign,None,Benign,0
3754,UE_8,udp,403.8,-52.43,39.67,0.39,0.39,1921,1921,0,1648026,1648026,0,857.9,0,4925.64,4925.64,0,33805661.54,64,0,0,0,0,0,0,0,1537,80,UDPFlood,Hping3,Malicious,1
678,UE_2,tcp,235.5,-51.53,40.41,9.233,9.233,297,37,260,326642,3878,322764,104.8,1241.4,32.17,4.01,28.16,283021.34,64,64,131072,131072,0.0294,0.0147,0.0147,324,1,0.05,Benign,None,Benign,0
2500,UE_5,tcp,309,-52.35,39.58,6.932,6.932,906,70,836,1225040,4480,1220560,64,1460,130.7,10.1,120.6,1413779.57,64,64,262144,262144,0.025,0.0125,0.0125,474,0,0,Benign,None,Benign,0
1815,UE_4,udp,116.4,-40.19,50.65,0.131,0.131,4,3,1,339,282,57,93.9,56.6,30.53,22.9,7.63,20702.29,64,64,0,0,0,0,0,159,0,0,Benign,None,Benign,0
294,UE_1,tcp,146.1,-43.66,48.3,3.645,3.645,64,29,35,47106,4423,42683,152.5,1219.5,17.56,7.96,9.6,103387.65,64,64,65535,65535,0.0153,0.0077,0.0077,274,0,0,Benign,None,Benign,0
3876,UE_8,udp,403.8,-52.37,40.1,0.119,0.119,1677,1677,0,1600864,1600864,0,954.6,0,14092.44,14092.44,0,107621109.24,64,0,0,0,0,0,0,0,1342,80,UDPFlood,Hping3,Malicious,1
920,UE_2,tcp,235.5,-51.94,40.61,8.199,8.199,322,36,286,397919,3611,394308,100.3,1378.7,39.27,4.39,34.88,388261.01,64,64,131072,131072,0.0227,0.0114,0.0114,221,0,0,Benign,None,Benign,0
198,UE_1,tcp,146.1,-43.53,47.53,2.299,2.299,52,30,22,23934,5964,17970,198.8,816.8,22.62,13.05,9.57,83284.91,64,64,65535,65535,0.0169,0.0085,0.0085,232,1,0.05,Benign,None,Benign,0
26,UE_1,tcp,146.1,-44.1,48.3,3.1,3.1,80,28,52,57080,6692,50388,239,969,25.81,9.03,16.77,147303.23,64,64,65535,65535,0.0263,0.0132,0.0132,321,1,0.05,Benign,None,Benign,0
2187,UE_5,tcp,309,-53.26,40.39,7.986,7.986,755,93,662,972472,5952,966520,64,1460,94.54,11.65,82.9,974176.81,64,64,262144,262144,0.0224,0.0112,0.0112,296,0,0,Benign,None,Benign,0
4848,UE_10,tcp,440.7,-53.32,40.54,29.65,29.65,27,18,9,961,601,360,33.4,40,0.91,0.61,0.3,259.29,64,64,512,16384,0.1969,0.1181,0.0788,128,0,0,SlowrateDoS,Slowloris,Malicious,1
4110,UE_9,tcp,409.2,-55.7,38.26,0.0039,0.0039,1,1,0,44,44,0,44,0,256.41,256.41,0,90256.41,51,0,1024,0,0,0,0,0,1,100,SYNScan,Nmap,Malicious,1
187,UE_1,tcp,146.1,-44.79,48.06,2.72,2.72,74,29,45,48892,4895,43997,168.8,977.7,27.21,10.66,16.54,143800,64,64,65535,65535,0.0385,0.0193,0.0193,436,0,0,Benign,None,Benign,0
2892,UE_6,tcp,321,-51.74,39.38,2.608,2.608,76,32,44,36519,12438,24081,388.7,547.3,29.14,12.27,16.87,112021.47,64,64,65535,65535,0.0367,0.0184,0.0184,364,0,0,Benign,None,Benign,0
410,UE_1,tcp,146.1,-44.19,48.41,3.415,3.415,65,18,47,49359,3703,45656,205.7,971.4,19.03,5.27,13.76,115628.7,64,64,65535,65535,0.019,0.0095,0.0095,356,0,0,Benign,None,Benign,0
4506,UE_10,tcp,440.7,-54.51,38.94,52.47,52.47,22,13,9,844,484,360,37.2,40,0.42,0.25,0.17,128.68,64,64,512,16384,0.1311,0.0787,0.0524,128,0,0,SlowrateDoS,Slowloris,Malicious,1
50,UE_1,tcp,146.1,-43.79,47.88,3.742,3.742,61,35,26,33079,7329,25750,209.4,990.4,16.3,9.35,6.95,70719.4,64,64,65535,65535,0.0441,0.0221,0.0221,138,0,0,Benign,None,Benign,0
3059,UE_7,tcp,413,-60.61,33.23,0.0981,0.0981,437,437,0,17480,17480,0,40,0,4454.64,4454.64,0,1425484.2,128,0,1024,0,0,0,0,0,437,100,SYNFlood,Hping3,Malicious,1
1692,UE_4,udp,116.4,-40.82,51.64,0.196,0.196,3,1,2,217,92,125,92.3,62.6,15.31,5.1,10.2,8857.14,64,64,0,0,0,0,0,321,0,0,Benign,None,Benign,0
4387,UE_9,tcp,409.2,-55.74,38.7,0.0028,0.0028,2,1,1,84,44,40,44,40,714.29,357.14,357.14,240000,45,55,1024,0,0.008,0,0,0,0,0,SYNScan,Nmap,Malicious,1
1556,UE_4,udp,116.4,-41.08,52.46,0.119,0.119,3,1,2,188,79,109,78.6,54.4,25.21,8.4,16.81,12638.66,64,64,0,0,0,0,0,180,0,0,Benign,None,Benign,0
596,UE_2,tcp,235.5,-53.3,41.34,9.699,9.699,227,56,171,222338,5886,216452,105.1,1265.8,23.4,5.77,17.63,183390.45,64,64,131072,131072,0.0261,0.0131,0.0131,364,0,0,Benign,None,Benign,0
1576,UE_4,udp,116.4,-40.6,51.99,0.066,0.066,3,1,2,196,76,120,75.6,60,45.45,15.15,30.3,23757.58,64,64,0,0,0,0,0,365,0,0,Benign,None,Benign,0
279,UE_1,tcp,146.1,-45.43,48.11,3.037,3.037,48,15,33,41947,3522,38425,234.8,1164.4,15.81,4.94,10.87,110495.88,64,64,65535,65535,0.0179,0.009,0.009,484,0,0,Benign,None,Benign,0
2359,UE_5,tcp,309,-52.79,41.05,12.807,12.807,727,83,644,945552,5312,940240,64,1460,56.77,6.48,50.29,590646.99,64,64,262144,262144,0.0126,0.0063,0.0063,346,1,0.05,Benign,None,Benign,0
2966,UE_6,tcp,321,-51.72,39.09,1.982,1.982,84,38,46,41781,17636,24145,464.1,524.9,42.38,19.17,23.21,168641.78,64,64,65535,65535,0.0383,0.0192,0.0192,241,0,0,Benign,None,Benign,0
2051,UE_5,tcp,309,-53.15,40,5.915,5.915,727,96,631,927404,6144,921260,64,1460,122.91,16.23,106.68,1254308.03,64,64,262144,262144,0.0239,0.012,0.012,413,0,0,Benign,None,Benign,0
3834,UE_8,udp,403.8,-52.54,40.72,0.547,0.547,857,857,0,664604,664604,0,775.5,0,1566.73,1566.73,0,9719985.37,64,0,0,0,0,0,0,0,686,80,UDPFlood,Hping3,Malicious,1
4289,UE_9,tcp,409.2,-55.65,39,0.0047,0.0047,1,1,0,44,44,0,44,0,212.77,212.77,0,74893.62,45,0,1024,0,0,0,0,0,1,100,SYNScan,Nmap,Malicious,1
1572,UE_4,udp,116.4,-39.87,51.7,0.143,0.143,2,1,1,133,76,57,76,57.2,13.99,6.99,6.99,7440.56,64,64,0,0,0,0,0,366,1,0.05,Benign,None,Benign,0
2848,UE_6,tcp,321,-51.89,39.67,2.562,2.562,35,15,20,14233,5373,8860,358.2,443,13.66,5.85,7.81,44443.4,64,64,65535,65535,0.0358,0.0179,0.0179,204,1,0.05,Benign,None,Benign,0
3240,UE_7,tcp,413,-60.49,34.36,0.0359,0.0359,299,299,0,11960,11960,0,40,0,8328.69,8328.69,0,2665181.06,128,0,1024,0,0,0,0,0,299,100,SYNFlood,Hping3,Malicious,1
4160,UE_9,tcp,409.2,-55.79,39.14,0.0044,0.0044,1,1,0,44,44,0,44,0,227.27,227.27,0,80000,56,0,1024,0,0,0,0,0,1,100,SYNScan,Nmap,Malicious,1
1258,UE_3,udp,127.5,-41.7,51.65,1.781,1.781,205,104,101,35421,18190,17231,174.9,170.6,115.1,58.39,56.71,159106.12,64,64,0,0,0,0,0,266,0,0,Benign,None,Benign,0
3705,UE_8,udp,403.8,-52.15,41.29,0.415,0.415,2072,2072,0,1909555,1909555,0,921.6,0,4992.77,4992.77,0,36810698.8,64,0,0,0,0,0,0,0,1658,80,UDPFlood,Hping3,Malicious,1
3693,UE_8,udp,403.8,-52.81,41.57,0.449,0.449,2053,2053,0,1468306,1468306,0,715.2,0,4572.38,4572.38,0,26161354.12,64,0,0,0,0,0,0,0,1642,80,UDPFlood,Hping3,Malicious,1
4953,UE_10,tcp,440.7,-54.24,38.4,56.6,56.6,23,15,8,842,522,320,34.8,40,0.41,0.27,0.14,119.01,64,64,512,16384,0.1558,0.0935,0.0623,128,0,0,SlowrateDoS,Slowloris,Malicious,1
4067,UE_9,tcp,409.2,-54.97,38.97,0.0057,0.0057,1,1,0,44,44,0,44,0,175.44,175.44,0,61754.39,46,0,1024,0,0,0,0,0,1,100,SYNScan,Nmap,Malicious,1
3395,UE_7,tcp,413,-58.81,34.64,0.0489,0.0489,338,338,0,13520,13520,0,40,0,6912.07,6912.07,0,2211860.94,128,0,1024,0,0,0,0,0,338,100,SYNFlood,Hping3,Malicious,1
856,UE_2,tcp,235.5,-52.89,42.41,2.12,2.12,487,38,449,600798,3314,597484,87.2,1330.7,229.72,17.92,211.79,2267162.26,64,64,131072,131072,0.027,0.0135,0.0135,496,0,0,Benign,None,Benign,0
4314,UE_9,tcp,409.2,-55.01,38.31,0.0021,0.0021,1,1,0,44,44,0,44,0,476.19,476.19,0,167619.05,59,0,1024,0,0,0,0,0,1,100,SYNScan,Nmap,Malicious,1
1052,UE_3,udp,127.5,-41.39,50.68,2.653,2.653,119,59,60,19732,10006,9726,169.6,162.1,44.85,22.24,22.62,59500.94,64,64,0,0,0,0,0,357,0,0,Benign,None,Benign,0
1196,UE_3,udp,127.5,-41.57,52.27,1.5,1.5,221,109,112,35959,17647,18312,161.9,163.5,147.33,72.67,74.67,191781.33,64,64,0,0,0,0,0,482,0,0,Benign,None,Benign,0
4376,UE_9,tcp,409.2,-55.89,38.48,0.0023,0.0023,1,1,0,44,44,0,44,0,434.78,434.78,0,153043.48,47,0,1024,0,0,0,0,0,1,100,SYNScan,Nmap,Malicious,1
2523,UE_6,tcp,321,-51.36,39.49,2.33,2.33,65,15,50,35711,5051,30660,336.7,613.2,27.9,6.44,21.46,122612.88,64,64,65535,65535,0.0239,0.012,0.012,133,0,0,Benign,None,Benign,0
24,UE_1,tcp,146.1,-44.67,47.86,3.284,3.284,47,24,23,34861,5076,29785,211.5,1295,14.31,7.31,7,84923.26,64,64,65535,65535,0.0192,0.0096,0.0096,342,1,0.05,Benign,None,Benign,0
514,UE_2,tcp,235.5,-52.6,41.34,6.307,6.307,342,76,266,337060,8603,328457,113.2,1234.8,54.23,12.05,42.18,427537.66,64,64,131072,131072,0.0287,0.0144,0.0144,468,0,0,Benign,None,Benign,0
4670,UE_10,tcp,440.7,-53.83,39.48,36.27,36.27,22,15,7,802,522,280,34.8,40,0.61,0.41,0.19,176.9,64,64,512,16384,0.1617,0.097,0.0647,128,0,0,SlowrateDoS,Slowloris,Malicious,1
4264,UE_9,tcp,409.2,-55.63,38.71,0.002,0.002,1,1,0,44,44,0,44,0,500,500,0,176000,54,0,1024,0,0,0,0,0,1,100,SYNScan,Nmap,Malicious,1
4371,UE_9,tcp,409.2,-55.5,38.74,0.0042,0.0042,1,1,0,44,44,0,44,0,238.1,238.1,0,83809.52,56,0,1024,0,0,0,0,0,1,100,SYNScan,Nmap,Malicious,1
1610,UE_4,udp,116.4,-40.24,52.75,0.165,0.165,4,2,2,299,179,120,89.4,60,24.24,12.12,12.12,14496.97,64,64,0,0,0,0,0,203,0,0,Benign,None,Benign,0
3870,UE_8,udp,403.8,-52.9,41.22,0.126,0.126,1005,1005,0,947414,947414,0,942.7,0,7976.19,7976.19,0,60153269.84,64,0,0,0,0,0,0,0,804,80,UDPFlood,Hping3,Malicious,1
1306,UE_3,udp,127.5,-42.22,50.91,2.867,2.867,182,92,90,31981,15925,16056,173.1,178.4,63.48,32.09,31.39,89238.93,64,64,0,0,0,0,0,263,0,0,Benign,None,Benign,0
4113,UE_9,tcp,409.2,-55.06,38.89,0.0011,0.0011,1,1,0,44,44,0,44,0,909.09,909.09,0,320000,60,0,1024,0,0,0,0,0,1,100,SYNScan,Nmap,Malicious,1
310,UE_1,tcp,146.1,-43.82,49.13,4.231,4.231,52,24,28,37880,5081,32799,211.7,1171.4,12.29,5.67,6.62,71623.73,64,64,65535,65535,0.0371,0.0186,0.0186,437,1,0.05,Benign,None,Benign,0
3741,UE_8,udp,403.8,-52.75,40.48,0.137,0.137,1514,1514,0,1461010,1461010,0,965,0,11051.09,11051.09,0,85314452.55,64,0,0,0,0,0,0,0,1211,80,UDPFlood,Hping3,Malicious,1
4058,UE_9,tcp,409.2,-54.96,39.14,0.0033,0.0033,1,1,0,44,44,0,44,0,303.03,303.03,0,106666.67,59,0,1024,0,0,0,0,0,1,100,SYNScan,Nmap,Malicious,1
2651,UE_6,tcp,321,-51.83,40.25,1.245,1.245,59,20,39,25913,8254,17659,412.7,452.8,47.39,16.06,31.33,166509.24,64,64,65535,65535,0.0448,0.0224,0.0224,171,0,0,Benign,None,Benign,0
684,UE_2,tcp,235.5,-52.59,41.56,5.934,5.934,467,75,392,509022,6008,503014,80.1,1283.2,78.7,12.64,66.06,686244.69,64,64,131072,131072,0.0184,0.0092,0.0092,486,0,0,Benign,None,Benign,0
4352,UE_9,tcp,409.2,-55.17,39.46,0.0015,0.0015,1,1,0,44,44,0,44,0,666.67,666.67,0,234666.67,51,0,1024,0,0,0,0,0,1,100,SYNScan,Nmap,Malicious,1
3787,UE_8,udp,403.8,-51.51,41.42,0.289,0.289,1245,1245,0,896649,896649,0,720.2,0,4307.96,4307.96,0,24820733.56,64,0,0,0,0,0,0,0,996,80,UDPFlood,Hping3,Malicious,1
3572,UE_8,udp,403.8,-52.42,41.02,0.184,0.184,2043,2043,0,1647680,1647680,0,806.5,0,11103.26,11103.26,0,71638260.87,64,0,0,0,0,0,0,0,1634,80,UDPFlood,Hping3,Malicious,1
4744,UE_10,tcp,440.7,-54.04,38.98,50.25,50.25,15,11,4,513,353,160,32.1,40,0.3,0.22,0.08,81.67,64,64,512,16384,0.1647,0.0988,0.0659,128,0,0,SlowrateDoS,Slowloris,Malicious,1
1048,UE_3,udp,127.5,-41.95,51.34,1.186,1.186,107,52,55,18328,8653,9675,166.4,175.9,90.22,43.84,46.37,123629.01,64,64,0,0,0,0,0,242,0,0,Benign,None,Benign,0
245,UE_1,tcp,146.1,-44.1,48.35,3.662,3.662,65,13,52,66711,2309,64402,177.6,1238.5,17.75,3.55,14.2,145736.76,64,64,65535,65535,0.0433,0.0217,0.0217,462,0,0,Benign,None,Benign,0
3769,UE_8,udp,403.8,-52.27,40.12,0.507,0.507,726,726,0,544210,544210,0,749.6,0,1431.95,1431.95,0,8587140.04,64,0,0,0,0,0,0,0,581,80,UDPFlood,Hping3,Malicious,1
63,UE_1,tcp,146.1,-44.67,47.89,3.216,3.216,70,30,40,47505,4761,42744,158.7,1068.6,21.77,9.33,12.44,118171.64,64,64,65535,65535,0.0326,0.0163,0.0163,470,0,0,Benign,None,Benign,0
4635,UE_10,tcp,440.7,-54.11,38.9,34.33,34.33,27,17,10,963,563,400,33.1,40,0.79,0.5,0.29,224.41,64,64,512,16384,0.1206,0.0724,0.0482,128,0,0,SlowrateDoS,Slowloris,Malicious,1
1738,UE_4,udp,116.4,-40.42,52.25,0.153,0.153,6,4,2,475,372,103,93.1,51.5,39.22,26.14,13.07,24836.6,64,64,0,0,0,0,0,448,0,0,Benign,None,Benign,0
1832,UE_4,udp,116.4,-40.28,52.36,0.104,0.104,5,4,1,337,276,61,69.1,60.5,48.08,38.46,9.62,25923.08,64,64,0,0,0,0,0,267,0,0,Benign,None,Benign,0
1344,UE_3,udp,127.5,-42.16,50.99,4.671,4.671,251,126,125,42078,20903,21175,165.9,169.4,53.74,26.97,26.76,72066.8,64,64,0,0,0,0,0,452,0,0,Benign,None,Benign,0
3231,UE_7,tcp,413,-58.9,33.86,0.0643,0.0643,881,881,0,35240,35240,0,40,0,13701.4,13701.4,0,4384447.9,128,0,1024,0,0,0,0,0,881,100,SYNFlood,Hping3,Malicious,1
4672,UE_10,tcp,440.7,-54.12,39.55,35.31,35.31,26,17,9,884,524,360,30.8,40,0.74,0.48,0.25,200.28,64,64,512,16384,0.2256,0.1354,0.0902,128,0,0,SlowrateDoS,Slowloris,Malicious,1
4210,UE_9,tcp,409.2,-55.41,38.14,0.0027,0.0027,1,1,0,44,44,0,44,0,370.37,370.37,0,130370.37,51,0,1024,0,0,0,0,0,1,100,SYNScan,Nmap,Malicious,1
2591,UE_6,tcp,321,-51.66,39.26,1.477,1.477,48,19,29,19740,7632,12108,401.7,417.5,32.5,12.86,19.63,106919.43,64,64,65535,65535,0.0238,0.0119,0.0119,325,0,0,Benign,None,Benign,0
2507,UE_6,tcp,321,-51.23,39.32,2.497,2.497,46,19,27,21311,7927,13384,417.2,495.7,18.42,7.61,10.81,68277.13,64,64,65535,65535,0.0325,0.0163,0.0163,475,0,0,Benign,None,Benign,0
4411,UE_9,tcp,409.2,-55.31,38.84,0.0056,0.0056,1,1,0,44,44,0,44,0,178.57,178.57,0,62857.14,48,0,1024,0,0,0,0,0,1,100,SYNScan,Nmap,Malicious,1
1222,UE_3,udp,127.5,-42.24,52,3.319,3.319,178,91,87,30932,16307,14625,179.2,168.1,53.63,27.42,26.21,74557.4,64,64,0,0,0,0,0,460,0,0,Benign,None,Benign,0
2067,UE_5,tcp,309,-53.46,39.91,11.63,11.63,675,93,582,855672,5952,849720,64,1460,58.04,8,50.04,588596.39,64,64,262144,262144,0.0266,0.0133,0.0133,391,0,0,Benign,None,Benign,0
510,UE_2,tcp,235.5,-51.79,40.67,7.465,7.465,400,77,323,442983,6545,436438,85,1351.2,53.58,10.31,43.27,474730.61,64,64,131072,131072,0.0253,0.0127,0.0127,360,0,0,Benign,None,Benign,0
748,UE_2,tcp,235.5,-52.78,40.96,8.312,8.312,318,47,271,343221,4498,338723,95.7,1249.9,38.26,5.65,32.6,330337.82,64,64,131072,131072,0.0112,0.0056,0.0056,451,1,0.05,Benign,None,Benign,0
3245,UE_7,tcp,413,-59.54,34.42,0.0308,0.0308,510,510,0,20400,20400,0,40,0,16558.44,16558.44,0,5298701.3,128,0,1024,0,0,0,0,0,510,100,SYNFlood,Hping3,Malicious,1
3148,UE_7,tcp,413,-59.5,33.99,0.0263,0.0263,293,293,0,11720,11720,0,40,0,11140.68,11140.68,0,3565019.01,128,0,1024,0,0,0,0,0,293,100,SYNFlood,Hping3,Malicious,1
2239,UE_5,tcp,309,-54.03,39.57,5.037,5.037,531,86,445,655204,5504,649700,64,1460,105.42,17.07,88.35,1040625.77,64,64,262144,262144,0.0226,0.0113,0.0113,201,0,0,Benign,None,Benign,0
3427,UE_7,tcp,413,-59.69,34.71,0.0886,0.0886,820,820,0,32800,32800,0,40,0,9255.08,9255.08,0,2961625.28,128,0,1024,0,0,0,0,0,820,100,SYNFlood,Hping3,Malicious,1
4645,UE_10,tcp,440.7,-53.64,39.85,28.51,28.51,22,14,8,837,517,320,36.9,40,0.77,0.49,0.28,234.86,64,64,512,16384,0.12,0.072,0.048,128,0,0,SlowrateDoS,Slowloris,Malicious,1
2138,UE_5,tcp,309,-52.07,39.95,7.239,7.239,395,53,342,502712,3392,499320,64,1460,54.57,7.32,47.24,555559.61,64,64,262144,262144,0.02,0.01,0.01,442,0,0,Benign,None,Benign,0
1170,UE_3,udp,127.5,-42,50.5,2.925,2.925,273,134,139,46893,23597,23296,176.1,167.6,93.33,45.81,47.52,128254.36,64,64,0,0,0,0,0,210,0,0,Benign,None,Benign,0
4830,UE_10,tcp,440.7,-54.86,39.5,59.29,59.29,30,19,11,909,469,440,24.7,40,0.51,0.32,0.19,122.65,64,64,512,16384,0.2031,0.1219,0.0812,128,0,0,SlowrateDoS,Slowloris,Malicious,1
246,UE_1,tcp,146.1,-45.37,48.24,3.954,3.954,60,25,35,36021,4465,31556,178.6,901.6,15.17,6.32,8.85,72880.12,64,64,65535,65535,0.0379,0.019,0.019,505,0,0,Benign,None,Benign,0
2895,UE_6,tcp,321,-52.52,39.82,2.885,2.885,50,29,21,20136,10295,9841,355,468.6,17.33,10.05,7.28,55836.4,64,64,65535,65535,0.0422,0.0211,0.0211,299,0,0,Benign,None,Benign,0
2148,UE_5,tcp,309,-53.7,40.2,10.173,10.173,491,62,429,630308,3968,626340,64,1460,48.27,6.09,42.17,495671.29,64,64,262144,262144,0.0201,0.0101,0.0101,143,0,0,Benign,None,Benign,0
2152,UE_5,tcp,309,-53.22,39.92,8.512,8.512,988,99,889,1304276,6336,1297940,64,1460,116.07,11.63,104.44,1225823.31,64,64,262144,262144,0.0162,0.0081,0.0081,419,0,0,Benign,None,Benign,0
2706,UE_6,tcp,321,-51.6,40.29,1.981,1.981,58,32,26,23452,12966,10486,405.2,403.3,29.28,16.15,13.12,94707.72,64,64,65535,65535,0.0319,0.016,0.016,435,0,0,Benign,None,Benign,0
1856,UE_4,udp,116.4,-40.61,51.78,0.092,0.092,4,3,1,280,218,62,72.6,62.1,43.48,32.61,10.87,24347.83,64,64,0,0,0,0,0,496,0,0,Benign,None,Benign,0
866,UE_2,tcp,235.5,-51.64,41.18,9.067,9.067,299,55,244,312813,6056,306757,110.1,1257.2,32.98,6.07,26.91,276001.32,64,64,131072,131072,0.0178,0.0089,0.0089,330,1,0.05,Benign,None,Benign,0
4537,UE_10,tcp,440.7,-54.68,39.75,39.65,39.65,24,19,5,791,591,200,31.1,40,0.61,0.48,0.13,159.6,64,64,512,16384,0.0866,0.052,0.0346,128,0,0,SlowrateDoS,Slowloris,Malicious,1
3423,UE_7,tcp,413,-59.47,33.96,0.0427,0.0427,301,301,0,12040,12040,0,40,0,7049.18,7049.18,0,2255737.7,128,0,1024,0,0,0,0,0,301,100,SYNFlood,Hping3,Malicious,1
2415,UE_5,tcp,309,-52.65,40.03,9.533,9.533,747,99,648,952416,6336,946080,64,1460,78.36,10.38,67.97,799258.16,64,64,262144,262144,0.0243,0.0122,0.0122,233,1,0.05,Benign,None,Benign,0
1380,UE_3,udp,127.5,-41.11,50.32,2.13,2.13,228,116,112,36877,18688,18189,161.1,162.4,107.04,54.46,52.58,138505.16,64,64,0,0,0,0,0,270,1,0.05,Benign,None,Benign,0
1953,UE_4,udp,116.4,-39.86,52.34,0.072,0.072,4,3,1,291,237,54,79,53.7,55.56,41.67,13.89,32333.33,64,64,0,0,0,0,0,163,0,0,Benign,None,Benign,0
4965,UE_10,tcp,440.7,-53.13,39.79,26.87,26.87,18,11,7,716,436,280,39.6,40,0.67,0.41,0.26,213.17,64,64,512,16384,0.0805,0.0483,0.0322,128,0,0,SlowrateDoS,Slowloris,Malicious,1
4600,UE_10,tcp,440.7,-54.62,39.05,41.76,41.76,19,12,7,593,313,280,26.1,40,0.45,0.29,0.17,113.6,64,64,512,16384,0.217,0.1302,0.0868,128,0,0,SlowrateDoS,Slowloris,Malicious,1
1305,UE_3,udp,127.5,-41.99,50.59,4.056,4.056,285,144,141,47874,25243,22631,175.3,160.5,70.27,35.5,34.76,94426.04,64,64,0,0,0,0,0,340,0,0,Benign,None,Benign,0
231,UE_1,tcp,146.1,-44.18,47.59,1.976,1.976,50,13,37,33840,2926,30914,225.1,835.5,25.3,6.58,18.72,137004.05,64,64,65535,65535,0.0174,0.0087,0.0087,275,0,0,Benign,None,Benign,0
1502,UE_4,udp,116.4,-40.04,51.79,0.104,0.104,6,4,2,472,356,116,88.9,58.1,57.69,38.46,19.23,36307.69,64,64,0,0,0,0,0,225,0,0,Benign,None,Benign,0
1392,UE_3,udp,127.5,-42.98,50.35,2.142,2.142,185,92,93,31843,16358,15485,177.8,166.5,86.37,42.95,43.42,118928.1,64,64,0,0,0,0,0,273,1,0.05,Benign,None,Benign,0
252,UE_1,tcp,146.1,-44.95,48.28,2.128,2.128,45,11,34,42711,1772,40939,161.1,1204.1,21.15,5.17,15.98,160567.67,64,64,65535,65535,0.0434,0.0217,0.0217,157,0,0,Benign,None,Benign,0
3953,UE_8,udp,403.8,-52.36,41.1,0.558,0.558,973,973,0,630601,630601,0,648.1,0,1743.73,1743.73,0,9040874.55,64,0,0,0,0,0,0,0,778,80,UDPFlood,Hping3,Malicious,1
4701,UE_10,tcp,440.7,-54.32,39.23,58.88,58.88,29,17,12,1150,670,480,39.4,40,0.49,0.29,0.2,156.25,64,64,512,16384,0.125,0.075,0.05,128,0,0,SlowrateDoS,Slowloris,Malicious,1
2641,UE_6,tcp,321,-50.95,40.4,2.726,2.726,64,35,29,25927,13962,11965,398.9,412.6,23.48,12.84,10.64,76088.04,64,64,65535,65535,0.0248,0.0124,0.0124,135,0,0,Benign,None,Benign,0
4950,UE_10,tcp,440.7,-54.82,39.12,61.59,61.59,12,8,4,471,311,160,38.9,40,0.19,0.13,0.06,61.18,64,64,512,16384,0.0961,0.0577,0.0384,128,0,0,SlowrateDoS,Slowloris,Malicious,1
2316,UE_5,tcp,309,-53.61,40.86,6.417,6.417,809,49,760,1112736,3136,1109600,64,1460,126.07,7.64,118.44,1387235.16,64,64,262144,262144,0.0129,0.0065,0.0065,417,0,0,Benign,None,Benign,0
2133,UE_5,tcp,309,-52.77,40.87,5.343,5.343,484,51,433,635444,3264,632180,64,1460,90.59,9.55,81.04,951441.51,64,64,262144,262144,0.0226,0.0113,0.0113,502,0,0,Benign,None,Benign,0
3209,UE_7,tcp,413,-59.05,33.14,0.0222,0.0222,762,762,0,30480,30480,0,40,0,34324.32,34324.32,0,10983783.78,128,0,1024,0,0,0,0,0,762,100,SYNFlood,Hping3,Malicious,1
195,UE_1,tcp,146.1,-44.82,48.35,1.537,1.537,76,21,55,54039,4918,49121,234.2,893.1,49.45,13.66,35.78,281270.01,64,64,65535,65535,0.0391,0.0196,0.0196,243,1,0.05,Benign,None,Benign,0
3330,UE_7,tcp,413,-60.48,34.19,0.0779,0.0779,242,242,0,9680,9680,0,40,0,3106.55,3106.55,0,994094.99,128,0,1024,0,0,0,0,0,242,100,SYNFlood,Hping3,Malicious,1
3104,UE_7,tcp,413,-60.01,34.3,0.0723,0.0723,588,588,0,23520,23520,0,40,0,8132.78,8132.78,0,2602489.63,128,0,1024,0,0,0,0,0,588,100,SYNFlood,Hping3,Malicious,1
1278,UE_3,udp,127.5,-42.21,50.86,1.505,1.505,265,130,135,46577,22763,23814,175.1,176.4,176.08,86.38,89.7,247585.38,64,64,0,0,0,0,0,336,0,0,Benign,None,Benign,0
998,UE_2,tcp,235.5,-53.16,42.5,6.465,6.465,404,68,336,409339,6072,403267,89.3,1200.2,62.49,10.52,51.97,506529.31,64,64,131072,131072,0.0251,0.0126,0.0126,182,0,0,Benign,None,Benign,0
3221,UE_7,tcp,413,-59.71,34.92,0.0754,0.0754,541,541,0,21640,21640,0,40,0,7175.07,7175.07,0,2296021.22,128,0,1024,0,0,0,0,0,541,100,SYNFlood,Hping3,Malicious,1
1648,UE_4,udp,116.4,-40,52.16,0.214,0.214,6,4,2,479,375,104,93.7,51.8,28.04,18.69,9.35,17906.54,64,64,0,0,0,0,0,229,0,0,Benign,None,Benign,0
2629,UE_6,tcp,321,-51.08,39.96,1.919,1.919,55,19,36,22210,6770,15440,356.3,428.9,28.66,9.9,18.76,92589.89,64,64,65535,65535,0.0317,0.0159,0.0159,210,0,0,Benign,None,Benign,0
4126,UE_9,tcp,409.2,-54.77,38.57,0.006,0.006,1,1,0,44,44,0,44,0,166.67,166.67,0,58666.67,51,0,1024,0,0,0,0,0,1,100,SYNScan,Nmap,Malicious,1
3278,UE_7,tcp,413,-59.56,34.05,0.0529,0.0529,209,209,0,8360,8360,0,40,0,3950.85,3950.85,0,1264272.21,128,0,1024,0,0,0,0,0,209,100,SYNFlood,Hping3,Malicious,1
4766,UE_10,tcp,440.7,-53.95,38.17,41.38,41.38,24,14,10,936,536,400,38.3,40,0.58,0.34,0.24,180.96,64,64,512,16384,0.1306,0.0784,0.0522,128,0,0,SlowrateDoS,Slowloris,Malicious,1
2100,UE_5,tcp,309,-53.41,40.21,6.548,6.548,815,75,740,1085200,4800,1080400,64,1460,124.47,11.45,113.01,1325839.95,64,64,262144,262144,0.0129,0.0065,0.0065,475,0,0,Benign,None,Benign,0
907,UE_2,tcp,235.5,-52.8,41.87,7.678,7.678,301,78,223,306358,8564,297794,109.8,1335.4,39.2,10.16,29.04,319206.04,64,64,131072,131072,0.0154,0.0077,0.0077,288,0,0,Benign,None,Benign,0
4236,UE_9,tcp,409.2,-54.33,38.86,0.0019,0.0019,1,1,0,44,44,0,44,0,526.32,526.32,0,185263.16,53,0,1024,0,0,0,0,0,1,100,SYNScan,Nmap,Malicious,1
1359,UE_3,udp,127.5,-41.97,51.84,2.529,2.529,189,96,93,32389,16579,15810,172.7,170,74.73,37.96,36.77,102456.31,64,64,0,0,0,0,0,486,0,0,Benign,None,Benign,0
2945,UE_6,tcp,321,-51.84,40.16,1.362,1.362,42,15,27,24785,6600,18185,440,673.5,30.84,11.01,19.82,145580.03,64,64,65535,65535,0.0223,0.0112,0.0112,497,0,0,Benign,None,Benign,0
449,UE_1,tcp,146.1,-44.22,48.98,4.152,4.152,51,24,27,28527,4246,24281,176.9,899.3,12.28,5.78,6.5,54965.32,64,64,65535,65535,0.0224,0.0112,0.0112,293,1,0.05,Benign,None,Benign,0
278,UE_1,tcp,146.1,-44.44,48.56,3.166,3.166,57,14,43,48305,3181,45124,227.2,1049.4,18,4.42,13.58,122059.38,64,64,65535,65535,0.0154,0.0077,0.0077,223,0,0,Benign,None,Benign,0
2777,UE_6,tcp,321,-51.72,40.08,2.367,2.367,92,45,47,45232,18837,26395,418.6,561.6,38.87,19.01,19.86,152875.37,64,64,65535,65535,0.045,0.0225,0.0225,188,0,0,Benign,None,Benign,0
544,UE_2,tcp,235.5,-53.56,40.86,8.13,8.13,439,45,394,522635,4131,518504,91.8,1316,54,5.54,48.46,514277.98,64,64,131072,131072,0.0245,0.0123,0.0123,254,1,0.05,Benign,None,Benign,0
2906,UE_6,tcp,321,-51.96,39.92,2.277,2.277,59,37,22,23132,11267,11865,304.5,539.3,25.91,16.25,9.66,81271.85,64,64,65535,65535,0.0398,0.0199,0.0199,482,0,0,Benign,None,Benign,0
1540,UE_4,udp,116.4,-41.26,51.11,0.25,0.25,2,1,1,132,79,53,78.5,52.8,8,4,4,4224,64,64,0,0,0,0,0,260,0,0,Benign,None,Benign,0
54,UE_1,tcp,146.1,-44.35,49.1,0.615,0.615,74,29,45,47185,6392,40793,220.4,906.5,120.33,47.15,73.17,613788.62,64,64,65535,65535,0.0191,0.0096,0.0096,283,0,0,Benign,None,Benign,0
2001,UE_5,tcp,309,-52.77,39.12,12.797,12.797,748,90,658,966440,5760,960680,64,1460,58.45,7.03,51.42,604166.6,64,64,262144,262144,0.0259,0.013,0.013,140,0,0,Benign,None,Benign,0
912,UE_2,tcp,235.5,-52.92,40.47,6.505,6.505,309,30,279,345947,2889,343058,96.3,1229.6,47.5,4.61,42.89,425453.65,64,64,131072,131072,0.0235,0.0118,0.0118,217,1,0.05,Benign,None,Benign,0
1955,UE_4,udp,116.4,-40.62,52.85,0.059,0.059,3,2,1,244,180,64,90.1,63.5,50.85,33.9,16.95,33084.75,64,64,0,0,0,0,0,254,1,0.05,Benign,None,Benign,0
1262,UE_3,udp,127.5,-41.75,51.69,3.811,3.811,155,75,80,26056,12728,13328,169.7,166.6,40.67,19.68,20.99,54696.41,64,64,0,0,0,0,0,146,1,0.05,Benign,None,Benign,0
4140,UE_9,tcp,409.2,-55.95,38.46,0.0044,0.0044,1,1,0,44,44,0,44,0,227.27,227.27,0,80000,54,0,1024,0,0,0,0,0,1,100,SYNScan,Nmap,Malicious,1
3206,UE_7,tcp,413,-59.68,34.74,0.0568,0.0568,254,254,0,10160,10160,0,40,0,4471.83,4471.83,0,1430985.92,128,0,1024,0,0,0,0,0,254,100,SYNFlood,Hping3,Malicious,1
3846,UE_8,udp,403.8,-52.82,40.88,0.567,0.567,1190,1190,0,722449,722449,0,607.1,0,2098.77,2098.77,0,10193283.95,64,0,0,0,0,0,0,0,952,80,UDPFlood,Hping3,Malicious,1
2035,UE_5,tcp,309,-52.77,40.69,10.691,10.691,584,61,523,767484,3904,763580,64,1460,54.63,5.71,48.92,574302.87,64,64,262144,262144,0.0229,0.0115,0.0115,357,1,0.05,Benign,None,Benign,0
1768,UE_4,udp,116.4,-40.68,52.72,0.209,0.209,4,3,1,284,220,64,73.3,63.5,19.14,14.35,4.78,10870.81,64,64,0,0,0,0,0,403,1,0.05,Benign,None,Benign,0
4116,UE_9,tcp,409.2,-54.64,39.24,0.0026,0.0026,1,1,0,44,44,0,44,0,384.62,384.62,0,135384.62,47,0,1024,0,0,0,0,0,1,100,SYNScan,Nmap,Malicious,1
4473,UE_9,tcp,409.2,-55.68,39.16,0.0031,0.0031,1,1,0,44,44,0,44,0,322.58,322.58,0,113548.39,60,0,1024,0,0,0,0,0,1,100,SYNScan,Nmap,Malicious,1
1457,UE_3,udp,127.5,-42.68,51.19,1.348,1.348,133,65,68,22991,11343,11648,174.5,171.3,98.66,48.22,50.45,136445.1,64,64,0,0,0,0,0,441,0,0,Benign,None,Benign,0
2620,UE_6,tcp,321,-51.35,38.96,2.391,2.391,67,39,28,32609,17710,14899,454.1,532.1,28.02,16.31,11.71,109105.81,64,64,65535,65535,0.0368,0.0184,0.0184,299,0,0,Benign,None,Benign,0
3792,UE_8,udp,403.8,-51.95,39.53,0.527,0.527,652,652,0,634461,634461,0,973.1,0,1237.19,1237.19,0,9631286.53,64,0,0,0,0,0,0,0,522,80,UDPFlood,Hping3,Malicious,1
2843,UE_6,tcp,321,-52.11,40.12,1.611,1.611,72,38,34,32185,16997,15188,447.3,446.7,44.69,23.59,21.1,159826.19,64,64,65535,65535,0.0267,0.0134,0.0134,197,1,0.05,Benign,None,Benign,0
1108,UE_3,udp,127.5,-42.4,51.49,4.478,4.478,288,143,145,49212,23938,25274,167.4,174.3,64.31,31.93,32.38,87917.82,64,64,0,0,0,0,0,426,0,0,Benign,None,Benign,0
2203,UE_5,tcp,309,-52.65,40.65,7.033,7.033,906,68,838,1227832,4352,1223480,64,1460,128.82,9.67,119.15,1396652.35,64,64,262144,262144,0.0204,0.0102,0.0102,248,0,0,Benign,None,Benign,0
1972,UE_4,udp,116.4,-40.5,51.95,0.245,0.245,3,2,1,203,146,57,72.8,57.3,12.24,8.16,4.08,6628.57,64,64,0,0,0,0,0,429,0,0,Benign,None,Benign,0
2188,UE_5,tcp,309,-53.31,39.53,12.492,12.492,886,97,789,1158148,6208,1151940,64,1460,70.93,7.76,63.16,741689.4,64,64,262144,262144,0.0223,0.0112,0.0112,486,1,0.05,Benign,None,Benign,0
2329,UE_5,tcp,309,-53,39.58,12.975,12.975,629,87,542,796888,5568,791320,64,1460,48.48,6.71,41.77,491337.5,64,64,262144,262144,0.0194,0.0097,0.0097,357,1,0.05,Benign,None,Benign,0
2643,UE_6,tcp,321,-50.77,40.99,1.477,1.477,60,27,33,33550,11443,22107,423.8,669.9,40.62,18.28,22.34,181719.7,64,64,65535,65535,0.0283,0.0142,0.0142,213,0,0,Benign,None,Benign,0
1846,UE_4,udp,116.4,-39.59,52.25,0.119,0.119,3,2,1,229,167,62,83.5,62.4,25.21,16.81,8.4,15394.96,64,64,0,0,0,0,0,239,0,0,Benign,None,Benign,0
2989,UE_6,tcp,321,-51.46,40.85,1.825,1.825,77,37,40,30598,11174,19424,302,485.6,42.19,20.27,21.92,134128.22,64,64,65535,65535,0.0247,0.0124,0.0124,136,1,0.05,Benign,None,Benign,0
4524,UE_10,tcp,440.7,-53.92,40.09,49,49,26,20,6,848,608,240,30.4,40,0.53,0.41,0.12,138.45,64,64,512,16384,0.1557,0.0934,0.0623,128,0,0,SlowrateDoS,Slowloris,Malicious,1
531,UE_2,tcp,235.5,-51.26,41.04,5.6,5.6,435,65,370,479463,7787,471676,119.8,1274.8,77.68,11.61,66.07,684947.14,64,64,131072,131072,0.0208,0.0104,0.0104,133,0,0,Benign,None,Benign,0
4912,UE_10,tcp,440.7,-54.18,38.74,31.92,31.92,17,8,9,632,272,360,34,40,0.53,0.25,0.28,158.4,64,64,512,16384,0.2174,0.1304,0.087,128,0,0,SlowrateDoS,Slowloris,Malicious,1
4215,UE_9,tcp,409.2,-55.38,38.31,0.0054,0.0054,2,1,1,84,44,40,44,40,370.37,185.19,185.19,124444.44,49,55,1024,0,0.008,0,0,0,0,0,SYNScan,Nmap,Malicious,1
2309,UE_5,tcp,309,-52.31,40.15,11.376,11.376,858,69,789,1156356,4416,1151940,64,1460,75.42,6.07,69.36,813189.87,64,64,262144,262144,0.0167,0.0084,0.0084,157,0,0,Benign,None,Benign,0
590,UE_2,tcp,235.5,-53.23,40.33,4.733,4.733,199,47,152,220057,5038,215019,107.2,1414.6,42.05,9.93,32.11,371953.52,64,64,131072,131072,0.0129,0.0065,0.0065,466,1,0.05,Benign,None,Benign,0
251,UE_1,tcp,146.1,-44.67,48.9,3.514,3.514,76,29,47,64052,6571,57481,226.6,1223,21.63,8.25,13.38,145821.29,64,64,65535,65535,0.0334,0.0167,0.0167,413,0,0,Benign,None,Benign,0
3896,UE_8,udp,403.8,-52.24,41.13,0.306,0.306,936,936,0,725494,725494,0,775.1,0,3058.82,3058.82,0,18967163.4,64,0,0,0,0,0,0,0,749,80,UDPFlood,Hping3,Malicious,1
4179,UE_9,tcp,409.2,-55.41,38.25,0.0031,0.0031,1,1,0,44,44,0,44,0,322.58,322.58,0,113548.39,45,0,1024,0,0,0,0,0,1,100,SYNScan,Nmap,Malicious,1
4713,UE_10,tcp,440.7,-54,38.59,63.32,63.32,25,19,6,941,701,240,36.9,40,0.39,0.3,0.09,118.89,64,64,512,16384,0.1414,0.0848,0.0566,128,0,0,SlowrateDoS,Slowloris,Malicious,1
1255,UE_3,udp,127.5,-41.29,51.01,1.251,1.251,179,90,89,30773,14913,15860,165.7,178.2,143.09,71.94,71.14,196789.77,64,64,0,0,0,0,0,236,1,0.05,Benign,None,Benign,0
2080,UE_5,tcp,309,-52.98,40.04,12.751,12.751,569,94,475,699516,6016,693500,64,1460,44.62,7.37,37.25,438877.58,64,64,262144,262144,0.0169,0.0085,0.0085,249,1,0.05,Benign,None,Benign,0
3477,UE_7,tcp,413,-59.85,33.94,0.0661,0.0661,408,408,0,16320,16320,0,40,0,6172.47,6172.47,0,1975189.11,128,0,1024,0,0,0,0,0,408,100,SYNFlood,Hping3,Malicious,1
2787,UE_6,tcp,321,-51.66,39.67,2.187,2.187,63,36,27,32672,14490,18182,402.5,673.4,28.81,16.46,12.35,119513.49,64,64,65535,65535,0.0328,0.0164,0.0164,451,0,0,Benign,None,Benign,0
2492,UE_5,tcp,309,-52.5,39.86,8.929,8.929,750,86,664,974944,5504,969440,64,1460,84,9.63,74.36,873507.9,64,64,262144,262144,0.0212,0.0106,0.0106,407,0,0,Benign,None,Benign,0
938,UE_2,tcp,235.5,-52.1,40.71,3.369,3.369,256,35,221,295870,3332,292538,95.2,1323.7,75.99,10.39,65.6,702570.5,64,64,131072,131072,0.0109,0.0055,0.0055,128,1,0.05,Benign,None,Benign,0
822,UE_2,tcp,235.5,-52.31,41,5.38,5.38,207,50,157,232917,4670,228247,93.4,1453.8,38.48,9.29,29.18,346344.98,64,64,131072,131072,0.0275,0.0138,0.0138,413,0,0,Benign,None,Benign,0
398,UE_1,tcp,146.1,-43.96,47.96,4.044,4.044,65,33,32,37891,5709,32182,173,1005.7,16.07,8.16,7.91,74957.47,64,64,65535,65535,0.0222,0.0111,0.0111,374,0,0,Benign,None,Benign,0
2839,UE_6,tcp,321,-50.99,39.79,3.13,3.13,51,22,29,27870,9887,17983,449.4,620.1,16.29,7.03,9.27,71233.23,64,64,65535,65535,0.0428,0.0214,0.0214,164,0,0,Benign,None,Benign,0
2567,UE_6,tcp,321,-50.95,39.86,1.354,1.354,62,27,35,32762,10838,21924,401.4,626.4,45.79,19.94,25.85,193571.64,64,64,65535,65535,0.0247,0.0124,0.0124,184,0,0,Benign,None,Benign,0
4170,UE_9,tcp,409.2,-55.17,39.74,0.0014,0.0014,1,1,0,44,44,0,44,0,714.29,714.29,0,251428.57,47,0,1024,0,0,0,0,0,1,100,SYNScan,Nmap,Malicious,1
4708,UE_10,tcp,440.7,-53.96,39.62,35.04,35.04,25,16,9,965,605,360,37.8,40,0.71,0.46,0.26,220.32,64,64,512,16384,0.1445,0.0867,0.0578,128,0,0,SlowrateDoS,Slowloris,Malicious,1
3471,UE_7,tcp,413,-60,34.81,0.0676,0.0676,979,979,0,39160,39160,0,40,0,14482.25,14482.25,0,4634319.53,128,0,1024,0,0,0,0,0,979,100,SYNFlood,Hping3,Malicious,1
2984,UE_6,tcp,321,-51.49,40.33,1.321,1.321,72,26,46,38506,8923,29583,343.2,643.1,54.5,19.68,34.82,233193.04,64,64,65535,65535,0.0271,0.0136,0.0136,247,0,0,Benign,None,Benign,0
3609,UE_8,udp,403.8,-51.99,40.11,0.364,0.364,2060,2060,0,1314898,1314898,0,638.3,0,5659.34,5659.34,0,28898857.14,64,0,0,0,0,0,0,0,1648,80,UDPFlood,Hping3,Malicious,1
4773,UE_10,tcp,440.7,-53.61,38.75,31.43,31.43,26,19,7,869,589,280,31,40,0.83,0.6,0.22,221.19,64,64,512,16384,0.1131,0.0679,0.0452,128,0,0,SlowrateDoS,Slowloris,Malicious,1
4092,UE_9,tcp,409.2,-54.7,38.57,0.0056,0.0056,1,1,0,44,44,0,44,0,178.57,178.57,0,62857.14,50,0,1024,0,0,0,0,0,1,100,SYNScan,Nmap,Malicious,1
352,UE_1,tcp,146.1,-44.12,47.76,1.076,1.076,57,26,31,31243,5169,26074,198.8,841.1,52.97,24.16,28.81,232289.96,64,64,65535,65535,0.0288,0.0144,0.0144,351,0,0,Benign,None,Benign,0
1548,UE_4,udp,116.4,-40.44,52.39,0.191,0.191,3,1,2,196,73,123,72.7,61.3,15.71,5.24,10.47,8209.42,64,64,0,0,0,0,0,454,0,0,Benign,None,Benign,0
3200,UE_7,tcp,413,-59.58,33.47,0.099,0.099,444,444,0,17760,17760,0,40,0,4484.85,4484.85,0,1435151.52,128,0,1024,0,0,0,0,0,444,100,SYNFlood,Hping3,Malicious,1
1364,UE_3,udp,127.5,-42.66,52.06,4.623,4.623,111,53,58,19030,9408,9622,177.5,165.9,24.01,11.46,12.55,32931,64,64,0,0,0,0,0,376,0,0,Benign,None,Benign,0
863,UE_2,tcp,235.5,-52.84,41.08,3.784,3.784,317,39,278,356817,4146,352671,106.3,1268.6,83.77,10.31,73.47,754369.98,64,64,131072,131072,0.0102,0.0051,0.0051,249,0,0,Benign,None,Benign,0
1724,UE_4,udp,116.4,-40.86,52.26,0.096,0.096,3,1,2,177,75,102,74.7,50.9,31.25,10.42,20.83,14750,64,64,0,0,0,0,0,261,0,0,Benign,None,Benign,0
606,UE_2,tcp,235.5,-52.06,40.54,2.656,2.656,473,39,434,567890,4645,563245,119.1,1297.8,178.09,14.68,163.4,1710512.05,64,64,131072,131072,0.0285,0.0143,0.0143,196,0,0,Benign,None,Benign,0
2920,UE_6,tcp,321,-51.88,39.58,1.501,1.501,72,31,41,32279,13854,18425,446.9,449.4,47.97,20.65,27.32,172039.97,64,64,65535,65535,0.0388,0.0194,0.0194,226,0,0,Benign,None,Benign,0
3219,UE_7,tcp,413,-60.12,34.01,0.0754,0.0754,632,632,0,25280,25280,0,40,0,8381.96,8381.96,0,2682228.12,128,0,1024,0,0,0,0,0,632,100,SYNFlood,Hping3,Malicious,1
3593,UE_8,udp,403.8,-52.69,40.88,0.375,0.375,2298,2298,0,2212974,2212974,0,963,0,6128,6128,0,47210112,64,0,0,0,0,0,0,0,1838,80,UDPFlood,Hping3,Malicious,1
994,UE_2,tcp,235.5,-53.06,40.71,6.858,6.858,464,54,410,565024,4390,560634,81.3,1367.4,67.66,7.87,59.78,659112.28,64,64,131072,131072,0.0253,0.0127,0.0127,256,0,0,Benign,None,Benign,0
1388,UE_3,udp,127.5,-40.77,51.69,5.668,5.668,206,103,103,35216,18087,17129,175.6,166.3,36.34,18.17,18.17,49705.01,64,64,0,0,0,0,0,183,0,0,Benign,None,Benign,0
2296,UE_5,tcp,309,-52.74,39.27,12.049,12.049,437,59,378,555656,3776,551880,64,1460,36.27,4.9,31.37,368930.87,64,64,262144,262144,0.0244,0.0122,0.0122,484,0,0,Benign,None,Benign,0
2698,UE_6,tcp,321,-51.62,39.8,2.877,2.877,90,43,47,48658,17394,31264,404.5,665.2,31.28,14.95,16.34,135302.05,64,64,65535,65535,0.043,0.0215,0.0215,273,0,0,Benign,None,Benign,0
1594,UE_4,udp,116.4,-41.21,53.14,0.246,0.246,5,3,2,333,235,98,78.3,49,20.33,12.2,8.13,10829.27,64,64,0,0,0,0,0,237,0,0,Benign,None,Benign,0
450,UE_1,tcp,146.1,-44.67,48.39,2.962,2.962,35,12,23,26363,2006,24357,167.2,1059,11.82,4.05,7.77,71203.24,64,64,65535,65535,0.0214,0.0107,0.0107,354,0,0,Benign,None,Benign,0
1642,UE_4,udp,116.4,-40.98,52.9,0.163,0.163,3,1,2,218,94,124,93.6,62,18.4,6.13,12.27,10699.39,64,64,0,0,0,0,0,354,0,0,Benign,None,Benign,0
3432,UE_7,tcp,413,-60.52,34.6,0.0343,0.0343,424,424,0,16960,16960,0,40,0,12361.52,12361.52,0,3955685.13,128,0,1024,0,0,0,0,0,424,100,SYNFlood,Hping3,Malicious,1
813,UE_2,tcp,235.5,-51.9,40.23,9.489,9.489,315,56,259,343833,6434,337399,114.9,1302.7,33.2,5.9,27.29,289879.23,64,64,131072,131072,0.0167,0.0084,0.0084,185,0,0,Benign,None,Benign,0
2460,UE_5,tcp,309,-53.06,39.68,4.594,4.594,738,82,656,963008,5248,957760,64,1460,160.64,17.85,142.79,1676983.89,64,64,262144,262144,0.0232,0.0116,0.0116,323,1,0.05,Benign,None,Benign,0
2050,UE_5,tcp,309,-52.69,40.46,9.655,9.655,805,94,711,1044076,6016,1038060,64,1460,83.38,9.74,73.64,865106.99,64,64,262144,262144,0.0182,0.0091,0.0091,131,0,0,Benign,None,Benign,0
3995,UE_8,udp,403.8,-52.26,40.87,0.115,0.115,2480,2480,0,2179424,2179424,0,878.8,0,21565.22,21565.22,0,151612104.35,64,0,0,0,0,0,0,0,1984,80,UDPFlood,Hping3,Malicious,1
2066,UE_5,tcp,309,-51.88,39.32,4.462,4.462,647,58,589,863652,3712,859940,64,1460,145,13,132,1548457.19,64,64,262144,262144,0.0224,0.0112,0.0112,448,0,0,Benign,None,Benign,0
2755,UE_6,tcp,321,-51.91,39.2,2.046,2.046,79,44,35,31659,15629,16030,355.2,458,38.61,21.51,17.11,123788.86,64,64,65535,65535,0.0374,0.0187,0.0187,271,1,0.05,Benign,None,Benign,0
4723,UE_10,tcp,440.7,-54.06,39.49,56.52,56.52,27,20,7,900,620,280,31,40,0.48,0.35,0.12,127.39,64,64,512,16384,0.1807,0.1084,0.0723,128,0,0,SlowrateDoS,Slowloris,Malicious,1
4595,UE_10,tcp,440.7,-54.1,39.23,31.94,31.94,21,16,5,691,491,200,30.7,40,0.66,0.5,0.16,173.07,64,64,512,16384,0.2039,0.1223,0.0816,128,0,0,SlowrateDoS,Slowloris,Malicious,1
4275,UE_9,tcp,409.2,-55.02,38.67,0.0035,0.0035,1,1,0,44,44,0,44,0,285.71,285.71,0,100571.43,48,0,1024,0,0,0,0,0,1,100,SYNScan,Nmap,Malicious,1
1911,UE_4,udp,116.4,-40.02,52.5,0.224,0.224,4,2,2,279,160,119,80.1,59.6,17.86,8.93,8.93,9964.29,64,64,0,0,0,0,0,200,0,0,Benign,None,Benign,0
4752,UE_10,tcp,440.7,-54.18,38.92,56.42,56.42,20,8,12,778,298,480,37.3,40,0.35,0.14,0.21,110.32,64,64,512,16384,0.1806,0.1084,0.0722,128,0,0,SlowrateDoS,Slowloris,Malicious,1
657,UE_2,tcp,235.5,-52.53,41.23,5.881,5.881,453,57,396,563313,4953,558360,86.9,1410,77.03,9.69,67.34,766281.92,64,64,131072,131072,0.0239,0.012,0.012,171,0,0,Benign,None,Benign,0
2163,UE_5,tcp,309,-52.92,39.96,8.149,8.149,383,42,341,500548,2688,497860,64,1460,47,5.15,41.85,491395.75,64,64,262144,262144,0.0121,0.0061,0.0061,484,0,0,Benign,None,Benign,0
2932,UE_6,tcp,321,-52.14,40.07,2.907,2.907,71,45,26,29135,18693,10442,415.4,401.6,24.42,15.48,8.94,80178.88,64,64,65535,65535,0.0378,0.0189,0.0189,388,0,0,Benign,None,Benign,0
2493,UE_5,tcp,309,-52.59,40.2,3.863,3.863,608,61,547,802524,3904,798620,64,1460,157.39,15.79,141.6,1661970.49,64,64,262144,262144,0.0245,0.0123,0.0123,273,0,0,Benign,None,Benign,0
2703,UE_6,tcp,321,-51.69,40.02,1.45,1.45,48,16,32,28068,6794,21274,424.6,664.8,33.1,11.03,22.07,154857.93,64,64,65535,65535,0.0447,0.0224,0.0224,137,0,0,Benign,None,Benign,0
1118,UE_3,udp,127.5,-42.26,51.13,2.441,2.441,166,82,84,27756,14047,13709,171.3,163.2,68,33.59,34.41,90966,64,64,0,0,0,0,0,455,1,0.05,Benign,None,Benign,0
3468,UE_7,tcp,413,-60.88,33.21,0.0565,0.0565,266,266,0,10640,10640,0,40,0,4707.96,4707.96,0,1506548.67,128,0,1024,0,0,0,0,0,266,100,SYNFlood,Hping3,Malicious,1
4952,UE_10,tcp,440.7,-54.38,39.16,40.52,40.52,24,17,7,729,449,280,26.4,40,0.59,0.42,0.17,143.93,64,64,512,16384,0.1921,0.1153,0.0768,128,0,0,SlowrateDoS,Slowloris,Malicious,1
3667,UE_8,udp,403.8,-51.76,40.76,0.507,0.507,651,651,0,540395,540395,0,830.1,0,1284.02,1284.02,0,8526942.8,64,0,0,0,0,0,0,0,521,80,UDPFlood,Hping3,Malicious,1
4566,UE_10,tcp,440.7,-54.02,39.13,49.21,49.21,20,11,9,781,421,360,38.3,40,0.41,0.22,0.18,126.97,64,64,512,16384,0.1635,0.0981,0.0654,128,0,0,SlowrateDoS,Slowloris,Malicious,1
1226,UE_3,udp,127.5,-41.63,51.63,4.795,4.795,159,80,79,25910,13096,12814,163.7,162.2,33.16,16.68,16.48,43228.36,64,64,0,0,0,0,0,244,1,0.05,Benign,None,Benign,0
3864,UE_8,udp,403.8,-52.67,40.63,0.379,0.379,2179,2179,0,1966765,1966765,0,902.6,0,5749.34,5749.34,0,41514828.5,64,0,0,0,0,0,0,0,1743,80,UDPFlood,Hping3,Malicious,1
3269,UE_7,tcp,413,-59.63,34.85,0.0674,0.0674,327,327,0,13080,13080,0,40,0,4851.63,4851.63,0,1552522.26,128,0,1024,0,0,0,0,0,327,100,SYNFlood,Hping3,Malicious,1
1798,UE_4,udp,116.4,-40.98,52.03,0.209,0.209,4,2,2,271,168,103,84,51.7,19.14,9.57,9.57,10373.21,64,64,0,0,0,0,0,266,0,0,Benign,None,Benign,0
740,UE_2,tcp,235.5,-52.96,41.12,6.862,6.862,267,50,217,291975,4515,287460,90.3,1324.7,38.91,7.29,31.62,340396.39,64,64,131072,131072,0.0173,0.0087,0.0087,463,1,0.05,Benign,None,Benign,0
3530,UE_8,udp,403.8,-52.82,40.72,0.564,0.564,1922,1922,0,1906047,1906047,0,991.7,0,3407.8,3407.8,0,27036127.66,64,0,0,0,0,0,0,0,1538,80,UDPFlood,Hping3,Malicious,1
3329,UE_7,tcp,413,-59.35,33.78,0.082,0.082,397,397,0,15880,15880,0,40,0,4841.46,4841.46,0,1549268.29,128,0,1024,0,0,0,0,0,397,100,SYNFlood,Hping3,Malicious,1
2882,UE_6,tcp,321,-51.6,39.28,1.298,1.298,68,25,43,33376,8543,24833,341.7,577.5,52.39,19.26,33.13,205707.24,64,64,65535,65535,0.0375,0.0188,0.0188,487,1,0.05,Benign,None,Benign,0
3118,UE_7,tcp,413,-59.36,34.35,0.0999,0.0999,379,379,0,15160,15160,0,40,0,3793.79,3793.79,0,1214014.01,128,0,1024,0,0,0,0,0,379,100,SYNFlood,Hping3,Malicious,1
1853,UE_4,udp,116.4,-39.95,52.57,0.199,0.199,3,1,2,175,78,97,77.7,48.3,15.08,5.03,10.05,7035.18,64,64,0,0,0,0,0,133,0,0,Benign,None,Benign,0
1039,UE_3,udp,127.5,-41.48,51.47,3.797,3.797,135,68,67,22852,11696,11156,172,166.5,35.55,17.91,17.65,48147.48,64,64,0,0,0,0,0,159,0,0,Benign,None,Benign,0
3981,UE_8,udp,403.8,-53.03,41.5,0.266,0.266,1074,1074,0,970144,970144,0,903.3,0,4037.59,4037.59,0,29177263.16,64,0,0,0,0,0,0,0,859,80,UDPFlood,Hping3,Malicious,1
3151,UE_7,tcp,413,-59.81,33.98,0.0896,0.0896,373,373,0,14920,14920,0,40,0,4162.95,4162.95,0,1332142.86,128,0,1024,0,0,0,0,0,373,100,SYNFlood,Hping3,Malicious,1
744,UE_2,tcp,235.5,-52.68,41.04,2.581,2.581,287,73,214,294791,7796,286995,106.8,1341.1,111.2,28.28,82.91,913726.46,64,64,131072,131072,0.0267,0.0134,0.0134,459,0,0,Benign,None,Benign,0
3550,UE_8,udp,403.8,-51.37,41.21,0.46,0.46,2275,2275,0,1418008,1418008,0,623.3,0,4945.65,4945.65,0,24661008.7,64,0,0,0,0,0,0,0,1820,80,UDPFlood,Hping3,Malicious,1
612,UE_2,tcp,235.5,-52.55,40.87,3.137,3.137,370,32,338,481745,2630,479115,82.2,1417.5,117.95,10.2,107.75,1228549.57,64,64,131072,131072,0.0202,0.0101,0.0101,507,0,0,Benign,None,Benign,0
3657,UE_8,udp,403.8,-52.15,40.3,0.343,0.343,1169,1169,0,715311,715311,0,611.9,0,3408.16,3408.16,0,16683638.48,64,0,0,0,0,0,0,0,935,80,UDPFlood,Hping3,Malicious,1
4689,UE_10,tcp,440.7,-53.29,39.97,56.74,56.74,24,19,5,753,553,200,29.1,40,0.42,0.33,0.09,106.17,64,64,512,16384,0.1273,0.0764,0.0509,128,0,0,SlowrateDoS,Slowloris,Malicious,1
974,UE_2,tcp,235.5,-52.07,41.56,7.406,7.406,445,58,387,533683,6357,527326,109.6,1362.6,60.09,7.83,52.25,576487.17,64,64,131072,131072,0.0297,0.0149,0.0149,205,0,0,Benign,None,Benign,0
422,UE_1,tcp,146.1,-44.5,48.31,4.491,4.491,55,21,34,33150,3992,29158,190.1,857.6,12.25,4.68,7.57,59051.44,64,64,65535,65535,0.0415,0.0208,0.0208,190,0,0,Benign,None,Benign,0
1216,UE_3,udp,127.5,-41.6,52.04,1.363,1.363,264,134,130,43468,21628,21840,161.4,168,193.69,98.31,95.38,255131.33,64,64,0,0,0,0,0,209,0,0,Benign,None,Benign,0
4012,UE_9,tcp,409.2,-55.37,38.94,0.0027,0.0027,1,1,0,44,44,0,44,0,370.37,370.37,0,130370.37,59,0,1024,0,0,0,0,0,1,100,SYNScan,Nmap,Malicious,1
2647,UE_6,tcp,321,-51.43,39.82,1.494,1.494,70,31,39,35716,13268,22448,428,575.6,46.85,20.75,26.1,191250.33,64,64,65535,65535,0.0244,0.0122,0.0122,493,0,0,Benign,None,Benign,0
38,UE_1,tcp,146.1,-43.93,47.92,2.216,2.216,79,29,50,67214,4649,62565,160.3,1251.3,35.65,13.09,22.56,242649.82,64,64,65535,65535,0.0302,0.0151,0.0151,486,1,0.05,Benign,None,Benign,0
4836,UE_10,tcp,440.7,-54.14,39.14,51.41,51.41,16,8,8,603,283,320,35.4,40,0.31,0.16,0.16,93.83,64,64,512,16384,0.1445,0.0867,0.0578,128,0,0,SlowrateDoS,Slowloris,Malicious,1
4001,UE_9,tcp,409.2,-55.69,38.27,0.0048,0.0048,1,1,0,44,44,0,44,0,208.33,208.33,0,73333.33,45,0,1024,0,0,0,0,0,1,100,SYNScan,Nmap,Malicious,1
1928,UE_4,udp,116.4,-40.16,51.31,0.144,0.144,3,2,1,238,180,58,89.8,57.9,20.83,13.89,6.94,13222.22,64,64,0,0,0,0,0,214,0,0,Benign,None,Benign,0
2636,UE_6,tcp,321,-50.84,39.88,3.032,3.032,81,35,46,37330,17196,20134,491.3,437.7,26.72,11.54,15.17,98496.04,64,64,65535,65535,0.0224,0.0112,0.0112,394,0,0,Benign,None,Benign,0
3900,UE_8,udp,403.8,-51.9,40.55,0.536,0.536,1533,1533,0,1016686,1016686,0,663.2,0,2860.07,2860.07,0,15174417.91,64,0,0,0,0,0,0,0,1226,80,UDPFlood,Hping3,Malicious,1
505,UE_2,tcp,235.5,-52.87,40.97,6.614,6.614,196,36,160,229660,2956,226704,82.1,1416.9,29.63,5.44,24.19,277786.51,64,64,131072,131072,0.0124,0.0062,0.0062,423,0,0,Benign,None,Benign,0
2444,UE_5,tcp,309,-53.65,39.82,10.874,10.874,842,93,749,1099492,5952,1093540,64,1460,77.43,8.55,68.88,808896.08,64,64,262144,262144,0.0254,0.0127,0.0127,421,1,0.05,Benign,None,Benign,0
4638,UE_10,tcp,440.7,-54.13,38.98,52.01,52.01,19,13,6,581,341,240,26.2,40,0.37,0.25,0.12,89.37,64,64,512,16384,0.1671,0.1003,0.0668,128,0,0,SlowrateDoS,Slowloris,Malicious,1
755,UE_2,tcp,235.5,-51.48,40.55,6.998,6.998,260,47,213,269853,4348,265505,92.5,1246.5,37.15,6.72,30.44,308491.57,64,64,131072,131072,0.028,0.014,0.014,386,0,0,Benign,None,Benign,0
1725,UE_4,udp,116.4,-40.76,51.36,0.213,0.213,4,2,2,273,159,114,79.5,57.2,18.78,9.39,9.39,10253.52,64,64,0,0,0,0,0,493,0,0,Benign,None,Benign,0
4490,UE_9,tcp,409.2,-55.24,38.94,0.0013,0.0013,1,1,0,44,44,0,44,0,769.23,769.23,0,270769.23,51,0,1024,0,0,0,0,0,1,100,SYNScan,Nmap,Malicious,1
1010,UE_3,udp,127.5,-41.64,50.82,4.978,4.978,181,92,89,30985,15143,15842,164.6,178,36.36,18.48,17.88,49795.1,64,64,0,0,0,0,0,235,0,0,Benign,None,Benign,0
3790,UE_8,udp,403.8,-52.43,41.03,0.595,0.595,1595,1595,0,1344904,1344904,0,843.2,0,2680.67,2680.67,0,18082742.86,64,0,0,0,0,0,0,0,1276,80,UDPFlood,Hping3,Malicious,1
1716,UE_4,udp,116.4,-41.19,52.05,0.127,0.127,5,3,2,304,194,110,64.8,55.2,39.37,23.62,15.75,19149.61,64,64,0,0,0,0,0,382,0,0,Benign,None,Benign,0
1852,UE_4,udp,116.4,-41.77,52.46,0.192,0.192,5,4,1,344,280,64,69.9,63.6,26.04,20.83,5.21,14333.33,64,64,0,0,0,0,0,282,1,0.05,Benign,None,Benign,0
1489,UE_3,udp,127.5,-41.93,50.93,1.2,1.2,265,134,131,45563,22324,23239,166.6,177.4,220.83,111.67,109.17,303753.33,64,64,0,0,0,0,0,156,0,0,Benign,None,Benign,0
3501,UE_8,udp,403.8,-51.55,41.2,0.348,0.348,1209,1209,0,875437,875437,0,724.1,0,3474.14,3474.14,0,20124988.51,64,0,0,0,0,0,0,0,967,80,UDPFlood,Hping3,Malicious,1
2667,UE_6,tcp,321,-51.89,39.7,2.279,2.279,57,26,31,32738,12399,20339,476.9,656.1,25.01,11.41,13.6,114920.58,64,64,65535,65535,0.035,0.0175,0.0175,472,0,0,Benign,None,Benign,0
113,UE_1,tcp,146.1,-43.68,48.47,3.333,3.333,79,31,48,60004,6758,53246,218,1109.3,23.7,9.3,14.4,144024,64,64,65535,65535,0.0376,0.0188,0.0188,455,1,0.05,Benign,None,Benign,0
1850,UE_4,udp,116.4,-40.85,51.99,0.165,0.165,3,2,1,209,149,60,74.6,59.6,18.18,12.12,6.06,10133.33,64,64,0,0,0,0,0,412,0,0,Benign,None,Benign,0
1753,UE_4,udp,116.4,-41.47,52.78,0.068,0.068,3,2,1,200,144,56,72.1,56.1,44.12,29.41,14.71,23529.41,64,64,0,0,0,0,0,328,0,0,Benign,None,Benign,0
4321,UE_9,tcp,409.2,-54.29,39.38,0.0026,0.0026,1,1,0,44,44,0,44,0,384.62,384.62,0,135384.62,56,0,1024,0,0,0,0,0,1,100,SYNScan,Nmap,Malicious,1
939,UE_2,tcp,235.5,-51.75,41.14,5.588,5.588,255,61,194,281503,5344,276159,87.6,1423.5,45.63,10.92,34.72,403010.74,64,64,131072,131072,0.0151,0.0076,0.0076,252,0,0,Benign,None,Benign,0
2899,UE_6,tcp,321,-51.76,40.33,1.968,1.968,63,26,37,28274,8427,19847,324.1,536.4,32.01,13.21,18.8,114934.96,64,64,65535,65535,0.0314,0.0157,0.0157,394,1,0.05,Benign,None,Benign,0
2159,UE_5,tcp,309,-53.32,39.21,3.366,3.366,436,66,370,544424,4224,540200,64,1460,129.53,19.61,109.92,1293937.02,64,64,262144,262144,0.0183,0.0092,0.0092,232,1,0.05,Benign,None,Benign,0
3768,UE_8,udp,403.8,-52.45,40.83,0.367,0.367,1302,1302,0,1092899,1092899,0,839.4,0,3547.68,3547.68,0,23823411.44,64,0,0,0,0,0,0,0,1042,80,UDPFlood,Hping3,Malicious,1
9,UE_1,tcp,146.1,-44.37,48.65,3.522,3.522,38,15,23,22939,2685,20254,179,880.6,10.79,4.26,6.53,52104.49,64,64,65535,65535,0.0429,0.0215,0.0215,223,0,0,Benign,None,Benign,0
2915,UE_6,tcp,321,-51.2,40.23,1.071,1.071,83,34,49,47091,13369,33722,393.2,688.2,77.5,31.75,45.75,351753.5,64,64,65535,65535,0.0435,0.0218,0.0218,456,0,0,Benign,None,Benign,0
1801,UE_4,udp,116.4,-41.11,52.58,0.167,0.167,5,3,2,353,241,112,80.2,56.2,29.94,17.96,11.98,16910.18,64,64,0,0,0,0,0,128,0,0,Benign,None,Benign,0
3515,UE_8,udp,403.8,-51.54,40.5,0.534,0.534,2420,2420,0,2407900,2407900,0,995,0,4531.84,4531.84,0,36073408.24,64,0,0,0,0,0,0,0,1936,80,UDPFlood,Hping3,Malicious,1
2283,UE_5,tcp,309,-53.37,40.81,4.526,4.526,386,78,308,454672,4992,449680,64,1460,85.29,17.23,68.05,803662.4,64,64,262144,262144,0.0247,0.0124,0.0124,450,1,0.05,Benign,None,Benign,0
4074,UE_9,tcp,409.2,-54.63,38.29,0.0038,0.0038,1,1,0,44,44,0,44,0,263.16,263.16,0,92631.58,54,0,1024,0,0,0,0,0,1,100,SYNScan,Nmap,Malicious,1
2695,UE_6,tcp,321,-51.45,39.99,3.025,3.025,52,26,26,22196,10174,12022,391.3,462.4,17.19,8.6,8.6,58700.17,64,64,65535,65535,0.0325,0.0163,0.0163,334,0,0,Benign,None,Benign,0
3456,UE_7,tcp,413,-59.81,34.84,0.0258,0.0258,298,298,0,11920,11920,0,40,0,11550.39,11550.39,0,3696124.03,128,0,1024,0,0,0,0,0,298,100,SYNFlood,Hping3,Malicious,1
96,UE_1,tcp,146.1,-44.72,47.54,0.706,0.706,66,22,44,56197,4035,52162,183.4,1185.5,93.48,31.16,62.32,636793.2,64,64,65535,65535,0.0182,0.0091,0.0091,228,0,0,Benign,None,Benign,0
2784,UE_6,tcp,321,-51.27,39.72,3.21,3.21,87,44,43,36174,15809,20365,359.3,473.6,27.1,13.71,13.4,90153.27,64,64,65535,65535,0.0447,0.0224,0.0224,276,0,0,Benign,None,Benign,0
4323,UE_9,tcp,409.2,-55.38,38.99,0.006,0.006,2,1,1,84,44,40,44,40,333.33,166.67,166.67,112000,55,55,1024,0,0.0134,0,0,0,0,0,SYNScan,Nmap,Malicious,1
3134,UE_7,tcp,413,-60.04,33.58,0.0226,0.0226,502,502,0,20080,20080,0,40,0,22212.39,22212.39,0,7107964.6,128,0,1024,0,0,0,0,0,502,100,SYNFlood,Hping3,Malicious,1
2933,UE_6,tcp,321,-51.48,39.3,1.078,1.078,46,16,30,25943,6803,19140,425.2,638,42.67,14.84,27.83,192526.9,64,64,65535,65535,0.0337,0.0169,0.0169,417,1,0.05,Benign,None,Benign,0
3106,UE_7,tcp,413,-59.51,33.88,0.0141,0.0141,386,386,0,15440,15440,0,40,0,27375.89,27375.89,0,8760283.69,128,0,1024,0,0,0,0,0,386,100,SYNFlood,Hping3,Malicious,1
1400,UE_3,udp,127.5,-42.23,51.45,5.706,5.706,274,135,139,47413,22977,24436,170.2,175.8,48.02,23.66,24.36,66474.59,64,64,0,0,0,0,0,302,0,0,Benign,None,Benign,0
2549,UE_6,tcp,321,-51.15,40.13,2.381,2.381,55,31,24,25682,12158,13524,392.2,563.5,23.1,13.02,10.08,86289.79,64,64,65535,65535,0.0438,0.0219,0.0219,499,0,0,Benign,None,Benign,0
4505,UE_10,tcp,440.7,-54.07,39.85,47.37,47.37,19,8,11,669,229,440,28.6,40,0.4,0.17,0.23,112.98,64,64,512,16384,0.1553,0.0932,0.0621,128,0,0,SlowrateDoS,Slowloris,Malicious,1
2888,UE_6,tcp,321,-52.45,40.44,3.299,3.299,79,33,46,34112,10339,23773,313.3,516.8,23.95,10,13.94,82720.82,64,64,65535,65535,0.0367,0.0184,0.0184,441,0,0,Benign,None,Benign,0
428,UE_1,tcp,146.1,-43.14,48.88,0.661,0.661,61,20,41,56150,4162,51988,208.1,1268,92.28,30.26,62.03,679576.4,64,64,65535,65535,0.0352,0.0176,0.0176,196,1,0.05,Benign,None,Benign,0
1966,UE_4,udp,116.4,-39.87,52.22,0.134,0.134,4,2,2,295,191,104,95.5,52.1,29.85,14.93,14.93,17611.94,64,64,0,0,0,0,0,447,0,0,Benign,None,Benign,0
4592,UE_10,tcp,440.7,-54.17,39.33,56.51,56.51,15,10,5,546,346,200,34.6,40,0.27,0.18,0.09,77.3,64,64,512,16384,0.1414,0.0848,0.0566,128,0,0,SlowrateDoS,Slowloris,Malicious,1
989,UE_2,tcp,235.5,-52.63,40.99,4.01,4.01,293,38,255,360328,4169,356159,109.7,1396.7,73.07,9.48,63.59,718858.85,64,64,131072,131072,0.0233,0.0117,0.0117,386,0,0,Benign,None,Benign,0
1336,UE_3,udp,127.5,-42.11,51.16,2.004,2.004,258,128,130,43907,22106,21801,172.7,167.7,128.74,63.87,64.87,175277.45,64,64,0,0,0,0,0,206,0,0,Benign,None,Benign,0
1508,UE_4,udp,116.4,-39.92,52.15,0.187,0.187,3,1,2,212,91,121,90.9,60.6,16.04,5.35,10.7,9069.52,64,64,0,0,0,0,0,449,1,0.05,Benign,None,Benign,0
4037,UE_9,tcp,409.2,-55.34,38.53,0.004,0.004,1,1,0,44,44,0,44,0,250,250,0,88000,48,0,1024,0,0,0,0,0,1,100,SYNScan,Nmap,Malicious,1
4372,UE_9,tcp,409.2,-55.43,39.11,0.0047,0.0047,1,1,0,44,44,0,44,0,212.77,212.77,0,74893.62,60,0,1024,0,0,0,0,0,1,100,SYNScan,Nmap,Malicious,1
3732,UE_8,udp,403.8,-53.3,41,0.158,0.158,1987,1987,0,1834001,1834001,0,923,0,12575.95,12575.95,0,92860810.13,64,0,0,0,0,0,0,0,1590,80,UDPFlood,Hping3,Malicious,1
3158,UE_7,tcp,413,-59.7,34.82,0.0694,0.0694,936,936,0,37440,37440,0,40,0,13487.03,13487.03,0,4315850.14,128,0,1024,0,0,0,0,0,936,100,SYNFlood,Hping3,Malicious,1
1000,UE_2,tcp,235.5,-52.82,40.48,3.84,3.84,383,37,346,486844,3966,482878,107.2,1395.6,99.74,9.64,90.1,1014258.33,64,64,131072,131072,0.0201,0.0101,0.0101,142,0,0,Benign,None,Benign,0
4107,UE_9,tcp,409.2,-55.06,38.27,0.0017,0.0017,1,1,0,44,44,0,44,0,588.24,588.24,0,207058.82,60,0,1024,0,0,0,0,0,1,100,SYNScan,Nmap,Malicious,1
3562,UE_8,udp,403.8,-52.23,40.49,0.441,0.441,2014,2014,0,1105082,1105082,0,548.7,0,4566.89,4566.89,0,20046839,64,0,0,0,0,0,0,0,1611,80,UDPFlood,Hping3,Malicious,1
4522,UE_10,tcp,440.7,-54.61,39.85,50.27,50.27,20,10,10,663,263,400,26.3,40,0.4,0.2,0.2,105.51,64,64,512,16384,0.2033,0.122,0.0813,128,0,0,SlowrateDoS,Slowloris,Malicious,1
219,UE_1,tcp,146.1,-43.57,48.67,1.626,1.626,56,32,24,32740,7053,25687,220.4,1070.3,34.44,19.68,14.76,161082.41,64,64,65535,65535,0.0179,0.009,0.009,245,1,0.05,Benign,None,Benign,0
3686,UE_8,udp,403.8,-52.48,40.82,0.139,0.139,1189,1189,0,1097209,1097209,0,922.8,0,8553.96,8553.96,0,63148719.42,64,0,0,0,0,0,0,0,951,80,UDPFlood,Hping3,Malicious,1
890,UE_2,tcp,235.5,-52.92,40.88,6.874,6.874,302,73,229,308974,7358,301616,100.8,1317.1,43.93,10.62,33.31,359585.69,64,64,131072,131072,0.0102,0.0051,0.0051,376,1,0.05,Benign,None,Benign,0
442,UE_1,tcp,146.1,-44.19,48.65,1.06,1.06,62,20,42,48318,3806,44512,190.3,1059.8,58.49,18.87,39.62,364664.15,64,64,65535,65535,0.0449,0.0225,0.0225,150,1,0.05,Benign,None,Benign,0
2257,UE_5,tcp,309,-53.24,39.37,3.117,3.117,919,58,861,1260772,3712,1257060,64,1460,294.83,18.61,276.23,3235860.12,64,64,262144,262144,0.0167,0.0084,0.0084,189,0,0,Benign,None,Benign,0
4076,UE_9,tcp,409.2,-55.26,38.56,0.0057,0.0057,1,1,0,44,44,0,44,0,175.44,175.44,0,61754.39,55,0,1024,0,0,0,0,0,1,100,SYNScan,Nmap,Malicious,1
3805,UE_8,udp,403.8,-52.96,40.7,0.267,0.267,2269,2269,0,1247042,1247042,0,549.6,0,8498.13,8498.13,0,37364554.31,64,0,0,0,0,0,0,0,1815,80,UDPFlood,Hping3,Malicious,1
4872,UE_10,tcp,440.7,-54.41,40.16,64.02,64.02,31,19,12,1200,720,480,37.9,40,0.48,0.3,0.19,149.95,64,64,512,16384,0.1857,0.1114,0.0743,128,0,0,SlowrateDoS,Slowloris,Malicious,1
702,UE_2,tcp,235.5,-52.58,40.93,6.03,6.03,361,39,322,437108,4115,432993,105.5,1344.7,59.87,6.47,53.4,579911.11,64,64,131072,131072,0.0248,0.0124,0.0124,367,0,0,Benign,None,Benign,0
2917,UE_6,tcp,321,-50.68,39.96,2.021,2.021,66,19,47,35642,6986,28656,367.7,609.7,32.66,9.4,23.26,141086.59,64,64,65535,65535,0.0273,0.0137,0.0137,248,1,0.05,Benign,None,Benign,0
4801,UE_10,tcp,440.7,-53.67,38.43,41.53,41.53,24,12,12,804,324,480,27,40,0.58,0.29,0.29,154.88,64,64,512,16384,0.1278,0.0767,0.0511,128,0,0,SlowrateDoS,Slowloris,Malicious,1
3502,UE_8,udp,403.8,-52.43,40.2,0.409,0.409,1625,1625,0,1216800,1216800,0,748.8,0,3973.11,3973.11,0,23800489,64,0,0,0,0,0,0,0,1300,80,UDPFlood,Hping3,Malicious,1
4239,UE_9,tcp,409.2,-55.05,38.57,0.0059,0.0059,1,1,0,44,44,0,44,0,169.49,169.49,0,59661.02,51,0,1024,0,0,0,0,0,1,100,SYNScan,Nmap,Malicious,1
3499,UE_7,tcp,413,-59.28,33.72,0.0673,0.0673,970,970,0,38800,38800,0,40,0,14413.08,14413.08,0,4612184.25,128,0,1024,0,0,0,0,0,970,100,SYNFlood,Hping3,Malicious,1
2891,UE_6,tcp,321,-51.17,38.84,1.957,1.957,61,27,34,29317,11950,17367,442.6,510.8,31.17,13.8,17.37,119844.66,64,64,65535,65535,0.0337,0.0169,0.0169,199,0,0,Benign,None,Benign,0
557,UE_2,tcp,235.5,-51.32,40.8,7.366,7.366,294,71,223,323116,6880,316236,96.9,1418.1,39.91,9.64,30.27,350926.96,64,64,131072,131072,0.0275,0.0138,0.0138,304,0,0,Benign,None,Benign,0
2546,UE_6,tcp,321,-51.28,39.21,1.67,1.67,60,31,29,30174,11011,19163,355.2,660.8,35.93,18.56,17.37,144546.11,64,64,65535,65535,0.0236,0.0118,0.0118,164,0,0,Benign,None,Benign,0
4803,UE_10,tcp,440.7,-55.02,39.04,46.8,46.8,20,11,9,730,370,360,33.6,40,0.43,0.24,0.19,124.79,64,64,512,16384,0.2058,0.1235,0.0823,128,0,0,SlowrateDoS,Slowloris,Malicious,1
1879,UE_4,udp,116.4,-40.91,52.49,0.199,0.199,3,1,2,205,81,124,80.8,62.2,15.08,5.03,10.05,8241.21,64,64,0,0,0,0,0,509,1,0.05,Benign,None,Benign,0
1160,UE_3,udp,127.5,-40.94,50.69,1.21,1.21,224,110,114,38363,18436,19927,167.6,174.8,185.12,90.91,94.21,253639.67,64,64,0,0,0,0,0,258,0,0,Benign,None,Benign,0
3215,UE_7,tcp,413,-60.68,34.14,0.0634,0.0634,366,366,0,14640,14640,0,40,0,5772.87,5772.87,0,1847318.61,128,0,1024,0,0,0,0,0,366,100,SYNFlood,Hping3,Malicious,1
2248,UE_5,tcp,309,-53.51,39.91,4.507,4.507,847,65,782,1145880,4160,1141720,64,1460,187.93,14.42,173.51,2033956.07,64,64,262144,262144,0.0162,0.0081,0.0081,156,0,0,Benign,None,Benign,0
1448,UE_3,udp,127.5,-41.51,51.35,2.412,2.412,162,82,80,27603,13227,14376,161.3,179.7,67.16,34,33.17,91552.24,64,64,0,0,0,0,0,199,0,0,Benign,None,Benign,0
1339,UE_3,udp,127.5,-42.46,50.43,2.012,2.012,231,117,114,39334,20159,19175,172.3,168.2,114.81,58.15,56.66,156397.61,64,64,0,0,0,0,0,345,1,0.05,Benign,None,Benign,0
4384,UE_9,tcp,409.2,-54.72,38.58,0.0052,0.0052,2,1,1,84,44,40,44,40,384.62,192.31,192.31,129230.77,51,55,1024,0,0.0096,0,0,0,0,0,SYNScan,Nmap,Malicious,1
1987,UE_4,udp,116.4,-40.5,52.26,0.095,0.095,3,2,1,233,179,54,89.7,54.2,31.58,21.05,10.53,19621.05,64,64,0,0,0,0,0,455,0,0,Benign,None,Benign,0
729,UE_2,tcp,235.5,-52.76,41.21,4.142,4.142,344,53,291,426119,5740,420379,108.3,1444.6,83.05,12.8,70.26,823020.76,64,64,131072,131072,0.0166,0.0083,0.0083,316,0,0,Benign,None,Benign,0
2788,UE_6,tcp,321,-52.33,39.99,1.026,1.026,43,19,24,19555,6686,12869,351.9,536.2,41.91,18.52,23.39,152475.63,64,64,65535,65535,0.0293,0.0147,0.0147,355,0,0,Benign,None,Benign,0
801,UE_2,tcp,235.5,-53.43,41.38,4.667,4.667,373,52,321,424901,5065,419836,97.4,1307.9,79.92,11.14,68.78,728349.69,64,64,131072,131072,0.0247,0.0124,0.0124,133,0,0,Benign,None,Benign,0
1542,UE_4,udp,116.4,-40.54,52.21,0.071,0.071,4,2,2,263,156,107,77.8,53.3,56.34,28.17,28.17,29633.8,64,64,0,0,0,0,0,423,1,0.05,Benign,None,Benign,0
1784,UE_4,udp,116.4,-40.47,52.86,0.117,0.117,6,4,2,450,345,105,86.3,52.7,51.28,34.19,17.09,30769.23,64,64,0,0,0,0,0,363,1,0.05,Benign,None,Benign,0
1011,UE_3,udp,127.5,-41.52,51.33,2.958,2.958,280,142,138,46945,23913,23032,168.4,166.9,94.66,48.01,46.65,126964.16,64,64,0,0,0,0,0,365,0,0,Benign,None,Benign,0
3114,UE_7,tcp,413,-59.62,34.71,0.0376,0.0376,918,918,0,36720,36720,0,40,0,24414.89,24414.89,0,7812765.96,128,0,1024,0,0,0,0,0,918,100,SYNFlood,Hping3,Malicious,1
4485,UE_9,tcp,409.2,-55.42,38.35,0.0055,0.0055,1,1,0,44,44,0,44,0,181.82,181.82,0,64000,54,0,1024,0,0,0,0,0,1,100,SYNScan,Nmap,Malicious,1
3060,UE_7,tcp,413,-61.06,32.88,0.0656,0.0656,995,995,0,39800,39800,0,40,0,15167.68,15167.68,0,4853658.54,128,0,1024,0,0,0,0,0,995,100,SYNFlood,Hping3,Malicious,1
1064,UE_3,udp,127.5,-41.91,51.81,2.072,2.072,118,57,61,21063,10089,10974,177,179.9,56.95,27.51,29.44,81324.32,64,64,0,0,0,0,0,310,1,0.05,Benign,None,Benign,0
309,UE_1,tcp,146.1,-44.72,48.18,0.75,0.75,71,21,50,61245,4425,56820,210.7,1136.4,94.67,28,66.67,653280,64,64,65535,65535,0.0174,0.0087,0.0087,232,0,0,Benign,None,Benign,0
1354,UE_3,udp,127.5,-42.18,51.37,5.793,5.793,107,52,55,19064,9318,9746,179.2,177.2,18.47,8.98,9.49,26326.95,64,64,0,0,0,0,0,404,0,0,Benign,None,Benign,0
2207,UE_5,tcp,309,-53.05,39.82,11.941,11.941,444,43,401,588212,2752,585460,64,1460,37.18,3.6,33.58,394078.89,64,64,262144,262144,0.0233,0.0117,0.0117,401,1,0.05,Benign,None,Benign,0
3985,UE_8,udp,403.8,-52.55,40.41,0.532,0.532,1554,1554,0,1357264,1357264,0,873.4,0,2921.05,2921.05,0,20409984.96,64,0,0,0,0,0,0,0,1243,80,UDPFlood,Hping3,Malicious,1
3038,UE_7,tcp,413,-59.87,33.41,0.0795,0.0795,828,828,0,33120,33120,0,40,0,10415.09,10415.09,0,3332830.19,128,0,1024,0,0,0,0,0,828,100,SYNFlood,Hping3,Malicious,1
1509,UE_4,udp,116.4,-40.61,52.25,0.079,0.079,5,3,2,342,230,112,76.5,56,63.29,37.97,25.32,34632.91,64,64,0,0,0,0,0,180,0,0,Benign,None,Benign,0
1395,UE_3,udp,127.5,-42.18,50.25,5.24,5.24,249,125,124,43089,21538,21551,172.3,173.8,47.52,23.85,23.66,65784.73,64,64,0,0,0,0,0,382,0,0,Benign,None,Benign,0
4307,UE_9,tcp,409.2,-55.65,39.34,0.0015,0.0015,1,1,0,44,44,0,44,0,666.67,666.67,0,234666.67,50,0,1024,0,0,0,0,0,1,100,SYNScan,Nmap,Malicious,1
5000,UE_10,tcp,440.7,-54.57,38.46,52.22,52.22,15,9,6,500,260,240,28.9,40,0.29,0.17,0.11,76.6,64,64,512,16384,0.192,0.1152,0.0768,128,0,0,SlowrateDoS,Slowloris,Malicious,1
4646,UE_10,tcp,440.7,-54.56,39.04,64.36,64.36,26,19,7,1002,722,280,38,40,0.4,0.3,0.11,124.55,64,64,512,16384,0.0849,0.0509,0.034,128,0,0,SlowrateDoS,Slowloris,Malicious,1
4421,UE_9,tcp,409.2,-54.84,38.93,0.0048,0.0048,1,1,0,44,44,0,44,0,208.33,208.33,0,73333.33,47,0,1024,0,0,0,0,0,1,100,SYNScan,Nmap,Malicious,1
588,UE_2,tcp,235.5,-51.97,40.01,7.74,7.74,421,69,352,511281,7217,504064,104.6,1432,54.39,8.91,45.48,528455.81,64,64,131072,131072,0.0116,0.0058,0.0058,377,0,0,Benign,None,Benign,0
3831,UE_8,udp,403.8,-51.9,40.74,0.492,0.492,1134,1134,0,880324,880324,0,776.3,0,2304.88,2304.88,0,14314211.38,64,0,0,0,0,0,0,0,907,80,UDPFlood,Hping3,Malicious,1
3125,UE_7,tcp,413,-59.6,34.86,0.032,0.032,861,861,0,34440,34440,0,40,0,26906.25,26906.25,0,8610000,128,0,1024,0,0,0,0,0,861,100,SYNFlood,Hping3,Malicious,1
2583,UE_6,tcp,321,-51.47,39.4,1.337,1.337,81,45,36,37604,16101,21503,357.8,597.3,60.58,33.66,26.93,225005.24,64,64,65535,65535,0.0269,0.0135,0.0135,143,1,0.05,Benign,None,Benign,0
3701,UE_8,udp,403.8,-51.88,40.49,0.149,0.149,862,862,0,656585,656585,0,761.7,0,5785.23,5785.23,0,35252885.91,64,0,0,0,0,0,0,0,690,80,UDPFlood,Hping3,Malicious,1
1041,UE_3,udp,127.5,-42.11,51.96,3.504,3.504,190,96,94,33163,16694,16469,173.9,175.2,54.22,27.4,26.83,75714.61,64,64,0,0,0,0,0,267,0,0,Benign,None,Benign,0
1314,UE_3,udp,127.5,-41.63,50.67,5.319,5.319,221,110,111,38896,19393,19503,176.3,175.7,41.55,20.68,20.87,58501.22,64,64,0,0,0,0,0,143,1,0.05,Benign,None,Benign,0
2179,UE_5,tcp,309,-54.31,39.93,7.039,7.039,441,81,360,530784,5184,525600,64,1460,62.65,11.51,51.14,603249.33,64,64,262144,262144,0.014,0.007,0.007,285,1,0.05,Benign,None,Benign,0
847,UE_2,tcp,235.5,-52.47,40.05,7.44,7.44,485,62,423,573853,5003,568850,80.7,1344.8,65.19,8.33,56.85,617046.24,64,64,131072,131072,0.0257,0.0129,0.0129,298,1,0.05,Benign,None,Benign,0
3308,UE_7,tcp,413,-60.11,33.71,0.0906,0.0906,279,279,0,11160,11160,0,40,0,3079.47,3079.47,0,985430.46,128,0,1024,0,0,0,0,0,279,100,SYNFlood,Hping3,Malicious,1
2473,UE_5,tcp,309,-52.31,39.55,7.344,7.344,648,50,598,876280,3200,873080,64,1460,88.24,6.81,81.43,954553.38,64,64,262144,262144,0.0219,0.011,0.011,244,0,0,Benign,None,Benign,0
1585,UE_4,udp,116.4,-40.52,52.4,0.052,0.052,4,2,2,295,187,108,93.4,54.1,76.92,38.46,38.46,45384.62,64,64,0,0,0,0,0,215,0,0,Benign,None,Benign,0
4401,UE_9,tcp,409.2,-54.66,40.02,0.0015,0.0015,1,1,0,44,44,0,44,0,666.67,666.67,0,234666.67,47,0,1024,0,0,0,0,0,1,100,SYNScan,Nmap,Malicious,1
3954,UE_8,udp,403.8,-52.71,40.53,0.502,0.502,1794,1794,0,1640434,1640434,0,914.4,0,3573.71,3573.71,0,26142374.5,64,0,0,0,0,0,0,0,1435,80,UDPFlood,Hping3,Malicious,1
1732,UE_4,udp,116.4,-41.24,52.47,0.109,0.109,5,3,2,358,239,119,79.7,59.5,45.87,27.52,18.35,26275.23,64,64,0,0,0,0,0,231,0,0,Benign,None,Benign,0
4090,UE_9,tcp,409.2,-54.86,38.55,0.005,0.005,1,1,0,44,44,0,44,0,200,200,0,70400,45,0,1024,0,0,0,0,0,1,100,SYNScan,Nmap,Malicious,1
770,UE_2,tcp,235.5,-52.65,40.54,9.054,9.054,284,75,209,263410,7845,255565,104.6,1222.8,31.37,8.28,23.08,232745.75,64,64,131072,131072,0.0178,0.0089,0.0089,416,0,0,Benign,None,Benign,0
3191,UE_7,tcp,413,-60.17,34.2,0.0548,0.0548,685,685,0,27400,27400,0,40,0,12500,12500,0,4000000,128,0,1024,0,0,0,0,0,685,100,SYNFlood,Hping3,Malicious,1
4576,UE_10,tcp,440.7,-53.95,39.77,51.4,51.4,21,15,6,690,450,240,30,40,0.41,0.29,0.12,107.39,64,64,512,16384,0.1274,0.0764,0.051,128,0,0,SlowrateDoS,Slowloris,Malicious,1
4094,UE_9,tcp,409.2,-55.64,38.47,0.0031,0.0031,2,1,1,84,44,40,44,40,645.16,322.58,322.58,216774.19,55,55,1024,0,0.0128,0,0,0,0,0,SYNScan,Nmap,Malicious,1
1788,UE_4,udp,116.4,-39.86,51.58,0.12,0.12,3,2,1,204,154,50,77,49.7,25,16.67,8.33,13600,64,64,0,0,0,0,0,200,1,0.05,Benign,None,Benign,0
576,UE_2,tcp,235.5,-52.94,40.48,2.707,2.707,492,47,445,587093,4944,582149,105.2,1308.2,181.75,17.36,164.39,1735036.57,64,64,131072,131072,0.0133,0.0067,0.0067,442,0,0,Benign,None,Benign,0
3208,UE_7,tcp,413,-59.12,33.69,0.0335,0.0335,670,670,0,26800,26800,0,40,0,20000,20000,0,6400000,128,0,1024,0,0,0,0,0,670,100,SYNFlood,Hping3,Malicious,1
2560,UE_6,tcp,321,-51.19,40.73,2.854,2.854,58,30,28,23900,10818,13082,360.6,467.2,20.32,10.51,9.81,66993.69,64,64,65535,65535,0.0236,0.0118,0.0118,434,0,0,Benign,None,Benign,0
941,UE_2,tcp,235.5,-51.69,41.44,5.72,5.72,481,65,416,604239,5740,598499,88.3,1438.7,84.09,11.36,72.73,845089.51,64,64,131072,131072,0.0263,0.0132,0.0132,325,0,0,Benign,None,Benign,0
3832,UE_8,udp,403.8,-52,39.73,0.237,0.237,1804,1804,0,1528890,1528890,0,847.5,0,7611.81,7611.81,0,51608101.27,64,0,0,0,0,0,0,0,1443,80,UDPFlood,Hping3,Malicious,1
1728,UE_4,udp,116.4,-40.42,53.32,0.078,0.078,3,2,1,183,129,54,64.7,54.3,38.46,25.64,12.82,18769.23,64,64,0,0,0,0,0,492,0,0,Benign,None,Benign,0
1409,UE_3,udp,127.5,-42.09,50.19,5.889,5.889,258,129,129,43021,20859,22162,161.7,171.8,43.81,21.91,21.91,58442.52,64,64,0,0,0,0,0,313,0,0,Benign,None,Benign,0
1934,UE_4,udp,116.4,-40.35,52.12,0.214,0.214,4,2,2,256,153,103,76.6,51.7,18.69,9.35,9.35,9570.09,64,64,0,0,0,0,0,474,1,0.05,Benign,None,Benign,0
2561,UE_6,tcp,321,-52.26,39.25,2.267,2.267,66,41,25,33490,19692,13798,480.3,551.9,29.11,18.09,11.03,118182.62,64,64,65535,65535,0.0217,0.0109,0.0109,470,1,0.05,Benign,None,Benign,0
1942,UE_4,udp,116.4,-41.11,52.4,0.194,0.194,5,3,2,311,210,101,70,50.5,25.77,15.46,10.31,12824.74,64,64,0,0,0,0,0,420,0,0,Benign,None,Benign,0
1897,UE_4,udp,116.4,-41.11,52.74,0.125,0.125,4,3,1,326,276,50,92.1,49.7,32,24,8,20864,64,64,0,0,0,0,0,480,0,0,Benign,None,Benign,0
40,UE_1,tcp,146.1,-44.28,48.39,1.815,1.815,77,27,50,65928,6188,59740,229.2,1194.8,42.42,14.88,27.55,290591.74,64,64,65535,65535,0.0177,0.0089,0.0089,300,0,0,Benign,None,Benign,0
4488,UE_9,tcp,409.2,-55.67,39.15,0.0018,0.0018,1,1,0,44,44,0,44,0,555.56,555.56,0,195555.56,50,0,1024,0,0,0,0,0,1,100,SYNScan,Nmap,Malicious,1
3247,UE_7,tcp,413,-59.79,34.69,0.108,0.108,322,322,0,12880,12880,0,40,0,2981.48,2981.48,0,954074.07,128,0,1024,0,0,0,0,0,322,100,SYNFlood,Hping3,Malicious,1
1099,UE_3,udp,127.5,-41.07,51.12,5.265,5.265,162,81,81,27281,13746,13535,169.7,167.1,30.77,15.38,15.38,41452.61,64,64,0,0,0,0,0,398,0,0,Benign,None,Benign,0
2210,UE_5,tcp,309,-52.98,40.19,8.383,8.383,895,50,845,1236900,3200,1233700,64,1460,106.76,5.96,100.8,1180388.88,64,64,262144,262144,0.0217,0.0109,0.0109,129,0,0,Benign,None,Benign,0
3812,UE_8,udp,403.8,-52.99,40.88,0.385,0.385,1245,1245,0,1244004,1244004,0,999.2,0,3233.77,3233.77,0,25849433.77,64,0,0,0,0,0,0,0,996,80,UDPFlood,Hping3,Malicious,1
3256,UE_7,tcp,413,-60.16,33.1,0.0997,0.0997,627,627,0,25080,25080,0,40,0,6288.87,6288.87,0,2012437.31,128,0,1024,0,0,0,0,0,627,100,SYNFlood,Hping3,Malicious,1
4061,UE_9,tcp,409.2,-54.97,39.06,0.0038,0.0038,1,1,0,44,44,0,44,0,263.16,263.16,0,92631.58,49,0,1024,0,0,0,0,0,1,100,SYNScan,Nmap,Malicious,1
1494,UE_3,udp,127.5,-42.22,51.84,5.912,5.912,112,56,56,18956,9828,9128,175.5,163,18.94,9.47,9.47,25650.88,64,64,0,0,0,0,0,302,0,0,Benign,None,Benign,0
4355,UE_9,tcp,409.2,-54.47,39.85,0.0057,0.0057,1,1,0,44,44,0,44,0,175.44,175.44,0,61754.39,53,0,1024,0,0,0,0,0,1,100,SYNScan,Nmap,Malicious,1
3412,UE_7,tcp,413,-59.92,34.58,0.0284,0.0284,506,506,0,20240,20240,0,40,0,17816.9,17816.9,0,5701408.45,128,0,1024,0,0,0,0,0,506,100,SYNFlood,Hping3,Malicious,1
4911,UE_10,tcp,440.7,-55.05,39.61,62.8,62.8,21,11,10,796,396,400,36,40,0.33,0.18,0.16,101.4,64,64,512,16384,0.1258,0.0755,0.0503,128,0,0,SlowrateDoS,Slowloris,Malicious,1
3920,UE_8,udp,403.8,-52.85,40.94,0.375,0.375,722,722,0,504389,504389,0,698.6,0,1925.33,1925.33,0,10760298.67,64,0,0,0,0,0,0,0,578,80,UDPFlood,Hping3,Malicious,1
4315,UE_9,tcp,409.2,-55.03,38.98,0.0016,0.0016,1,1,0,44,44,0,44,0,625,625,0,220000,50,0,1024,0,0,0,0,0,1,100,SYNScan,Nmap,Malicious,1
4440,UE_9,tcp,409.2,-54.17,37.9,0.0013,0.0013,1,1,0,44,44,0,44,0,769.23,769.23,0,270769.23,58,0,1024,0,0,0,0,0,1,100,SYNScan,Nmap,Malicious,1
4981,UE_10,tcp,440.7,-53.01,39.29,39.01,39.01,28,16,12,888,408,480,25.5,40,0.72,0.41,0.31,182.11,64,64,512,16384,0.1952,0.1171,0.0781,128,0,0,SlowrateDoS,Slowloris,Malicious,1
1771,UE_4,udp,116.4,-40.43,52.56,0.245,0.245,5,3,2,345,242,103,80.7,51.4,20.41,12.24,8.16,11265.31,64,64,0,0,0,0,0,168,0,0,Benign,None,Benign,0
4644,UE_10,tcp,440.7,-53.87,39.02,35.68,35.68,15,8,7,551,271,280,33.9,40,0.42,0.22,0.2,123.54,64,64,512,16384,0.1983,0.119,0.0793,128,0,0,SlowrateDoS,Slowloris,Malicious,1
3213,UE_7,tcp,413,-59.61,33.89,0.0128,0.0128,980,980,0,39200,39200,0,40,0,76562.5,76562.5,0,24500000,128,0,1024,0,0,0,0,0,980,100,SYNFlood,Hping3,Malicious,1
4834,UE_10,tcp,440.7,-53.19,39.32,28.14,28.14,19,15,4,543,383,160,25.5,40,0.68,0.53,0.14,154.37,64,64,512,16384,0.2077,0.1246,0.0831,128,0,0,SlowrateDoS,Slowloris,Malicious,1
4957,UE_10,tcp,440.7,-53.97,39.29,56.85,56.85,21,16,5,654,454,200,28.4,40,0.37,0.28,0.09,92.03,64,64,512,16384,0.0919,0.0551,0.0368,128,0,0,SlowrateDoS,Slowloris,Malicious,1
3796,UE_8,udp,403.8,-51.68,41.15,0.161,0.161,1544,1544,0,1363970,1363970,0,883.4,0,9590.06,9590.06,0,67774906.83,64,0,0,0,0,0,0,0,1235,80,UDPFlood,Hping3,Malicious,1
4081,UE_9,tcp,409.2,-55.42,38.38,0.0057,0.0057,1,1,0,44,44,0,44,0,175.44,175.44,0,61754.39,45,0,1024,0,0,0,0,0,1,100,SYNScan,Nmap,Malicious,1
3488,UE_7,tcp,413,-60.39,33.48,0.0449,0.0449,464,464,0,18560,18560,0,40,0,10334.08,10334.08,0,3306904.23,128,0,1024,0,0,0,0,0,464,100,SYNFlood,Hping3,Malicious,1
2096,UE_5,tcp,309,-52.94,40.44,11.508,11.508,358,49,309,454276,3136,451140,64,1460,31.11,4.26,26.85,315798.4,64,64,262144,262144,0.0224,0.0112,0.0112,415,0,0,Benign,None,Benign,0
4883,UE_10,tcp,440.7,-53.77,39.77,47.46,47.46,20,11,9,701,341,360,31,40,0.42,0.23,0.19,118.16,64,64,512,16384,0.0808,0.0485,0.0323,128,0,0,SlowrateDoS,Slowloris,Malicious,1
2167,UE_5,tcp,309,-52.71,40.12,6.861,6.861,680,66,614,900664,4224,896440,64,1460,99.11,9.62,89.49,1050183.94,64,64,262144,262144,0.0139,0.007,0.007,184,0,0,Benign,None,Benign,0
49,UE_1,tcp,146.1,-43.85,48.51,3.79,3.79,83,34,49,56630,7184,49446,211.3,1009.1,21.9,8.97,12.93,119535.62,64,64,65535,65535,0.043,0.0215,0.0215,190,1,0.05,Benign,None,Benign,0
1481,UE_3,udp,127.5,-42.1,51.32,2.124,2.124,223,111,112,38701,19392,19309,174.7,172.4,104.99,52.26,52.73,145766.48,64,64,0,0,0,0,0,435,0,0,Benign,None,Benign,0
2213,UE_5,tcp,309,-52.83,39.34,8.889,8.889,929,100,829,1216740,6400,1210340,64,1460,104.51,11.25,93.26,1095052.31,64,64,262144,262144,0.02,0.01,0.01,500,0,0,Benign,None,Benign,0
1619,UE_4,udp,116.4,-39.8,51.94,0.129,0.129,5,4,1,357,304,53,76,52.8,38.76,31.01,7.75,22139.53,64,64,0,0,0,0,0,408,0,0,Benign,None,Benign,0
1130,UE_3,udp,127.5,-41.97,51.82,2.155,2.155,272,138,134,45189,23253,21936,168.5,163.7,126.22,64.04,62.18,167754.99,64,64,0,0,0,0,0,306,0,0,Benign,None,Benign,0
3066,UE_7,tcp,413,-60.01,34.25,0.0926,0.0926,491,491,0,19640,19640,0,40,0,5302.38,5302.38,0,1696760.26,128,0,1024,0,0,0,0,0,491,100,SYNFlood,Hping3,Malicious,1
750,UE_2,tcp,235.5,-52.15,40.9,3.509,3.509,364,55,309,436063,6182,429881,112.4,1391.2,103.73,15.67,88.06,994159.02,64,64,131072,131072,0.0233,0.0117,0.0117,370,0,0,Benign,None,Benign,0
475,UE_1,tcp,146.1,-44.5,48.12,2.472,2.472,42,18,24,24337,4415,19922,245.3,830.1,16.99,7.28,9.71,78760.52,64,64,65535,65535,0.0239,0.012,0.012,465,1,0.05,Benign,None,Benign,0
643,UE_2,tcp,235.5,-51.67,40.99,3.015,3.015,355,60,295,361061,6294,354767,104.9,1202.6,117.74,19.9,97.84,958039.14,64,64,131072,131072,0.0139,0.007,0.007,173,0,0,Benign,None,Benign,0
3674,UE_8,udp,403.8,-52.4,41.07,0.417,0.417,1880,1880,0,1184964,1184964,0,630.3,0,4508.39,4508.39,0,22733122.3,64,0,0,0,0,0,0,0,1504,80,UDPFlood,Hping3,Malicious,1
1820,UE_4,udp,116.4,-40.18,51.48,0.19,0.19,3,1,2,185,74,111,73.6,55.3,15.79,5.26,10.53,7789.47,64,64,0,0,0,0,0,355,1,0.05,Benign,None,Benign,0
1847,UE_4,udp,116.4,-40.83,51.75,0.236,0.236,2,1,1,139,81,58,81.3,57.8,8.47,4.24,4.24,4711.86,64,64,0,0,0,0,0,450,1,0.05,Benign,None,Benign,0
4225,UE_9,tcp,409.2,-56.09,39.18,0.0046,0.0046,1,1,0,44,44,0,44,0,217.39,217.39,0,76521.74,52,0,1024,0,0,0,0,0,1,100,SYNScan,Nmap,Malicious,1
3971,UE_8,udp,403.8,-52.26,41.33,0.458,0.458,1594,1594,0,1251131,1251131,0,784.9,0,3480.35,3480.35,0,21853816.59,64,0,0,0,0,0,0,0,1275,80,UDPFlood,Hping3,Malicious,1
1194,UE_3,udp,127.5,-42.56,50.64,2.108,2.108,250,126,124,43942,22478,21464,178.4,173.1,118.6,59.77,58.82,166762.81,64,64,0,0,0,0,0,326,0,0,Benign,None,Benign,0
651,UE_2,tcp,235.5,-52.75,42.06,3.471,3.471,255,59,196,276273,5558,270715,94.2,1381.2,73.47,17,56.47,636757.13,64,64,131072,131072,0.0212,0.0106,0.0106,220,0,0,Benign,None,Benign,0
2079,UE_5,tcp,309,-52.57,40.46,8.791,8.791,649,99,550,809336,6336,803000,64,1460,73.83,11.26,62.56,736513.25,64,64,262144,262144,0.0152,0.0076,0.0076,188,0,0,Benign,None,Benign,0
3811,UE_8,udp,403.8,-52.67,41.24,0.314,0.314,843,843,0,857162,857162,0,1016.8,0,2684.71,2684.71,0,21838522.29,64,0,0,0,0,0,0,0,674,80,UDPFlood,Hping3,Malicious,1
820,UE_2,tcp,235.5,-52.4,40.64,9.848,9.848,449,61,388,489195,5087,484108,83.4,1247.7,45.59,6.19,39.4,397396.43,64,64,131072,131072,0.0252,0.0126,0.0126,459,0,0,Benign,None,Benign,0
4863,UE_10,tcp,440.7,-54.54,39.44,61.54,61.54,21,14,7,822,542,280,38.7,40,0.34,0.23,0.11,106.86,64,64,512,16384,0.2261,0.1357,0.0904,128,0,0,SlowrateDoS,Slowloris,Malicious,1
4032,UE_9,tcp,409.2,-54.73,38.3,0.0057,0.0057,1,1,0,44,44,0,44,0,175.44,175.44,0,61754.39,56,0,1024,0,0,0,0,0,1,100,SYNScan,Nmap,Malicious,1
3299,UE_7,tcp,413,-59.53,34.14,0.1044,0.1044,386,386,0,15440,15440,0,40,0,3697.32,3697.32,0,1183141.76,128,0,1024,0,0,0,0,0,386,100,SYNFlood,Hping3,Malicious,1
3563,UE_8,udp,403.8,-51.71,41.71,0.336,0.336,1621,1621,0,1422103,1422103,0,877.3,0,4824.4,4824.4,0,33859595.24,64,0,0,0,0,0,0,0,1297,80,UDPFlood,Hping3,Malicious,1
3373,UE_7,tcp,413,-60.86,34.36,0.0853,0.0853,503,503,0,20120,20120,0,40,0,5896.83,5896.83,0,1886987.1,128,0,1024,0,0,0,0,0,503,100,SYNFlood,Hping3,Malicious,1
3907,UE_8,udp,403.8,-52.79,40.96,0.355,0.355,1411,1411,0,1144462,1144462,0,811.1,0,3974.65,3974.65,0,25790692.96,64,0,0,0,0,0,0,0,1129,80,UDPFlood,Hping3,Malicious,1
694,UE_2,tcp,235.5,-51.56,40.63,9.428,9.428,409,59,350,458339,6874,451465,116.5,1289.9,43.38,6.26,37.12,388917.27,64,64,131072,131072,0.0224,0.0112,0.0112,220,0,0,Benign,None,Benign,0
3263,UE_7,tcp,413,-59.48,33.48,0.0533,0.0533,967,967,0,38680,38680,0,40,0,18142.59,18142.59,0,5805628.52,128,0,1024,0,0,0,0,0,967,100,SYNFlood,Hping3,Malicious,1
2129,UE_5,tcp,309,-52.32,39.4,9.33,9.33,469,55,414,607960,3520,604440,64,1460,50.27,5.89,44.37,521294.75,64,64,262144,262144,0.0189,0.0095,0.0095,149,0,0,Benign,None,Benign,0
3080,UE_7,tcp,413,-59.82,33.28,0.0565,0.0565,718,718,0,28720,28720,0,40,0,12707.96,12707.96,0,4066548.67,128,0,1024,0,0,0,0,0,718,100,SYNFlood,Hping3,Malicious,1
4373,UE_9,tcp,409.2,-55.82,38.83,0.0046,0.0046,1,1,0,44,44,0,44,0,217.39,217.39,0,76521.74,58,0,1024,0,0,0,0,0,1,100,SYNScan,Nmap,Malicious,1
4496,UE_9,tcp,409.2,-55.03,39.07,0.0028,0.0028,1,1,0,44,44,0,44,0,357.14,357.14,0,125714.29,46,0,1024,0,0,0,0,0,1,100,SYNScan,Nmap,Malicious,1
4507,UE_10,tcp,440.7,-54.03,39.74,53.6,53.6,22,15,7,738,458,280,30.5,40,0.41,0.28,0.13,110.15,64,64,512,16384,0.145,0.087,0.058,128,0,0,SlowrateDoS,Slowloris,Malicious,1
2953,UE_6,tcp,321,-51.82,39.64,1.316,1.316,54,19,35,27342,9226,18116,485.6,517.6,41.03,14.44,26.6,166212.77,64,64,65535,65535,0.0211,0.0106,0.0106,271,0,0,Benign,None,Benign,0
4511,UE_10,tcp,440.7,-54.6,39.21,27.78,27.78,28,19,9,979,619,360,32.6,40,1.01,0.68,0.32,281.93,64,64,512,16384,0.0997,0.0598,0.0399,128,0,0,SlowrateDoS,Slowloris,Malicious,1
2729,UE_6,tcp,321,-51.94,39.31,0.864,0.864,62,29,33,29060,13091,15969,451.4,483.9,71.76,33.56,38.19,269074.07,64,64,65535,65535,0.0254,0.0127,0.0127,367,0,0,Benign,None,Benign,0
1193,UE_3,udp,127.5,-41.18,50.6,1.151,1.151,125,60,65,21382,10728,10654,178.8,163.9,108.6,52.13,56.47,148615.12,64,64,0,0,0,0,0,407,0,0,Benign,None,Benign,0
1403,UE_3,udp,127.5,-42.45,51.36,4.983,4.983,178,91,87,30118,15989,14129,175.7,162.4,35.72,18.26,17.46,48353.2,64,64,0,0,0,0,0,223,1,0.05,Benign,None,Benign,0
3354,UE_7,tcp,413,-59.57,33.55,0.0593,0.0593,995,995,0,39800,39800,0,40,0,16779.09,16779.09,0,5369308.6,128,0,1024,0,0,0,0,0,995,100,SYNFlood,Hping3,Malicious,1
2902,UE_6,tcp,321,-50.77,40.71,1.906,1.906,65,31,34,28093,12419,15674,400.6,461,34.1,16.26,17.84,117913.96,64,64,65535,65535,0.0426,0.0213,0.0213,425,0,0,Benign,None,Benign,0
2826,UE_6,tcp,321,-51.51,39.79,3.02,3.02,76,34,42,39165,14263,24902,419.5,592.9,25.17,11.26,13.91,103748.34,64,64,65535,65535,0.0345,0.0173,0.0173,295,0,0,Benign,None,Benign,0
789,UE_2,tcp,235.5,-52.83,40.66,7.831,7.831,310,77,233,292507,9086,283421,118,1216.4,39.59,9.83,29.75,298819.56,64,64,131072,131072,0.0221,0.0111,0.0111,182,0,0,Benign,None,Benign,0
4144,UE_9,tcp,409.2,-55.05,38.83,0.0037,0.0037,1,1,0,44,44,0,44,0,270.27,270.27,0,95135.14,57,0,1024,0,0,0,0,0,1,100,SYNScan,Nmap,Malicious,1
297,UE_1,tcp,146.1,-44.65,49.12,1.502,1.502,69,26,43,59945,6066,53879,233.3,1253,45.94,17.31,28.63,319280.96,64,64,65535,65535,0.0154,0.0077,0.0077,386,1,0.05,Benign,None,Benign,0
4936,UE_10,tcp,440.7,-53.54,39.37,44.71,44.71,19,13,6,744,504,240,38.8,40,0.42,0.29,0.13,133.12,64,64,512,16384,0.1277,0.0766,0.0511,128,0,0,SlowrateDoS,Slowloris,Malicious,1
880,UE_2,tcp,235.5,-52.56,39.59,6.594,6.594,363,61,302,436893,6875,430018,112.7,1423.9,55.05,9.25,45.8,530049.14,64,64,131072,131072,0.0223,0.0112,0.0112,210,0,0,Benign,None,Benign,0
1826,UE_4,udp,116.4,-40.48,52.93,0.078,0.078,6,4,2,415,302,113,75.6,56.3,76.92,51.28,25.64,42564.1,64,64,0,0,0,0,0,486,1,0.05,Benign,None,Benign,0
3594,UE_8,udp,403.8,-52.83,39.98,0.247,0.247,2474,2474,0,1293902,1293902,0,523,0,10016.19,10016.19,0,41907757.09,64,0,0,0,0,0,0,0,1979,80,UDPFlood,Hping3,Malicious,1
3495,UE_7,tcp,413,-59.22,33.08,0.0623,0.0623,297,297,0,11880,11880,0,40,0,4767.26,4767.26,0,1525521.67,128,0,1024,0,0,0,0,0,297,100,SYNFlood,Hping3,Malicious,1
1049,UE_3,udp,127.5,-42.14,51.1,2.368,2.368,125,62,63,20957,10323,10634,166.5,168.8,52.79,26.18,26.6,70800.68,64,64,0,0,0,0,0,325,1,0.05,Benign,None,Benign,0
3962,UE_8,udp,403.8,-52.21,40.26,0.219,0.219,2055,2055,0,1989857,1989857,0,968.3,0,9383.56,9383.56,0,72688840.18,64,0,0,0,0,0,0,0,1644,80,UDPFlood,Hping3,Malicious,1
3010,UE_7,tcp,413,-59.74,33.86,0.064,0.064,659,659,0,26360,26360,0,40,0,10296.88,10296.88,0,3295000,128,0,1024,0,0,0,0,0,659,100,SYNFlood,Hping3,Malicious,1
682,UE_2,tcp,235.5,-52.53,40.13,8.847,8.847,260,52,208,295734,4555,291179,87.6,1399.9,29.39,5.88,23.51,267420.82,64,64,131072,131072,0.0153,0.0077,0.0077,366,0,0,Benign,None,Benign,0
2090,UE_5,tcp,309,-53.16,39.26,8.686,8.686,903,87,816,1196928,5568,1191360,64,1460,103.96,10.02,93.94,1102397.42,64,64,262144,262144,0.0225,0.0113,0.0113,470,1,0.05,Benign,None,Benign,0
4816,UE_10,tcp,440.7,-54.27,39.46,37.79,37.79,20,10,10,640,240,400,24,40,0.53,0.26,0.26,135.49,64,64,512,16384,0.1669,0.1001,0.0668,128,0,0,SlowrateDoS,Slowloris,Malicious,1
683,UE_2,tcp,235.5,-52.44,40.76,9.546,9.546,289,77,212,269887,7261,262626,94.3,1238.8,30.27,8.07,22.21,226178.09,64,64,131072,131072,0.0202,0.0101,0.0101,251,0,0,Benign,None,Benign,0
1325,UE_3,udp,127.5,-42.77,52.04,2.843,2.843,104,51,53,18663,9160,9503,179.6,179.3,36.58,17.94,18.64,52516.36,64,64,0,0,0,0,0,134,1,0.05,Benign,None,Benign,0
658,UE_2,tcp,235.5,-52.42,41.25,7.326,7.326,398,56,342,496280,5236,491044,93.5,1435.8,54.33,7.64,46.68,541938.3,64,64,131072,131072,0.0217,0.0109,0.0109,286,0,0,Benign,None,Benign,0
2942,UE_6,tcp,321,-51.4,39.93,2.109,2.109,42,16,26,22084,6242,15842,390.1,609.3,19.91,7.59,12.33,83770.51,64,64,65535,65535,0.0255,0.0128,0.0128,289,1,0.05,Benign,None,Benign,0
277,UE_1,tcp,146.1,-44.34,48.48,4.275,4.275,75,34,41,56749,8422,48327,247.7,1178.7,17.54,7.95,9.59,106196.96,64,64,65535,65535,0.0199,0.01,0.01,433,1,0.05,Benign,None,Benign,0
4687,UE_10,tcp,440.7,-54.48,38.45,64.51,64.51,14,9,5,485,285,200,31.7,40,0.22,0.14,0.08,60.15,64,64,512,16384,0.2098,0.1259,0.0839,128,0,0,SlowrateDoS,Slowloris,Malicious,1
1940,UE_4,udp,116.4,-41.21,53.07,0.18,0.18,4,3,1,274,224,50,74.6,50.2,22.22,16.67,5.56,12177.78,64,64,0,0,0,0,0,416,1,0.05,Benign,None,Benign,0
4298,UE_9,tcp,409.2,-55.55,38.57,0.0054,0.0054,1,1,0,44,44,0,44,0,185.19,185.19,0,65185.19,52,0,1024,0,0,0,0,0,1,100,SYNScan,Nmap,Malicious,1
656,UE_2,tcp,235.5,-51.61,40.77,3.982,3.982,211,31,180,228724,3382,225342,109.1,1251.9,52.99,7.79,45.2,459515.82,64,64,131072,131072,0.0174,0.0087,0.0087,462,1,0.05,Benign,None,Benign,0
2813,UE_6,tcp,321,-51.17,38.92,1.095,1.095,61,29,32,34837,12888,21949,444.4,685.9,55.71,26.48,29.22,254516.89,64,64,65535,65535,0.0388,0.0194,0.0194,164,0,0,Benign,None,Benign,0
1024,UE_3,udp,127.5,-41.94,51.78,3.048,3.048,179,87,92,30286,15364,14922,176.6,162.2,58.73,28.54,30.18,79490.81,64,64,0,0,0,0,0,266,0,0,Benign,None,Benign,0
4628,UE_10,tcp,440.7,-52.97,38.79,28.77,28.77,23,17,6,827,587,240,34.5,40,0.8,0.59,0.21,229.96,64,64,512,16384,0.1618,0.0971,0.0647,128,0,0,SlowrateDoS,Slowloris,Malicious,1
2524,UE_6,tcp,321,-51.34,38.34,1.015,1.015,77,41,36,44156,19856,24300,484.3,675,75.86,40.39,35.47,348027.59,64,64,65535,65535,0.043,0.0215,0.0215,423,0,0,Benign,None,Benign,0
497,UE_1,tcp,146.1,-43.54,48.01,1.227,1.227,47,21,26,32395,4635,27760,220.7,1067.7,38.3,17.11,21.19,211214.34,64,64,65535,65535,0.0341,0.0171,0.0171,427,1,0.05,Benign,None,Benign,0
1422,UE_3,udp,127.5,-41.97,51.04,3.428,3.428,196,97,99,32069,15724,16345,162.1,165.1,57.18,28.3,28.88,74840.14,64,64,0,0,0,0,0,386,1,0.05,Benign,None,Benign,0
397,UE_1,tcp,146.1,-43.72,47.74,1.944,1.944,67,20,47,41527,3114,38413,155.7,817.3,34.47,10.29,24.18,170893,64,64,65535,65535,0.0268,0.0134,0.0134,185,0,0,Benign,None,Benign,0
4086,UE_9,tcp,409.2,-54.58,38.32,0.001,0.001,1,1,0,44,44,0,44,0,1000,1000,0,352000,60,0,1024,0,0,0,0,0,1,100,SYNScan,Nmap,Malicious,1
302,UE_1,tcp,146.1,-44.46,47.89,1.574,1.574,63,17,46,54880,4197,50683,246.9,1101.8,40.03,10.8,29.22,278932.66,64,64,65535,65535,0.0173,0.0087,0.0087,207,0,0,Benign,None,Benign,0
2380,UE_5,tcp,309,-52.47,40.07,11.656,11.656,909,50,859,1257340,3200,1254140,64,1460,77.99,4.29,73.7,862965,64,64,262144,262144,0.0192,0.0096,0.0096,259,0,0,Benign,None,Benign,0
2292,UE_5,tcp,309,-52.84,39.6,6.666,6.666,640,84,556,817136,5376,811760,64,1460,96.01,12.6,83.41,980661.27,64,64,262144,262144,0.0124,0.0062,0.0062,479,0,0,Benign,None,Benign,0
2501,UE_6,tcp,321,-51.31,39.63,2.319,2.319,72,39,33,33297,15850,17447,406.4,528.7,31.05,16.82,14.23,114866.75,64,64,65535,65535,0.0376,0.0188,0.0188,283,1,0.05,Benign,None,Benign,0
1221,UE_3,udp,127.5,-42.08,51.06,4.965,4.965,218,108,110,37835,19289,18546,178.6,168.6,43.91,21.75,22.16,60962.74,64,64,0,0,0,0,0,345,1,0.05,Benign,None,Benign,0
4530,UE_10,tcp,440.7,-54.01,38.66,33.08,33.08,18,11,7,552,272,280,24.7,40,0.54,0.33,0.21,133.49,64,64,512,16384,0.155,0.093,0.062,128,0,0,SlowrateDoS,Slowloris,Malicious,1
317,UE_1,tcp,146.1,-45.4,48.23,1.275,1.275,79,32,47,65264,7482,57782,233.8,1229.4,61.96,25.1,36.86,409499.61,64,64,65535,65535,0.0375,0.0188,0.0188,341,0,0,Benign,None,Benign,0
1659,UE_4,udp,116.4,-39.7,51.79,0.208,0.208,6,4,2,437,319,118,79.7,59.1,28.85,19.23,9.62,16807.69,64,64,0,0,0,0,0,337,1,0.05,Benign,None,Benign,0
1195,UE_3,udp,127.5,-42.17,51.49,2.699,2.699,284,144,140,46829,23155,23674,160.8,169.1,105.22,53.35,51.87,138804,64,64,0,0,0,0,0,442,0,0,Benign,None,Benign,0
3986,UE_8,udp,403.8,-52.47,40.77,0.589,0.589,1159,1159,0,993843,993843,0,857.5,0,1967.74,1967.74,0,13498716.47,64,0,0,0,0,0,0,0,927,80,UDPFlood,Hping3,Malicious,1
4465,UE_9,tcp,409.2,-54.86,38.27,0.0034,0.0034,1,1,0,44,44,0,44,0,294.12,294.12,0,103529.41,59,0,1024,0,0,0,0,0,1,100,SYNScan,Nmap,Malicious,1
1749,UE_4,udp,116.4,-40.35,52.37,0.231,0.231,6,4,2,467,351,116,87.8,58.1,25.97,17.32,8.66,16173.16,64,64,0,0,0,0,0,142,1,0.05,Benign,None,Benign,0
2568,UE_6,tcp,321,-50.52,39.6,2.814,2.814,69,26,43,39484,12394,27090,476.7,630,24.52,9.24,15.28,112250.18,64,64,65535,65535,0.0209,0.0105,0.0105,243,1,0.05,Benign,None,Benign,0
4664,UE_10,tcp,440.7,-53.36,38.76,40.23,40.23,19,9,10,661,261,400,29,40,0.47,0.22,0.25,131.44,64,64,512,16384,0.097,0.0582,0.0388,128,0,0,SlowrateDoS,Slowloris,Malicious,1
4757,UE_10,tcp,440.7,-54.56,38.92,36.68,36.68,23,18,5,807,607,200,33.7,40,0.63,0.49,0.14,176.01,64,64,512,16384,0.0877,0.0526,0.0351,128,0,0,SlowrateDoS,Slowloris,Malicious,1
2382,UE_5,tcp,309,-53.25,39.64,5.302,5.302,449,80,369,543860,5120,538740,64,1460,84.69,15.09,69.6,820611.09,64,64,262144,262144,0.0178,0.0089,0.0089,216,0,0,Benign,None,Benign,0
4574,UE_10,tcp,440.7,-55.54,39.71,61.72,61.72,14,9,5,493,293,200,32.6,40,0.23,0.15,0.08,63.9,64,64,512,16384,0.1936,0.1162,0.0774,128,0,0,SlowrateDoS,Slowloris,Malicious,1
225,UE_1,tcp,146.1,-44.22,48.81,2.525,2.525,48,26,22,26140,4560,21580,175.4,980.9,19.01,10.3,8.71,82819.8,64,64,65535,65535,0.0292,0.0146,0.0146,359,1,0.05,Benign,None,Benign,0
2512,UE_6,tcp,321,-50.51,39.17,2.448,2.448,68,45,23,28105,17658,10447,392.4,454.2,27.78,18.38,9.4,91846.41,64,64,65535,65535,0.0386,0.0193,0.0193,136,0,0,Benign,None,Benign,0
826,UE_2,tcp,235.5,-52.24,40.68,7.974,7.974,371,73,298,417758,6220,411538,85.2,1381,46.53,9.15,37.37,419120.14,64,64,131072,131072,0.0141,0.0071,0.0071,242,1,0.05,Benign,None,Benign,0
2193,UE_5,tcp,309,-52.27,40.94,9.238,9.238,408,62,346,509128,3968,505160,64,1460,44.17,6.71,37.45,440898.9,64,64,262144,262144,0.018,0.009,0.009,466,0,0,Benign,None,Benign,0
4435,UE_9,tcp,409.2,-55.88,38.4,0.0023,0.0023,1,1,0,44,44,0,44,0,434.78,434.78,0,153043.48,50,0,1024,0,0,0,0,0,1,100,SYNScan,Nmap,Malicious,1
466,UE_1,tcp,146.1,-44.37,48.21,2.531,2.531,73,13,60,52477,2275,50202,175,836.7,28.84,5.14,23.71,165869.62,64,64,65535,65535,0.0349,0.0175,0.0175,466,0,0,Benign,None,Benign,0
3858,UE_8,udp,403.8,-52.27,41.01,0.339,0.339,1973,1973,0,1899210,1899210,0,962.6,0,5820.06,5820.06,0,44819115.04,64,0,0,0,0,0,0,0,1578,80,UDPFlood,Hping3,Malicious,1
2530,UE_6,tcp,321,-51.14,38.98,2.428,2.428,90,45,45,51688,22271,29417,494.9,653.7,37.07,18.53,18.53,170306.43,64,64,65535,65535,0.0414,0.0207,0.0207,253,0,0,Benign,None,Benign,0
2681,UE_6,tcp,321,-51,39.37,3.171,3.171,50,21,29,23274,8362,14912,398.2,514.2,15.77,6.62,9.15,58717.12,64,64,65535,65535,0.0367,0.0184,0.0184,479,0,0,Benign,None,Benign,0
3331,UE_7,tcp,413,-60.15,34.85,0.0959,0.0959,684,684,0,27360,27360,0,40,0,7132.43,7132.43,0,2282377.48,128,0,1024,0,0,0,0,0,684,100,SYNFlood,Hping3,Malicious,1
1683,UE_4,udp,116.4,-41.22,52.47,0.161,0.161,3,1,2,199,79,120,78.5,59.8,18.63,6.21,12.42,9888.2,64,64,0,0,0,0,0,235,1,0.05,Benign,None,Benign,0
2621,UE_6,tcp,321,-51.54,40.7,2.241,2.241,42,20,22,19034,9196,9838,459.8,447.2,18.74,8.92,9.82,67948.24,64,64,65535,65535,0.0247,0.0124,0.0124,197,1,0.05,Benign,None,Benign,0
1892,UE_4,udp,116.4,-40.49,52.58,0.132,0.132,4,3,1,326,264,62,88,62,30.3,22.73,7.58,19757.58,64,64,0,0,0,0,0,318,0,0,Benign,None,Benign,0
3789,UE_8,udp,403.8,-52.39,39.94,0.335,0.335,912,912,0,678346,678346,0,743.8,0,2722.39,2722.39,0,16199307.46,64,0,0,0,0,0,0,0,730,80,UDPFlood,Hping3,Malicious,1
2886,UE_6,tcp,321,-51.43,39.04,3.11,3.11,61,36,25,26674,13021,13653,361.7,546.1,19.61,11.58,8.04,68614.79,64,64,65535,65535,0.0352,0.0176,0.0176,475,1,0.05,Benign,None,Benign,0
3157,UE_7,tcp,413,-59.59,34.06,0.0474,0.0474,379,379,0,15160,15160,0,40,0,7995.78,7995.78,0,2558649.79,128,0,1024,0,0,0,0,0,379,100,SYNFlood,Hping3,Malicious,1
1034,UE_3,udp,127.5,-42.42,51.87,5.988,5.988,194,99,95,33609,16860,16749,170.3,176.3,32.4,16.53,15.87,44901.8,64,64,0,0,0,0,0,321,0,0,Benign,None,Benign,0
189,UE_1,tcp,146.1,-44.68,48.88,2.294,2.294,84,28,56,61625,5860,55765,209.3,995.8,36.62,12.21,24.41,214908.46,64,64,65535,65535,0.0274,0.0137,0.0137,511,0,0,Benign,None,Benign,0
4821,UE_10,tcp,440.7,-54.48,39.13,56.25,56.25,28,18,10,1080,680,400,37.8,40,0.5,0.32,0.18,153.6,64,64,512,16384,0.1854,0.1112,0.0742,128,0,0,SlowrateDoS,Slowloris,Malicious,1
197,UE_1,tcp,146.1,-44.3,47.8,4.326,4.326,33,11,22,22440,1960,20480,178.2,930.9,7.63,2.54,5.09,41497.92,64,64,65535,65535,0.0224,0.0112,0.0112,417,0,0,Benign,None,Benign,0
537,UE_2,tcp,235.5,-52.82,41.86,4.568,4.568,413,56,357,501856,5090,496766,90.9,1391.5,90.41,12.26,78.15,878907.18,64,64,131072,131072,0.011,0.0055,0.0055,500,0,0,Benign,None,Benign,0
3280,UE_7,tcp,413,-59.48,34.34,0.0717,0.0717,413,413,0,16520,16520,0,40,0,5760.11,5760.11,0,1843235.7,128,0,1024,0,0,0,0,0,413,100,SYNFlood,Hping3,Malicious,1
3463,UE_7,tcp,413,-59.58,33.93,0.1051,0.1051,549,549,0,21960,21960,0,40,0,5223.6,5223.6,0,1671550.9,128,0,1024,0,0,0,0,0,549,100,SYNFlood,Hping3,Malicious,1
4607,UE_10,tcp,440.7,-54.26,38.62,32.32,32.32,15,9,6,494,254,240,28.2,40,0.46,0.28,0.19,122.28,64,64,512,16384,0.1168,0.0701,0.0467,128,0,0,SlowrateDoS,Slowloris,Malicious,1
3653,UE_8,udp,403.8,-51.47,39.4,0.268,0.268,1472,1472,0,754842,754842,0,512.8,0,5492.54,5492.54,0,22532597.01,64,0,0,0,0,0,0,0,1178,80,UDPFlood,Hping3,Malicious,1
574,UE_2,tcp,235.5,-52.76,41.05,9.277,9.277,439,43,396,502140,5160,496980,120,1255,47.32,4.64,42.69,433019.3,64,64,131072,131072,0.0153,0.0077,0.0077,169,0,0,Benign,None,Benign,0
771,UE_2,tcp,235.5,-52.03,41.47,5.024,5.024,401,35,366,510161,3507,506654,100.2,1384.3,79.82,6.97,72.85,812358.28,64,64,131072,131072,0.015,0.0075,0.0075,368,0,0,Benign,None,Benign,0
4988,UE_10,tcp,440.7,-54.12,39.7,45.01,45.01,26,14,12,935,455,480,32.5,40,0.58,0.31,0.27,166.19,64,64,512,16384,0.1726,0.1036,0.069,128,0,0,SlowrateDoS,Slowloris,Malicious,1
4148,UE_9,tcp,409.2,-55,39.02,0.0011,0.0011,2,1,1,84,44,40,44,40,1818.18,909.09,909.09,610909.09,46,55,1024,0,0.0122,0,0,0,0,0,SYNScan,Nmap,Malicious,1
968,UE_2,tcp,235.5,-52.79,41.25,8.815,8.815,293,64,229,328854,6880,321974,107.5,1406,33.24,7.26,25.98,298449.46,64,64,131072,131072,0.0161,0.0081,0.0081,131,0,0,Benign,None,Benign,0
1199,UE_3,udp,127.5,-41.68,51.67,5.046,5.046,291,144,147,47169,23414,23755,162.6,161.6,57.67,28.54,29.13,74782.4,64,64,0,0,0,0,0,478,0,0,Benign,None,Benign,0
3181,UE_7,tcp,413,-59.85,34.1,0.0498,0.0498,774,774,0,30960,30960,0,40,0,15542.17,15542.17,0,4973493.98,128,0,1024,0,0,0,0,0,774,100,SYNFlood,Hping3,Malicious,1
3207,UE_7,tcp,413,-60.07,33.35,0.0877,0.0877,853,853,0,34120,34120,0,40,0,9726.34,9726.34,0,3112428.73,128,0,1024,0,0,0,0,0,853,100,SYNFlood,Hping3,Malicious,1
4616,UE_10,tcp,440.7,-54.26,39.05,49.7,49.7,13,9,4,495,335,160,37.2,40,0.26,0.18,0.08,79.68,64,64,512,16384,0.1437,0.0862,0.0575,128,0,0,SlowrateDoS,Slowloris,Malicious,1
3645,UE_8,udp,403.8,-52.34,40.7,0.44,0.44,2254,2254,0,2066918,2066918,0,917,0,5122.73,5122.73,0,37580327.27,64,0,0,0,0,0,0,0,1803,80,UDPFlood,Hping3,Malicious,1
895,UE_2,tcp,235.5,-52.32,40.71,5.985,5.985,295,59,236,293932,5587,288345,94.7,1221.8,49.29,9.86,39.43,392891.56,64,64,131072,131072,0.011,0.0055,0.0055,243,0,0,Benign,None,Benign,0
1459,UE_3,udp,127.5,-42.26,49.91,5.367,5.367,174,89,85,28246,14382,13864,161.6,163.1,32.42,16.58,15.84,42103.22,64,64,0,0,0,0,0,497,0,0,Benign,None,Benign,0
3051,UE_7,tcp,413,-60.16,34.59,0.0702,0.0702,710,710,0,28400,28400,0,40,0,10113.96,10113.96,0,3236467.24,128,0,1024,0,0,0,0,0,710,100,SYNFlood,Hping3,Malicious,1
2498,UE_5,tcp,309,-53.17,39.77,6.503,6.503,538,45,493,722660,2880,719780,64,1460,82.73,6.92,75.81,889017.38,64,64,262144,262144,0.0214,0.0107,0.0107,206,0,0,Benign,None,Benign,0
2548,UE_6,tcp,321,-50.93,39.5,2.827,2.827,83,40,43,33053,14924,18129,373.1,421.6,29.36,14.15,15.21,93535.2,64,64,65535,65535,0.0287,0.0144,0.0144,305,0,0,Benign,None,Benign,0
4270,UE_9,tcp,409.2,-55.08,38.05,0.0041,0.0041,1,1,0,44,44,0,44,0,243.9,243.9,0,85853.66,52,0,1024,0,0,0,0,0,1,100,SYNScan,Nmap,Malicious,1
1415,UE_3,udp,127.5,-42.76,51.32,3.442,3.442,226,115,111,37107,18803,18304,163.5,164.9,65.66,33.41,32.25,86245.21,64,64,0,0,0,0,0,225,0,0,Benign,None,Benign,0
3836,UE_8,udp,403.8,-52.1,41.02,0.208,0.208,1998,1998,0,1970627,1970627,0,986.3,0,9605.77,9605.77,0,75793346.15,64,0,0,0,0,0,0,0,1598,80,UDPFlood,Hping3,Malicious,1
4430,UE_9,tcp,409.2,-55.07,39.37,0.0058,0.0058,2,1,1,84,44,40,44,40,344.83,172.41,172.41,115862.07,55,55,1024,0,0.007,0,0,0,0,0,SYNScan,Nmap,Malicious,1
2796,UE_6,tcp,321,-51.66,39.49,1.686,1.686,55,31,24,20955,9334,11621,301.1,484.2,32.62,18.39,14.23,99430.6,64,64,65535,65535,0.0351,0.0176,0.0176,456,0,0,Benign,None,Benign,0
1261,UE_3,udp,127.5,-41.09,51.03,4.395,4.395,268,134,134,45185,23035,22150,171.9,165.3,60.98,30.49,30.49,82248.01,64,64,0,0,0,0,0,185,0,0,Benign,None,Benign,0
2759,UE_6,tcp,321,-51.76,39.39,2.378,2.378,62,25,37,27007,8788,18219,351.5,492.4,26.07,10.51,15.56,90856.18,64,64,65535,65535,0.0363,0.0182,0.0182,434,0,0,Benign,None,Benign,0
3238,UE_7,tcp,413,-59.61,33.96,0.0174,0.0174,480,480,0,19200,19200,0,40,0,27586.21,27586.21,0,8827586.21,128,0,1024,0,0,0,0,0,480,100,SYNFlood,Hping3,Malicious,1
4075,UE_9,tcp,409.2,-55.1,39.14,0.005,0.005,1,1,0,44,44,0,44,0,200,200,0,70400,55,0,1024,0,0,0,0,0,1,100,SYNScan,Nmap,Malicious,1
176,UE_1,tcp,146.1,-44.67,49.21,2.346,2.346,73,26,47,58787,6227,52560,239.5,1118.3,31.12,11.08,20.03,200467.18,64,64,65535,65535,0.0334,0.0167,0.0167,142,1,0.05,Benign,None,Benign,0
2068,UE_5,tcp,309,-53.57,38.82,9.292,9.292,444,69,375,551916,4416,547500,64,1460,47.78,7.43,40.36,475175.2,64,64,262144,262144,0.0146,0.0073,0.0073,274,0,0,Benign,None,Benign,0
2740,UE_6,tcp,321,-51.36,39.79,2.526,2.526,73,35,38,29194,11592,17602,331.2,463.2,28.9,13.86,15.04,92459.22,64,64,65535,65535,0.0265,0.0133,0.0133,327,0,0,Benign,None,Benign,0
1068,UE_3,udp,127.5,-41.29,51.4,3.38,3.38,289,146,143,49630,25492,24138,174.6,168.8,85.5,43.2,42.31,117467.46,64,64,0,0,0,0,0,200,0,0,Benign,None,Benign,0
2435,UE_5,tcp,309,-52.46,39.45,6.565,6.565,541,97,444,654448,6208,648240,64,1460,82.41,14.78,67.63,797499.47,64,64,262144,262144,0.0134,0.0067,0.0067,384,0,0,Benign,None,Benign,0
4146,UE_9,tcp,409.2,-55.53,39.56,0.0028,0.0028,1,1,0,44,44,0,44,0,357.14,357.14,0,125714.29,59,0,1024,0,0,0,0,0,1,100,SYNScan,Nmap,Malicious,1
3740,UE_8,udp,403.8,-51.93,40.14,0.232,0.232,1531,1531,0,1451235,1451235,0,947.9,0,6599.14,6599.14,0,50042586.21,64,0,0,0,0,0,0,0,1225,80,UDPFlood,Hping3,Malicious,1
3946,UE_8,udp,403.8,-51.99,40.82,0.491,0.491,2452,2452,0,1938551,1938551,0,790.6,0,4993.89,4993.89,0,31585352.34,64,0,0,0,0,0,0,0,1962,80,UDPFlood,Hping3,Malicious,1
4535,UE_10,tcp,440.7,-54.92,39.52,64.11,64.11,23,16,7,701,421,280,26.3,40,0.36,0.25,0.11,87.47,64,64,512,16384,0.1029,0.0617,0.0412,128,0,0,SlowrateDoS,Slowloris,Malicious,1
707,UE_2,tcp,235.5,-51.68,40.39,5.28,5.28,225,54,171,224551,4919,219632,91.1,1284.4,42.61,10.23,32.39,340228.79,64,64,131072,131072,0.0289,0.0145,0.0145,333,1,0.05,Benign,None,Benign,0
4302,UE_9,tcp,409.2,-54.39,38.96,0.0053,0.0053,2,1,1,84,44,40,44,40,377.36,188.68,188.68,126792.45,57,55,1024,0,0.0083,0,0,0,0,0,SYNScan,Nmap,Malicious,1
3739,UE_8,udp,403.8,-52.82,41.05,0.256,0.256,2427,2427,0,2464133,2464133,0,1015.3,0,9480.47,9480.47,0,77004156.25,64,0,0,0,0,0,0,0,1942,80,UDPFlood,Hping3,Malicious,1
4080,UE_9,tcp,409.2,-54.54,38.47,0.0035,0.0035,1,1,0,44,44,0,44,0,285.71,285.71,0,100571.43,57,0,1024,0,0,0,0,0,1,100,SYNScan,Nmap,Malicious,1
4238,UE_9,tcp,409.2,-55.48,39.45,0.0017,0.0017,1,1,0,44,44,0,44,0,588.24,588.24,0,207058.82,49,0,1024,0,0,0,0,0,1,100,SYNScan,Nmap,Malicious,1
2038,UE_5,tcp,309,-51.92,38.95,8.387,8.387,468,93,375,553452,5952,547500,64,1460,55.8,11.09,44.71,527914.15,64,64,262144,262144,0.0194,0.0097,0.0097,390,1,0.05,Benign,None,Benign,0
4312,UE_9,tcp,409.2,-55.25,38.58,0.0024,0.0024,1,1,0,44,44,0,44,0,416.67,416.67,0,146666.67,60,0,1024,0,0,0,0,0,1,100,SYNScan,Nmap,Malicious,1
3044,UE_7,tcp,413,-59.14,34.72,0.0601,0.0601,349,349,0,13960,13960,0,40,0,5806.99,5806.99,0,1858236.27,128,0,1024,0,0,0,0,0,349,100,SYNFlood,Hping3,Malicious,1
472,UE_1,tcp,146.1,-43.64,48.98,2.343,2.343,74,35,39,54620,8705,45915,248.7,1177.3,31.58,14.94,16.65,186495.95,64,64,65535,65535,0.0225,0.0113,0.0113,131,1,0.05,Benign,None,Benign,0
3273,UE_7,tcp,413,-60.18,34.31,0.0473,0.0473,927,927,0,37080,37080,0,40,0,19598.31,19598.31,0,6271458.77,128,0,1024,0,0,0,0,0,927,100,SYNFlood,Hping3,Malicious,1
243,UE_1,tcp,146.1,-44.53,48.44,3.005,3.005,58,22,36,50134,5487,44647,249.4,1240.2,19.3,7.32,11.98,133468.22,64,64,65535,65535,0.0337,0.0169,0.0169,181,0,0,Benign,None,Benign,0
2472,UE_5,tcp,309,-53.24,40.1,12.378,12.378,800,66,734,1075864,4224,1071640,64,1460,64.63,5.33,59.3,695339.47,64,64,262144,262144,0.0244,0.0122,0.0122,359,1,0.05,Benign,None,Benign,0
2790,UE_6,tcp,321,-51.56,39.49,2.506,2.506,65,26,39,32613,10590,22023,407.3,564.7,25.94,10.38,15.56,104111.73,64,64,65535,65535,0.0262,0.0131,0.0131,180,0,0,Benign,None,Benign,0
1402,UE_3,udp,127.5,-41.03,50.95,5.73,5.73,245,121,124,41588,20570,21018,170,169.5,42.76,21.12,21.64,58063.53,64,64,0,0,0,0,0,215,0,0,Benign,None,Benign,0
372,UE_1,tcp,146.1,-43.58,48.78,1.587,1.587,41,14,27,29984,2579,27405,184.2,1015,25.83,8.82,17.01,151148.08,64,64,65535,65535,0.0399,0.02,0.02,248,1,0.05,Benign,None,Benign,0
1425,UE_3,udp,127.5,-41.36,51.23,1.181,1.181,269,136,133,45724,24072,21652,177,162.8,227.77,115.16,112.62,309730.74,64,64,0,0,0,0,0,273,1,0.05,Benign,None,Benign,0
1301,UE_3,udp,127.5,-42.09,51.27,5.92,5.92,188,95,93,30967,15761,15206,165.9,163.5,31.76,16.05,15.71,41847.3,64,64,0,0,0,0,0,435,0,0,Benign,None,Benign,0
3421,UE_7,tcp,413,-60.03,33.84,0.0218,0.0218,380,380,0,15200,15200,0,40,0,17431.19,17431.19,0,5577981.65,128,0,1024,0,0,0,0,0,380,100,SYNFlood,Hping3,Malicious,1
3457,UE_7,tcp,413,-59.93,34.66,0.0848,0.0848,215,215,0,8600,8600,0,40,0,2535.38,2535.38,0,811320.75,128,0,1024,0,0,0,0,0,215,100,SYNFlood,Hping3,Malicious,1
2812,UE_6,tcp,321,-51.57,40.29,2.451,2.451,60,32,28,27066,11341,15725,354.4,561.6,24.48,13.06,11.42,88342.72,64,64,65535,65535,0.0239,0.012,0.012,461,0,0,Benign,None,Benign,0
640,UE_2,tcp,235.5,-52.38,41.79,6.414,6.414,522,72,450,584483,6998,577485,97.2,1283.3,81.38,11.23,70.16,729009.04,64,64,131072,131072,0.0281,0.0141,0.0141,314,0,0,Benign,None,Benign,0
715,UE_2,tcp,235.5,-52.76,40.09,9.472,9.472,265,39,226,297466,3756,293710,96.3,1299.6,27.98,4.12,23.86,251238.18,64,64,131072,131072,0.0259,0.013,0.013,327,0,0,Benign,None,Benign,0
2457,UE_5,tcp,309,-53.21,39.67,7.519,7.519,816,40,776,1135520,2560,1132960,64,1460,108.53,5.32,103.21,1208160.66,64,64,262144,262144,0.0163,0.0082,0.0082,453,1,0.05,Benign,None,Benign,0
3440,UE_7,tcp,413,-60.15,34.93,0.0537,0.0537,953,953,0,38120,38120,0,40,0,17746.74,17746.74,0,5678957.17,128,0,1024,0,0,0,0,0,953,100,SYNFlood,Hping3,Malicious,1
4330,UE_9,tcp,409.2,-55.11,38.75,0.0034,0.0034,1,1,0,44,44,0,44,0,294.12,294.12,0,103529.41,50,0,1024,0,0,0,0,0,1,100,SYNScan,Nmap,Malicious,1
4947,UE_10,tcp,440.7,-53.49,39.49,46.7,46.7,20,16,4,576,416,160,26,40,0.43,0.34,0.09,98.67,64,64,512,16384,0.0942,0.0565,0.0377,128,0,0,SlowrateDoS,Slowloris,Malicious,1
996,UE_2,tcp,235.5,-52.94,40.31,2.066,2.066,262,67,195,287066,7806,279260,116.5,1432.1,126.82,32.43,94.39,1111581.8,64,64,131072,131072,0.0231,0.0116,0.0116,138,1,0.05,Benign,None,Benign,0
1328,UE_3,udp,127.5,-42.52,50.48,2.525,2.525,171,86,85,27600,13932,13668,162,160.8,67.72,34.06,33.66,87445.54,64,64,0,0,0,0,0,199,0,0,Benign,None,Benign,0
216,UE_1,tcp,146.1,-45.35,48.03,3.985,3.985,81,29,52,54644,6279,48365,216.5,930.1,20.33,7.28,13.05,109699.37,64,64,65535,65535,0.0422,0.0211,0.0211,379,1,0.05,Benign,None,Benign,0
2994,UE_6,tcp,321,-51.15,40.04,2.948,2.948,42,18,24,18933,7358,11575,408.8,482.3,14.25,6.11,8.14,51378.56,64,64,65535,65535,0.0256,0.0128,0.0128,153,0,0,Benign,None,Benign,0
1984,UE_4,udp,116.4,-41.11,52.51,0.084,0.084,2,1,1,137,81,56,81.2,55.7,23.81,11.9,11.9,13047.62,64,64,0,0,0,0,0,201,0,0,Benign,None,Benign,0
1959,UE_4,udp,116.4,-40.45,51.8,0.151,0.151,4,2,2,289,192,97,95.8,48.4,26.49,13.25,13.25,15311.26,64,64,0,0,0,0,0,480,0,0,Benign,None,Benign,0
4992,UE_10,tcp,440.7,-54.68,39.64,45.18,45.18,31,19,12,1084,604,480,31.8,40,0.69,0.42,0.27,191.94,64,64,512,16384,0.1677,0.1006,0.0671,128,0,0,SlowrateDoS,Slowloris,Malicious,1
3428,UE_7,tcp,413,-60.11,32.88,0.0834,0.0834,1000,1000,0,40000,40000,0,40,0,11990.41,11990.41,0,3836930.46,128,0,1024,0,0,0,0,0,1000,100,SYNFlood,Hping3,Malicious,1
2037,UE_5,tcp,309,-53.19,39.92,6.68,6.68,625,72,553,811988,4608,807380,64,1460,93.56,10.78,82.78,972440.72,64,64,262144,262144,0.0163,0.0082,0.0082,148,0,0,Benign,None,Benign,0
3675,UE_8,udp,403.8,-51.63,41.16,0.199,0.199,2001,2001,0,1202401,1202401,0,600.9,0,10055.28,10055.28,0,48337728.64,64,0,0,0,0,0,0,0,1601,80,UDPFlood,Hping3,Malicious,1
3623,UE_8,udp,403.8,-52.52,39.6,0.41,0.41,979,979,0,587400,587400,0,600,0,2387.8,2387.8,0,11461463.41,64,0,0,0,0,0,0,0,783,80,UDPFlood,Hping3,Malicious,1
3142,UE_7,tcp,413,-60.19,34.64,0.0574,0.0574,588,588,0,23520,23520,0,40,0,10243.9,10243.9,0,3278048.78,128,0,1024,0,0,0,0,0,588,100,SYNFlood,Hping3,Malicious,1
4673,UE_10,tcp,440.7,-54.17,39.51,25.61,25.61,22,11,11,837,397,440,36.1,40,0.86,0.43,0.43,261.46,64,64,512,16384,0.1605,0.0963,0.0642,128,0,0,SlowrateDoS,Slowloris,Malicious,1
115,UE_1,tcp,146.1,-43.71,48.31,2.968,2.968,80,35,45,56425,6160,50265,176,1117,26.95,11.79,15.16,152088.95,64,64,65535,65535,0.0312,0.0156,0.0156,130,0,0,Benign,None,Benign,0
4702,UE_10,tcp,440.7,-54.1,39.53,31.55,31.55,19,8,11,701,261,440,32.6,40,0.6,0.25,0.35,177.75,64,64,512,16384,0.1656,0.0994,0.0662,128,0,0,SlowrateDoS,Slowloris,Malicious,1
504,UE_2,tcp,235.5,-51.93,40.98,5.868,5.868,223,51,172,248138,4294,243844,84.2,1417.7,38,8.69,29.31,338293.12,64,64,131072,131072,0.0148,0.0074,0.0074,364,0,0,Benign,None,Benign,0
4268,UE_9,tcp,409.2,-55.24,39.34,0.0025,0.0025,1,1,0,44,44,0,44,0,400,400,0,140800,59,0,1024,0,0,0,0,0,1,100,SYNScan,Nmap,Malicious,1
541,UE_2,tcp,235.5,-52.81,40.51,6.358,6.358,273,36,237,300780,3226,297554,89.6,1255.5,42.94,5.66,37.28,378458.63,64,64,131072,131072,0.0182,0.0091,0.0091,261,0,0,Benign,None,Benign,0
3727,UE_8,udp,403.8,-52.16,41.35,0.286,0.286,1320,1320,0,890472,890472,0,674.6,0,4615.38,4615.38,0,24908307.69,64,0,0,0,0,0,0,0,1056,80,UDPFlood,Hping3,Malicious,1
699,UE_2,tcp,235.5,-52.05,40.8,9.461,9.461,418,49,369,466427,3959,462468,80.8,1253.3,44.18,5.18,39,394399.75,64,64,131072,131072,0.0197,0.0099,0.0099,376,0,0,Benign,None,Benign,0
3746,UE_8,udp,403.8,-51.39,40.73,0.106,0.106,2411,2411,0,1848996,1848996,0,766.9,0,22745.28,22745.28,0,139546867.92,64,0,0,0,0,0,0,0,1929,80,UDPFlood,Hping3,Malicious,1
2323,UE_5,tcp,309,-53.68,40.73,7.932,7.932,679,67,612,897808,4288,893520,64,1460,85.6,8.45,77.16,905504.79,64,64,262144,262144,0.0202,0.0101,0.0101,207,0,0,Benign,None,Benign,0
3094,UE_7,tcp,413,-59.4,33.65,0.1079,0.1079,807,807,0,32280,32280,0,40,0,7479.15,7479.15,0,2393327.15,128,0,1024,0,0,0,0,0,807,100,SYNFlood,Hping3,Malicious,1
3602,UE_8,udp,403.8,-52.18,40.61,0.284,0.284,2070,2070,0,1136223,1136223,0,548.9,0,7288.73,7288.73,0,32006281.69,64,0,0,0,0,0,0,0,1656,80,UDPFlood,Hping3,Malicious,1
4109,UE_9,tcp,409.2,-55.67,39.13,0.0014,0.0014,1,1,0,44,44,0,44,0,714.29,714.29,0,251428.57,59,0,1024,0,0,0,0,0,1,100,SYNScan,Nmap,Malicious,1
523,UE_2,tcp,235.5,-51.96,40.98,8.863,8.863,252,45,207,268256,3834,264422,85.2,1277.4,28.43,5.08,23.36,242135.62,64,64,131072,131072,0.0256,0.0128,0.0128,239,0,0,Benign,None,Benign,0
2191,UE_5,tcp,309,-53.98,40.17,6.744,6.744,784,52,732,1072048,3328,1068720,64,1460,116.25,7.71,108.54,1271705.81,64,64,262144,262144,0.0242,0.0121,0.0121,366,0,0,Benign,None,Benign,0
649,UE_2,tcp,235.5,-52.27,41.21,3.508,3.508,512,71,441,592397,6440,585957,90.7,1328.7,145.95,20.24,125.71,1350962.37,64,64,131072,131072,0.0117,0.0059,0.0059,305,0,0,Benign,None,Benign,0
2657,UE_6,tcp,321,-51.08,40.05,1.103,1.103,60,32,28,23407,12061,11346,376.9,405.2,54.4,29.01,25.39,169769.72,64,64,65535,65535,0.0296,0.0148,0.0148,434,0,0,Benign,None,Benign,0
1689,UE_4,udp,116.4,-40.1,53.75,0.114,0.114,3,1,2,195,91,104,91,52.1,26.32,8.77,17.54,13684.21,64,64,0,0,0,0,0,141,0,0,Benign,None,Benign,0
731,UE_2,tcp,235.5,-52.48,41.31,5.946,5.946,265,59,206,290156,6844,283312,116,1375.3,44.57,9.92,34.65,390388.16,64,64,131072,131072,0.0227,0.0114,0.0114,312,0,0,Benign,None,Benign,0
4572,UE_10,tcp,440.7,-53.36,40.22,32.79,32.79,23,14,9,879,519,360,37.1,40,0.7,0.43,0.27,214.46,64,64,512,16384,0.2128,0.1277,0.0851,128,0,0,SlowrateDoS,Slowloris,Malicious,1
2974,UE_6,tcp,321,-51.82,39.79,0.949,0.949,53,25,28,22266,8022,14244,320.9,508.7,55.85,26.34,29.5,187700.74,64,64,65535,65535,0.0275,0.0138,0.0138,400,1,0.05,Benign,None,Benign,0
3944,UE_8,udp,403.8,-52.89,41.46,0.207,0.207,551,551,0,343549,343549,0,623.5,0,2661.84,2661.84,0,13277256.04,64,0,0,0,0,0,0,0,441,80,UDPFlood,Hping3,Malicious,1
965,UE_2,tcp,235.5,-52.76,41.01,4.062,4.062,335,41,294,373335,4100,369235,100,1255.9,82.47,10.09,72.38,735273.26,64,64,131072,131072,0.0154,0.0077,0.0077,200,1,0.05,Benign,None,Benign,0
2688,UE_6,tcp,321,-51.4,40.81,1.305,1.305,68,35,33,29879,12534,17345,358.1,525.6,52.11,26.82,25.29,183166.28,64,64,65535,65535,0.0311,0.0156,0.0156,440,0,0,Benign,None,Benign,0
3973,UE_8,udp,403.8,-52.64,40.54,0.36,0.36,915,915,0,794403,794403,0,868.2,0,2541.67,2541.67,0,17653400,64,0,0,0,0,0,0,0,732,80,UDPFlood,Hping3,Malicious,1
4229,UE_9,tcp,409.2,-55.48,38.74,0.0057,0.0057,1,1,0,44,44,0,44,0,175.44,175.44,0,61754.39,57,0,1024,0,0,0,0,0,1,100,SYNScan,Nmap,Malicious,1
83,UE_1,tcp,146.1,-43.71,47.72,4.487,4.487,67,23,44,55304,3604,51700,156.7,1175,14.93,5.13,9.81,98603.08,64,64,65535,65535,0.0213,0.0107,0.0107,287,0,0,Benign,None,Benign,0
2268,UE_5,tcp,309,-53.52,39.96,3.261,3.261,730,73,657,963892,4672,959220,64,1460,223.86,22.39,201.47,2364653.79,64,64,262144,262144,0.0151,0.0076,0.0076,355,0,0,Benign,None,Benign,0
3034,UE_7,tcp,413,-59.52,33.71,0.0833,0.0833,779,779,0,31160,31160,0,40,0,9351.74,9351.74,0,2992557.02,128,0,1024,0,0,0,0,0,779,100,SYNFlood,Hping3,Malicious,1
2874,UE_6,tcp,321,-51.32,40.19,2.135,2.135,57,23,34,29036,11084,17952,481.9,528,26.7,10.77,15.93,108800,64,64,65535,65535,0.0357,0.0179,0.0179,220,0,0,Benign,None,Benign,0
1145,UE_3,udp,127.5,-42.18,51.64,3.251,3.251,250,125,125,41075,20575,20500,164.6,164,76.9,38.45,38.45,101076.59,64,64,0,0,0,0,0,294,1,0.05,Benign,None,Benign,0
3912,UE_8,udp,403.8,-52.59,40.19,0.204,0.204,1714,1714,0,1520147,1520147,0,886.9,0,8401.96,8401.96,0,59613607.84,64,0,0,0,0,0,0,0,1371,80,UDPFlood,Hping3,Malicious,1
1560,UE_4,udp,116.4,-40.79,52.22,0.105,0.105,4,3,1,329,275,54,91.5,53.5,38.1,28.57,9.52,25066.67,64,64,0,0,0,0,0,362,0,0,Benign,None,Benign,0
4565,UE_10,tcp,440.7,-53.98,38.67,44.83,44.83,18,13,5,591,391,200,30.1,40,0.4,0.29,0.11,105.47,64,64,512,16384,0.2275,0.1365,0.091,128,0,0,SlowrateDoS,Slowloris,Malicious,1
2106,UE_5,tcp,309,-53.68,40.13,9.958,9.958,848,59,789,1155716,3776,1151940,64,1460,85.16,5.92,79.23,928472.38,64,64,262144,262144,0.0202,0.0101,0.0101,233,0,0,Benign,None,Benign,0
1304,UE_3,udp,127.5,-42.38,51.28,1.013,1.013,123,60,63,21368,10752,10616,179.2,168.5,121.42,59.23,62.19,168750.25,64,64,0,0,0,0,0,242,0,0,Benign,None,Benign,0
1242,UE_3,udp,127.5,-41.03,51.51,3.675,3.675,261,130,131,44046,21619,22427,166.3,171.2,71.02,35.37,35.65,95882.45,64,64,0,0,0,0,0,427,1,0.05,Benign,None,Benign,0
1206,UE_3,udp,127.5,-42.34,50.83,5.354,5.354,95,50,45,15881,8465,7416,169.3,164.8,17.74,9.34,8.4,23729.55,64,64,0,0,0,0,0,505,0,0,Benign,None,Benign,0
1202,UE_3,udp,127.5,-43.14,50.47,2.99,2.99,231,118,113,38385,19175,19210,162.5,170,77.26,39.46,37.79,102702.34,64,64,0,0,0,0,0,242,0,0,Benign,None,Benign,0
1159,UE_3,udp,127.5,-42.09,50.87,5.422,5.422,234,118,116,40675,20166,20509,170.9,176.8,43.16,21.76,21.39,60014.75,64,64,0,0,0,0,0,512,0,0,Benign,None,Benign,0
280,UE_1,tcp,146.1,-44.47,47.65,0.974,0.974,53,17,36,50792,4114,46678,242,1296.6,54.41,17.45,36.96,417182.75,64,64,65535,65535,0.0163,0.0082,0.0082,313,0,0,Benign,None,Benign,0
2341,UE_5,tcp,309,-52.85,40.05,8.211,8.211,706,100,606,891160,6400,884760,64,1460,85.98,12.18,73.8,868259.65,64,64,262144,262144,0.0137,0.0069,0.0069,326,1,0.05,Benign,None,Benign,0
4697,UE_10,tcp,440.7,-54.04,39.05,57.39,57.39,25,19,6,702,462,240,24.3,40,0.44,0.33,0.1,97.86,64,64,512,16384,0.2149,0.1289,0.086,128,0,0,SlowrateDoS,Slowloris,Malicious,1
1484,UE_3,udp,127.5,-41.7,51.14,2.613,2.613,180,92,88,30943,16247,14696,176.6,167,68.89,35.21,33.68,94735.55,64,64,0,0,0,0,0,380,0,0,Benign,None,Benign,0
1353,UE_3,udp,127.5,-42.24,50.72,1.474,1.474,165,85,80,27906,13914,13992,163.7,174.9,111.94,57.67,54.27,151457.26,64,64,0,0,0,0,0,209,0,0,Benign,None,Benign,0
465,UE_1,tcp,146.1,-44.56,49.17,0.543,0.543,84,24,60,63202,4486,58716,186.9,978.6,154.7,44.2,110.5,931152.85,64,64,65535,65535,0.0253,0.0127,0.0127,279,0,0,Benign,None,Benign,0
1519,UE_4,udp,116.4,-40.36,52.24,0.153,0.153,5,3,2,308,194,114,64.8,57.1,32.68,19.61,13.07,16104.58,64,64,0,0,0,0,0,297,1,0.05,Benign,None,Benign,0
2346,UE_5,tcp,309,-52.94,39.44,9.955,9.955,571,79,492,723376,5056,718320,64,1460,57.36,7.94,49.42,581316.73,64,64,262144,262144,0.0156,0.0078,0.0078,459,0,0,Benign,None,Benign,0
975,UE_2,tcp,235.5,-52.49,40.25,8.218,8.218,437,78,359,481868,8096,473772,103.8,1319.7,53.18,9.49,43.68,469085.42,64,64,131072,131072,0.0173,0.0087,0.0087,446,0,0,Benign,None,Benign,0
4152,UE_9,tcp,409.2,-56.29,38.32,0.0038,0.0038,1,1,0,44,44,0,44,0,263.16,263.16,0,92631.58,47,0,1024,0,0,0,0,0,1,100,SYNScan,Nmap,Malicious,1
3542,UE_8,udp,403.8,-51.95,40.63,0.164,0.164,738,738,0,440143,440143,0,596.4,0,4500,4500,0,21470390.24,64,0,0,0,0,0,0,0,590,80,UDPFlood,Hping3,Malicious,1
1557,UE_4,udp,116.4,-40.34,52.18,0.184,0.184,2,1,1,117,66,51,65.8,51,10.87,5.43,5.43,5086.96,64,64,0,0,0,0,0,244,0,0,Benign,None,Benign,0
2808,UE_6,tcp,321,-51.08,40.36,2.602,2.602,46,24,22,24762,11494,13268,478.9,603.1,17.68,9.22,8.46,76132.21,64,64,65535,65535,0.0362,0.0181,0.0181,279,0,0,Benign,None,Benign,0
1565,UE_4,udp,116.4,-41.02,51.48,0.084,0.084,3,1,2,200,74,126,73.8,63.2,35.71,11.9,23.81,19047.62,64,64,0,0,0,0,0,352,1,0.05,Benign,None,Benign,0
4933,UE_10,tcp,440.7,-53.39,39.63,51.29,51.29,22,13,9,825,465,360,35.8,40,0.43,0.25,0.18,128.68,64,64,512,16384,0.0984,0.059,0.0394,128,0,0,SlowrateDoS,Slowloris,Malicious,1
4062,UE_9,tcp,409.2,-55.23,39.24,0.0018,0.0018,1,1,0,44,44,0,44,0,555.56,555.56,0,195555.56,52,0,1024,0,0,0,0,0,1,100,SYNScan,Nmap,Malicious,1
634,UE_2,tcp,235.5,-52.33,41.16,6.52,6.52,308,34,274,381942,3740,378202,110,1380.3,47.24,5.21,42.02,468640.49,64,64,131072,131072,0.0298,0.0149,0.0149,413,0,0,Benign,None,Benign,0
4808,UE_10,tcp,440.7,-54,39.31,36.25,36.25,20,14,6,597,357,240,25.5,40,0.55,0.39,0.17,131.75,64,64,512,16384,0.097,0.0582,0.0388,128,0,0,SlowrateDoS,Slowloris,Malicious,1
1430,UE_3,udp,127.5,-41.98,52.13,5.854,5.854,263,129,134,44113,22459,21654,174.1,161.6,44.93,22.04,22.89,60284.25,64,64,0,0,0,0,0,512,1,0.05,Benign,None,Benign,0
1570,UE_4,udp,116.4,-40.38,53.06,0.158,0.158,5,4,1,342,287,55,71.7,54.5,31.65,25.32,6.33,17316.46,64,64,0,0,0,0,0,150,0,0,Benign,None,Benign,0
1379,UE_3,udp,127.5,-41.81,50.81,1.837,1.837,151,76,75,25802,13239,12563,174.2,167.5,82.2,41.37,40.83,112365.81,64,64,0,0,0,0,0,296,1,0.05,Benign,None,Benign,0
3270,UE_7,tcp,413,-59.74,33.96,0.0579,0.0579,357,357,0,14280,14280,0,40,0,6165.8,6165.8,0,1973056.99,128,0,1024,0,0,0,0,0,357,100,SYNFlood,Hping3,Malicious,1
706,UE_2,tcp,235.5,-52.3,41.28,6.137,6.137,468,76,392,547277,6278,540999,82.6,1380.1,76.26,12.38,63.87,713413.07,64,64,131072,131072,0.0214,0.0107,0.0107,285,0,0,Benign,None,Benign,0
1401,UE_3,udp,127.5,-42.44,50.89,1.199,1.199,250,127,123,41809,21920,19889,172.6,161.7,208.51,105.92,102.59,278959.13,64,64,0,0,0,0,0,433,0,0,Benign,None,Benign,0
1554,UE_4,udp,116.4,-40.24,51.73,0.095,0.095,4,3,1,337,281,56,93.8,56.4,42.11,31.58,10.53,28378.95,64,64,0,0,0,0,0,491,1,0.05,Benign,None,Benign,0
1652,UE_4,udp,116.4,-40,51.87,0.08,0.08,6,4,2,431,318,113,79.5,56.6,75,50,25,43100,64,64,0,0,0,0,0,256,0,0,Benign,None,Benign,0
4501,UE_10,tcp,440.7,-53.86,38.24,33.79,33.79,23,17,6,915,675,240,39.7,40,0.68,0.5,0.18,216.63,64,64,512,16384,0.1611,0.0967,0.0644,128,0,0,SlowrateDoS,Slowloris,Malicious,1
2697,UE_6,tcp,321,-51.31,40.12,1.987,1.987,64,25,39,32173,7763,24410,310.5,625.9,32.21,12.58,19.63,129533.97,64,64,65535,65535,0.0201,0.0101,0.0101,131,0,0,Benign,None,Benign,0
539,UE_2,tcp,235.5,-52.62,41.1,7.45,7.45,398,66,332,462343,5511,456832,83.5,1376,53.42,8.86,44.56,496475.7,64,64,131072,131072,0.0113,0.0057,0.0057,506,0,0,Benign,None,Benign,0
3889,UE_8,udp,403.8,-52.38,41.22,0.155,0.155,1331,1331,0,973227,973227,0,731.2,0,8587.1,8587.1,0,50231070.97,64,0,0,0,0,0,0,0,1065,80,UDPFlood,Hping3,Malicious,1
470,UE_1,tcp,146.1,-43.93,48.17,1.895,1.895,64,19,45,42705,4216,38489,221.9,855.3,33.77,10.03,23.75,180284.96,64,64,65535,65535,0.0161,0.0081,0.0081,173,0,0,Benign,None,Benign,0
2552,UE_6,tcp,321,-51.33,39.22,2.12,2.12,47,27,20,26003,12169,13834,450.7,691.7,22.17,12.74,9.43,98124.53,64,64,65535,65535,0.0355,0.0178,0.0178,273,1,0.05,Benign,None,Benign,0
2958,UE_6,tcp,321,-51.9,39.42,1.287,1.287,68,23,45,36185,7650,28535,332.6,634.1,52.84,17.87,34.97,224926.18,64,64,65535,65535,0.0369,0.0185,0.0185,133,0,0,Benign,None,Benign,0
2404,UE_5,tcp,309,-52.85,39.25,3.401,3.401,690,96,594,873384,6144,867240,64,1460,202.88,28.23,174.65,2054416.94,64,64,262144,262144,0.025,0.0125,0.0125,468,0,0,Benign,None,Benign,0
21,UE_1,tcp,146.1,-44.63,48.04,2.072,2.072,78,33,45,54883,7574,47309,229.5,1051.3,37.64,15.93,21.72,211903.47,64,64,65535,65535,0.0323,0.0162,0.0162,221,1,0.05,Benign,None,Benign,0
2727,UE_6,tcp,321,-51.23,39.7,1.835,1.835,72,40,32,31640,16824,14816,420.6,463,39.24,21.8,17.44,137940.05,64,64,65535,65535,0.0304,0.0152,0.0152,379,0,0,Benign,None,Benign,0
545,UE_2,tcp,235.5,-52.08,41.25,9.321,9.321,413,37,376,481846,3800,478046,102.7,1271.4,44.31,3.97,40.34,413557.34,64,64,131072,131072,0.0195,0.0098,0.0098,382,0,0,Benign,None,Benign,0
4237,UE_9,tcp,409.2,-54.68,37.95,0.004,0.004,1,1,0,44,44,0,44,0,250,250,0,88000,60,0,1024,0,0,0,0,0,1,100,SYNScan,Nmap,Malicious,1
3587,UE_8,udp,403.8,-52.07,40.54,0.132,0.132,1774,1774,0,1666318,1666318,0,939.3,0,13439.39,13439.39,0,100988969.7,64,0,0,0,0,0,0,0,1419,80,UDPFlood,Hping3,Malicious,1
2158,UE_5,tcp,309,-53.17,39.78,12.203,12.203,927,75,852,1248720,4800,1243920,64,1460,75.96,6.15,69.82,818631.48,64,64,262144,262144,0.0127,0.0064,0.0064,367,0,0,Benign,None,Benign,0
793,UE_2,tcp,235.5,-52.87,40.87,5.626,5.626,472,70,402,513713,7434,506279,106.2,1259.4,83.9,12.44,71.45,730484.18,64,64,131072,131072,0.0155,0.0078,0.0078,429,1,0.05,Benign,None,Benign,0
2632,UE_6,tcp,321,-51.58,38.64,2.372,2.372,61,25,36,31402,9435,21967,377.4,610.2,25.72,10.54,15.18,105908.94,64,64,65535,65535,0.0346,0.0173,0.0173,387,1,0.05,Benign,None,Benign,0
4317,UE_9,tcp,409.2,-55.14,39.44,0.0054,0.0054,2,1,1,84,44,40,44,40,370.37,185.19,185.19,124444.44,51,55,1024,0,0.0138,0,0,0,0,0,SYNScan,Nmap,Malicious,1
1645,UE_4,udp,116.4,-40.55,52.21,0.15,0.15,6,4,2,401,292,109,72.9,54.4,40,26.67,13.33,21386.67,64,64,0,0,0,0,0,487,0,0,Benign,None,Benign,0
4246,UE_9,tcp,409.2,-55.44,38.72,0.0047,0.0047,1,1,0,44,44,0,44,0,212.77,212.77,0,74893.62,47,0,1024,0,0,0,0,0,1,100,SYNScan,Nmap,Malicious,1
3949,UE_8,udp,403.8,-52.53,41.68,0.418,0.418,2246,2246,0,2078898,2078898,0,925.6,0,5373.21,5373.21,0,39787521.53,64,0,0,0,0,0,0,0,1797,80,UDPFlood,Hping3,Malicious,1
3322,UE_7,tcp,413,-60.77,34.01,0.0691,0.0691,422,422,0,16880,16880,0,40,0,6107.09,6107.09,0,1954269.18,128,0,1024,0,0,0,0,0,422,100,SYNFlood,Hping3,Malicious,1
4678,UE_10,tcp,440.7,-54.73,39.47,55.83,55.83,29,19,10,1031,631,400,33.2,40,0.52,0.34,0.18,147.73,64,64,512,16384,0.181,0.1086,0.0724,128,0,0,SlowrateDoS,Slowloris,Malicious,1
4536,UE_10,tcp,440.7,-54.41,39.93,26.27,26.27,31,19,12,1206,726,480,38.2,40,1.18,0.72,0.46,367.26,64,64,512,16384,0.217,0.1302,0.0868,128,0,0,SlowrateDoS,Slowloris,Malicious,1
2259,UE_5,tcp,309,-53.77,39.34,8.844,8.844,407,53,354,520232,3392,516840,64,1460,46.02,5.99,40.03,470585.26,64,64,262144,262144,0.0225,0.0113,0.0113,356,1,0.05,Benign,None,Benign,0
1982,UE_4,udp,116.4,-39.74,52.03,0.194,0.194,5,3,2,385,285,100,95.1,50.1,25.77,15.46,10.31,15876.29,64,64,0,0,0,0,0,507,0,0,Benign,None,Benign,0
1949,UE_4,udp,116.4,-40.42,51.87,0.188,0.188,3,2,1,249,189,60,94.6,60.4,15.96,10.64,5.32,10595.74,64,64,0,0,0,0,0,323,0,0,Benign,None,Benign,0
443,UE_1,tcp,146.1,-45.04,48.66,1.135,1.135,90,34,56,80749,8184,72565,240.7,1295.8,79.3,29.96,49.34,569155.95,64,64,65535,65535,0.0212,0.0106,0.0106,280,0,0,Benign,None,Benign,0
4649,UE_10,tcp,440.7,-53.9,38.87,27.73,27.73,20,13,7,628,348,280,26.8,40,0.72,0.47,0.25,181.18,64,64,512,16384,0.1,0.06,0.04,128,0,0,SlowrateDoS,Slowloris,Malicious,1
1893,UE_4,udp,116.4,-39.36,51.3,0.112,0.112,4,3,1,251,197,54,65.7,54,35.71,26.79,8.93,17928.57,64,64,0,0,0,0,0,472,0,0,Benign,None,Benign,0
2999,UE_6,tcp,321,-51.93,39.19,1.867,1.867,64,20,44,36200,6518,29682,325.9,674.6,34.28,10.71,23.57,155115.16,64,64,65535,65535,0.0347,0.0174,0.0174,136,0,0,Benign,None,Benign,0
4255,UE_9,tcp,409.2,-54.88,39.36,0.003,0.003,1,1,0,44,44,0,44,0,333.33,333.33,0,117333.33,57,0,1024,0,0,0,0,0,1,100,SYNScan,Nmap,Malicious,1
3751,UE_8,udp,403.8,-52.23,40.54,0.503,0.503,1088,1088,0,1078317,1078317,0,991.1,0,2163.02,2163.02,0,17150170.97,64,0,0,0,0,0,0,0,870,80,UDPFlood,Hping3,Malicious,1
2483,UE_5,tcp,309,-53.45,39.52,3.947,3.947,914,58,856,1253472,3712,1249760,64,1460,231.57,14.69,216.87,2540607.04,64,64,262144,262144,0.0184,0.0092,0.0092,326,1,0.05,Benign,None,Benign,0
253,UE_1,tcp,146.1,-44.34,47.92,3.678,3.678,50,28,22,26435,4404,22031,157.3,1001.4,13.59,7.61,5.98,57498.64,64,64,65535,65535,0.0239,0.012,0.012,157,0,0,Benign,None,Benign,0
3683,UE_8,udp,403.8,-52.83,40.9,0.19,0.19,2035,2035,0,2049652,2049652,0,1007.2,0,10710.53,10710.53,0,86301136.84,64,0,0,0,0,0,0,0,1628,80,UDPFlood,Hping3,Malicious,1
4217,UE_9,tcp,409.2,-54.75,38.48,0.0029,0.0029,1,1,0,44,44,0,44,0,344.83,344.83,0,121379.31,59,0,1024,0,0,0,0,0,1,100,SYNScan,Nmap,Malicious,1
4125,UE_9,tcp,409.2,-54.71,38.04,0.0053,0.0053,2,1,1,84,44,40,44,40,377.36,188.68,188.68,126792.45,54,55,1024,0,0.0118,0,0,0,0,0,SYNScan,Nmap,Malicious,1
2418,UE_5,tcp,309,-52.71,39.66,10.956,10.956,743,42,701,1026148,2688,1023460,64,1460,67.82,3.83,63.98,749286.6,64,64,262144,262144,0.0217,0.0109,0.0109,389,0,0,Benign,None,Benign,0
913,UE_2,tcp,235.5,-52.23,41.72,9.631,9.631,493,71,422,614585,5723,608862,80.6,1442.8,51.19,7.37,43.82,510505.66,64,64,131072,131072,0.0262,0.0131,0.0131,408,0,0,Benign,None,Benign,0
1038,UE_3,udp,127.5,-42.39,51.26,4.969,4.969,255,129,126,43917,21388,22529,165.8,178.8,51.32,25.96,25.36,70705.57,64,64,0,0,0,0,0,362,0,0,Benign,None,Benign,0
4380,UE_9,tcp,409.2,-55.65,38.27,0.0046,0.0046,1,1,0,44,44,0,44,0,217.39,217.39,0,76521.74,51,0,1024,0,0,0,0,0,1,100,SYNScan,Nmap,Malicious,1
3029,UE_7,tcp,413,-60.22,33.49,0.0781,0.0781,356,356,0,14240,14240,0,40,0,4558.26,4558.26,0,1458642.77,128,0,1024,0,0,0,0,0,356,100,SYNFlood,Hping3,Malicious,1
4333,UE_9,tcp,409.2,-55.57,39.55,0.0052,0.0052,1,1,0,44,44,0,44,0,192.31,192.31,0,67692.31,46,0,1024,0,0,0,0,0,1,100,SYNScan,Nmap,Malicious,1
1583,UE_4,udp,116.4,-39.87,52.19,0.167,0.167,5,3,2,369,272,97,90.7,48.5,29.94,17.96,11.98,17676.65,64,64,0,0,0,0,0,150,1,0.05,Benign,None,Benign,0
759,UE_2,tcp,235.5,-52.77,40.27,3.601,3.601,374,46,328,409975,3813,406162,82.9,1238.3,103.86,12.77,91.09,910802.55,64,64,131072,131072,0.0115,0.0058,0.0058,393,0,0,Benign,None,Benign,0
3454,UE_7,tcp,413,-58.97,34.49,0.0255,0.0255,686,686,0,27440,27440,0,40,0,26901.96,26901.96,0,8608627.45,128,0,1024,0,0,0,0,0,686,100,SYNFlood,Hping3,Malicious,1
2074,UE_5,tcp,309,-52.92,39.59,3.034,3.034,427,64,363,534076,4096,529980,64,1460,140.74,21.09,119.64,1408242.58,64,64,262144,262144,0.0124,0.0062,0.0062,174,0,0,Benign,None,Benign,0
3087,UE_7,tcp,413,-60,34.63,0.0326,0.0326,296,296,0,11840,11840,0,40,0,9079.75,9079.75,0,2905521.47,128,0,1024,0,0,0,0,0,296,100,SYNFlood,Hping3,Malicious,1
4068,UE_9,tcp,409.2,-55.1,38.97,0.003,0.003,1,1,0,44,44,0,44,0,333.33,333.33,0,117333.33,55,0,1024,0,0,0,0,0,1,100,SYNScan,Nmap,Malicious,1
1437,UE_3,udp,127.5,-41.19,50.74,2.044,2.044,285,145,140,48819,25999,22820,179.3,163,139.43,70.94,68.49,191072.41,64,64,0,0,0,0,0,425,0,0,Benign,None,Benign,0
43,UE_1,tcp,146.1,-44.7,48.64,3.514,3.514,42,19,23,29148,4326,24822,227.7,1079.2,11.95,5.41,6.55,66358.57,64,64,65535,65535,0.0277,0.0139,0.0139,492,1,0.05,Benign,None,Benign,0
1872,UE_4,udp,116.4,-40.62,52.45,0.202,0.202,4,3,1,289,227,62,75.8,62.2,19.8,14.85,4.95,11445.54,64,64,0,0,0,0,0,292,0,0,Benign,None,Benign,0
1452,UE_3,udp,127.5,-41.91,50.56,4.197,4.197,275,138,137,46538,22549,23989,163.4,175.1,65.52,32.88,32.64,88707.17,64,64,0,0,0,0,0,182,0,0,Benign,None,Benign,0
783,UE_2,tcp,235.5,-51.89,40.36,5.153,5.153,316,46,270,363299,3956,359343,86,1330.9,61.32,8.93,52.4,564019.41,64,64,131072,131072,0.026,0.013,0.013,444,0,0,Benign,None,Benign,0
2529,UE_6,tcp,321,-50.54,39.31,1.302,1.302,77,42,35,33647,18971,14676,451.7,419.3,59.14,32.26,26.88,206740.4,64,64,65535,65535,0.0304,0.0152,0.0152,330,0,0,Benign,None,Benign,0
4729,UE_10,tcp,440.7,-53.98,39.7,36.73,36.73,29,19,10,1109,709,400,37.3,40,0.79,0.52,0.27,241.55,64,64,512,16384,0.1863,0.1118,0.0745,128,0,0,SlowrateDoS,Slowloris,Malicious,1
2196,UE_5,tcp,309,-52.7,39.92,11.451,11.451,815,99,716,1051696,6336,1045360,64,1460,71.17,8.65,62.53,734745.26,64,64,262144,262144,0.0177,0.0089,0.0089,255,1,0.05,Benign,None,Benign,0
4827,UE_10,tcp,440.7,-53.96,38.75,52.65,52.65,25,18,7,762,482,280,26.8,40,0.47,0.34,0.13,115.78,64,64,512,16384,0.0843,0.0506,0.0337,128,0,0,SlowrateDoS,Slowloris,Malicious,1
894,UE_2,tcp,235.5,-52.68,41,2.863,2.863,501,77,424,596501,7777,588724,101,1388.5,174.99,26.89,148.1,1666785.89,64,64,131072,131072,0.0187,0.0094,0.0094,191,1,0.05,Benign,None,Benign,0
2743,UE_6,tcp,321,-51.53,39.41,2.434,2.434,51,21,30,19363,6388,12975,304.2,432.5,20.95,8.63,12.33,63641.74,64,64,65535,65535,0.0266,0.0133,0.0133,411,0,0,Benign,None,Benign,0
2447,UE_5,tcp,309,-52.34,40.08,5.451,5.451,412,55,357,524740,3520,521220,64,1460,75.58,10.09,65.49,770119.24,64,64,262144,262144,0.0178,0.0089,0.0089,149,0,0,Benign,None,Benign,0
77,UE_1,tcp,146.1,-44.73,47.38,2.103,2.103,80,22,58,67037,3637,63400,165.3,1093.1,38.04,10.46,27.58,255014.74,64,64,65535,65535,0.0302,0.0151,0.0151,477,0,0,Benign,None,Benign,0
3890,UE_8,udp,403.8,-52.29,41.54,0.209,0.209,705,705,0,583952,583952,0,828.3,0,3373.21,3373.21,0,22352229.67,64,0,0,0,0,0,0,0,564,80,UDPFlood,Hping3,Malicious,1
1450,UE_3,udp,127.5,-41.77,50.76,3.168,3.168,196,97,99,32585,16121,16464,166.2,166.3,61.87,30.62,31.25,82285.35,64,64,0,0,0,0,0,139,0,0,Benign,None,Benign,0
1845,UE_4,udp,116.4,-39.66,52.1,0.053,0.053,5,4,1,334,274,60,68.5,59.8,94.34,75.47,18.87,50415.09,64,64,0,0,0,0,0,502,1,0.05,Benign,None,Benign,0
4461,UE_9,tcp,409.2,-55.84,39.33,0.0031,0.0031,1,1,0,44,44,0,44,0,322.58,322.58,0,113548.39,51,0,1024,0,0,0,0,0,1,100,SYNScan,Nmap,Malicious,1
4427,UE_9,tcp,409.2,-55.36,38.68,0.0014,0.0014,2,1,1,84,44,40,44,40,1428.57,714.29,714.29,480000,57,55,1024,0,0.0112,0,0,0,0,0,SYNScan,Nmap,Malicious,1
2452,UE_5,tcp,309,-52.13,40.12,10.511,10.511,403,99,304,450176,6336,443840,64,1460,38.34,9.42,28.92,342632.29,64,64,262144,262144,0.0215,0.0108,0.0108,507,1,0.05,Benign,None,Benign,0
1960,UE_4,udp,116.4,-39.39,51.48,0.201,0.201,3,1,2,173,73,100,73.4,50.1,14.93,4.98,9.95,6885.57,64,64,0,0,0,0,0,268,0,0,Benign,None,Benign,0
1669,UE_4,udp,116.4,-40.87,52.71,0.21,0.21,2,1,1,129,77,52,76.7,51.7,9.52,4.76,4.76,4914.29,64,64,0,0,0,0,0,254,0,0,Benign,None,Benign,0
1510,UE_4,udp,116.4,-40.04,51.51,0.057,0.057,3,1,2,201,77,124,77,62,52.63,17.54,35.09,28210.53,64,64,0,0,0,0,0,432,0,0,Benign,None,Benign,0
2405,UE_5,tcp,309,-52.54,40.45,11.755,11.755,669,94,575,845516,6016,839500,64,1460,56.91,8,48.92,575425.61,64,64,262144,262144,0.0186,0.0093,0.0093,151,0,0,Benign,None,Benign,0
1319,UE_3,udp,127.5,-42.44,51.26,1.427,1.427,192,94,98,32444,16196,16248,172.3,165.8,134.55,65.87,68.68,181886.48,64,64,0,0,0,0,0,211,1,0.05,Benign,None,Benign,0
3146,UE_7,tcp,413,-60.15,34.17,0.0468,0.0468,605,605,0,24200,24200,0,40,0,12927.35,12927.35,0,4136752.14,128,0,1024,0,0,0,0,0,605,100,SYNFlood,Hping3,Malicious,1
4579,UE_10,tcp,440.7,-53.67,39.02,32.35,32.35,25,17,8,879,559,320,32.9,40,0.77,0.53,0.25,217.37,64,64,512,16384,0.1929,0.1157,0.0772,128,0,0,SlowrateDoS,Slowloris,Malicious,1
4280,UE_9,tcp,409.2,-55.43,38.36,0.0011,0.0011,1,1,0,44,44,0,44,0,909.09,909.09,0,320000,47,0,1024,0,0,0,0,0,1,100,SYNScan,Nmap,Malicious,1
2149,UE_5,tcp,309,-52.32,39.64,12.491,12.491,363,61,302,444824,3904,440920,64,1460,29.06,4.88,24.18,284892.48,64,64,262144,262144,0.0237,0.0119,0.0119,225,0,0,Benign,None,Benign,0
1465,UE_3,udp,127.5,-41.77,50.94,5.491,5.491,160,80,80,26544,13472,13072,168.4,163.4,29.14,14.57,14.57,38672.74,64,64,0,0,0,0,0,493,0,0,Benign,None,Benign,0
4456,UE_9,tcp,409.2,-55.12,39.12,0.0057,0.0057,1,1,0,44,44,0,44,0,175.44,175.44,0,61754.39,58,0,1024,0,0,0,0,0,1,100,SYNScan,Nmap,Malicious,1
2481,UE_5,tcp,309,-52.81,39.52,11.199,11.199,750,47,703,1029388,3008,1026380,64,1460,66.97,4.2,62.77,735342.8,64,64,262144,262144,0.0121,0.0061,0.0061,150,0,0,Benign,None,Benign,0
492,UE_1,tcp,146.1,-44.47,48.67,1.246,1.246,71,29,42,44674,4942,39732,170.4,946,56.98,23.27,33.71,286831.46,64,64,65535,65535,0.0375,0.0188,0.0188,265,0,0,Benign,None,Benign,0
3016,UE_7,tcp,413,-60.39,33.93,0.0698,0.0698,249,249,0,9960,9960,0,40,0,3567.34,3567.34,0,1141547.28,128,0,1024,0,0,0,0,0,249,100,SYNFlood,Hping3,Malicious,1
3166,UE_7,tcp,413,-59.99,33.96,0.0482,0.0482,931,931,0,37240,37240,0,40,0,19315.35,19315.35,0,6180912.86,128,0,1024,0,0,0,0,0,931,100,SYNFlood,Hping3,Malicious,1
4362,UE_9,tcp,409.2,-55.14,38.24,0.0054,0.0054,2,1,1,84,44,40,44,40,370.37,185.19,185.19,124444.44,58,55,1024,0,0.0089,0,0,0,0,0,SYNScan,Nmap,Malicious,1
1347,UE_3,udp,127.5,-42.32,50.8,3.778,3.778,266,133,133,46670,23714,22956,178.3,172.6,70.41,35.2,35.2,98824.78,64,64,0,0,0,0,0,129,0,0,Benign,None,Benign,0
945,UE_2,tcp,235.5,-52.89,40.75,2.607,2.607,402,65,337,451242,5694,445548,87.6,1322.1,154.2,24.93,129.27,1384708.86,64,64,131072,131072,0.0244,0.0122,0.0122,337,0,0,Benign,None,Benign,0
3806,UE_8,udp,403.8,-51.69,40.18,0.144,0.144,904,904,0,510398,510398,0,564.6,0,6277.78,6277.78,0,28355444.44,64,0,0,0,0,0,0,0,723,80,UDPFlood,Hping3,Malicious,1
37,UE_1,tcp,146.1,-44.18,48.63,1.21,1.21,82,29,53,60558,7224,53334,249.1,1006.3,67.77,23.97,43.8,400383.47,64,64,65535,65535,0.0262,0.0131,0.0131,437,0,0,Benign,None,Benign,0
3467,UE_7,tcp,413,-58.61,33.86,0.1071,0.1071,316,316,0,12640,12640,0,40,0,2950.51,2950.51,0,944164.33,128,0,1024,0,0,0,0,0,316,100,SYNFlood,Hping3,Malicious,1
3343,UE_7,tcp,413,-59.53,33.86,0.0899,0.0899,809,809,0,32360,32360,0,40,0,8998.89,8998.89,0,2879644.05,128,0,1024,0,0,0,0,0,809,100,SYNFlood,Hping3,Malicious,1
1706,UE_4,udp,116.4,-40.18,51.86,0.222,0.222,5,4,1,415,364,51,91.1,50.5,22.52,18.02,4.5,14954.95,64,64,0,0,0,0,0,489,1,0.05,Benign,None,Benign,0
3085,UE_7,tcp,413,-60.01,34.52,0.0325,0.0325,672,672,0,26880,26880,0,40,0,20676.92,20676.92,0,6616615.38,128,0,1024,0,0,0,0,0,672,100,SYNFlood,Hping3,Malicious,1
883,UE_2,tcp,235.5,-52.13,41.01,4.488,4.488,267,35,232,341503,3966,337537,113.3,1454.9,59.49,7.8,51.69,608739.75,64,64,131072,131072,0.0199,0.01,0.01,407,1,0.05,Benign,None,Benign,0
4413,UE_9,tcp,409.2,-54.9,39.03,0.0021,0.0021,1,1,0,44,44,0,44,0,476.19,476.19,0,167619.05,57,0,1024,0,0,0,0,0,1,100,SYNScan,Nmap,Malicious,1
3902,UE_8,udp,403.8,-52.44,40.7,0.561,0.561,1220,1220,0,1006866,1006866,0,825.3,0,2174.69,2174.69,0,14358160.43,64,0,0,0,0,0,0,0,976,80,UDPFlood,Hping3,Malicious,1
1614,UE_4,udp,116.4,-40.09,52.47,0.197,0.197,3,2,1,237,184,53,91.9,52.9,15.23,10.15,5.08,9624.37,64,64,0,0,0,0,0,340,0,0,Benign,None,Benign,0
2675,UE_6,tcp,321,-52.15,40.62,2.428,2.428,57,19,38,25975,6200,19775,326.3,520.4,23.48,7.83,15.65,85584.84,64,64,65535,65535,0.0342,0.0171,0.0171,355,1,0.05,Benign,None,Benign,0
3932,UE_8,udp,403.8,-51.28,41.43,0.511,0.511,1439,1439,0,893043,893043,0,620.6,0,2816.05,2816.05,0,13981103.72,64,0,0,0,0,0,0,0,1151,80,UDPFlood,Hping3,Malicious,1
3770,UE_8,udp,403.8,-52.09,41.13,0.305,0.305,1971,1971,0,1141800,1141800,0,579.3,0,6462.3,6462.3,0,29948852.46,64,0,0,0,0,0,0,0,1577,80,UDPFlood,Hping3,Malicious,1
1638,UE_4,udp,116.4,-41.34,51.7,0.102,0.102,3,1,2,184,74,110,73.6,55.2,29.41,9.8,19.61,14431.37,64,64,0,0,0,0,0,242,0,0,Benign,None,Benign,0
3677,UE_8,udp,403.8,-51.92,40.49,0.178,0.178,2486,2486,0,1657665,1657665,0,666.8,0,13966.29,13966.29,0,74501797.75,64,0,0,0,0,0,0,0,1989,80,UDPFlood,Hping3,Malicious,1
4457,UE_9,tcp,409.2,-55.75,38.94,0.0059,0.0059,1,1,0,44,44,0,44,0,169.49,169.49,0,59661.02,49,0,1024,0,0,0,0,0,1,100,SYNScan,Nmap,Malicious,1
2052,UE_5,tcp,309,-53.16,39.34,8.123,8.123,820,69,751,1100876,4416,1096460,64,1460,100.95,8.49,92.45,1084206.33,64,64,262144,262144,0.0162,0.0081,0.0081,464,0,0,Benign,None,Benign,0
2295,UE_5,tcp,309,-53.76,40.55,10.794,10.794,956,84,872,1278496,5376,1273120,64,1460,88.57,7.78,80.79,947560.5,64,64,262144,262144,0.0231,0.0116,0.0116,170,1,0.05,Benign,None,Benign,0
2180,UE_5,tcp,309,-53.48,39.45,9.104,9.104,784,75,709,1039940,4800,1035140,64,1460,86.12,8.24,77.88,913831.28,64,64,262144,262144,0.0171,0.0086,0.0086,336,1,0.05,Benign,None,Benign,0
2416,UE_5,tcp,309,-52.44,39.8,10.687,10.687,601,98,503,740652,6272,734380,64,1460,56.24,9.17,47.07,554432.11,64,64,262144,262144,0.0217,0.0109,0.0109,499,0,0,Benign,None,Benign,0
2168,UE_5,tcp,309,-53.35,38.76,5.585,5.585,684,94,590,867416,6016,861400,64,1460,122.47,16.83,105.64,1242493.82,64,64,262144,262144,0.014,0.007,0.007,505,0,0,Benign,None,Benign,0
1463,UE_3,udp,127.5,-42.87,51.45,1.486,1.486,272,136,136,47981,24004,23977,176.5,176.3,183.04,91.52,91.52,258309.56,64,64,0,0,0,0,0,291,1,0.05,Benign,None,Benign,0
3482,UE_7,tcp,413,-58.51,34.76,0.082,0.082,238,238,0,9520,9520,0,40,0,2902.44,2902.44,0,928780.49,128,0,1024,0,0,0,0,0,238,100,SYNFlood,Hping3,Malicious,1
2739,UE_6,tcp,321,-50.48,39.36,2.315,2.315,49,26,23,24742,10829,13913,416.5,604.9,21.17,11.23,9.94,85501.51,64,64,65535,65535,0.037,0.0185,0.0185,370,0,0,Benign,None,Benign,0
3077,UE_7,tcp,413,-60.28,33.3,0.0998,0.0998,374,374,0,14960,14960,0,40,0,3747.49,3747.49,0,1199198.4,128,0,1024,0,0,0,0,0,374,100,SYNFlood,Hping3,Malicious,1
2299,UE_5,tcp,309,-52.59,39.23,3.8,3.8,887,76,811,1188924,4864,1184060,64,1460,233.42,20,213.42,2502997.89,64,64,262144,262144,0.0127,0.0064,0.0064,170,0,0,Benign,None,Benign,0
960,UE_2,tcp,235.5,-52.15,41.32,4.1,4.1,273,32,241,295702,3514,292188,109.8,1212.4,66.59,7.8,58.78,576979.51,64,64,131072,131072,0.0144,0.0072,0.0072,343,0,0,Benign,None,Benign,0
4961,UE_10,tcp,440.7,-53.27,39.61,29.55,29.55,29,19,10,955,555,400,29.2,40,0.98,0.64,0.34,258.54,64,64,512,16384,0.2107,0.1264,0.0843,128,0,0,SlowrateDoS,Slowloris,Malicious,1
2827,UE_6,tcp,321,-52.23,40.83,1.042,1.042,72,39,33,33847,17948,15899,460.2,481.8,69.1,37.43,31.67,259861.8,64,64,65535,65535,0.0264,0.0132,0.0132,280,0,0,Benign,None,Benign,0
223,UE_1,tcp,146.1,-44.18,49.38,2.222,2.222,55,18,37,44830,4093,40737,227.4,1101,24.75,8.1,16.65,161404.14,64,64,65535,65535,0.0418,0.0209,0.0209,348,0,0,Benign,None,Benign,0
1767,UE_4,udp,116.4,-40.21,51.6,0.228,0.228,4,2,2,293,183,110,91.7,55,17.54,8.77,8.77,10280.7,64,64,0,0,0,0,0,440,1,0.05,Benign,None,Benign,0
2150,UE_5,tcp,309,-52.78,39.37,8.008,8.008,903,63,840,1230432,4032,1226400,64,1460,112.76,7.87,104.9,1229202.8,64,64,262144,262144,0.0157,0.0079,0.0079,507,0,0,Benign,None,Benign,0
2354,UE_5,tcp,309,-53.09,40.37,5.427,5.427,959,77,882,1292648,4928,1287720,64,1460,176.71,14.19,162.52,1905506.54,64,64,262144,262144,0.0268,0.0134,0.0134,481,1,0.05,Benign,None,Benign,0
194,UE_1,tcp,146.1,-43.7,48.07,1.238,1.238,52,19,33,29698,2899,26799,152.6,812.1,42,15.35,26.66,191909.53,64,64,65535,65535,0.04,0.02,0.02,348,0,0,Benign,None,Benign,0
4367,UE_9,tcp,409.2,-54.97,39.55,0.006,0.006,1,1,0,44,44,0,44,0,166.67,166.67,0,58666.67,57,0,1024,0,0,0,0,0,1,100,SYNScan,Nmap,Malicious,1
2973,UE_6,tcp,321,-52.43,39.84,3.144,3.144,67,39,28,25799,14017,11782,359.4,420.8,21.31,12.4,8.91,65646.31,64,64,65535,65535,0.0271,0.0136,0.0136,215,0,0,Benign,None,Benign,0
3937,UE_8,udp,403.8,-51.29,40.65,0.14,0.14,1015,1015,0,640770,640770,0,631.3,0,7250,7250,0,36615428.57,64,0,0,0,0,0,0,0,812,80,UDPFlood,Hping3,Malicious,1
632,UE_2,tcp,235.5,-52.35,40.71,8.642,8.642,314,63,251,368133,7396,360737,117.4,1437.2,36.33,7.29,29.04,340785,64,64,131072,131072,0.0142,0.0071,0.0071,191,0,0,Benign,None,Benign,0
2467,UE_5,tcp,309,-52.7,40.06,3.942,3.942,817,82,735,1078348,5248,1073100,64,1460,207.26,20.8,186.45,2188428.21,64,64,262144,262144,0.0269,0.0135,0.0135,408,0,0,Benign,None,Benign,0
1674,UE_4,udp,116.4,-39.99,52.26,0.167,0.167,3,2,1,184,132,52,66.1,52,17.96,11.98,5.99,8814.37,64,64,0,0,0,0,0,345,0,0,Benign,None,Benign,0
772,UE_2,tcp,235.5,-52.99,40.78,8.426,8.426,380,75,305,375805,7365,368440,98.2,1208,45.1,8.9,36.2,356805.13,64,64,131072,131072,0.0276,0.0138,0.0138,137,0,0,Benign,None,Benign,0
3664,UE_8,udp,403.8,-52.54,40.62,0.552,0.552,891,891,0,899465,899465,0,1009.5,0,1614.13,1614.13,0,13035724.64,64,0,0,0,0,0,0,0,713,80,UDPFlood,Hping3,Malicious,1
2007,UE_5,tcp,309,-53.22,38.64,12.02,12.02,628,54,574,841496,3456,838040,64,1460,52.25,4.49,47.75,560063.89,64,64,262144,262144,0.0148,0.0074,0.0074,432,1,0.05,Benign,None,Benign,0
3752,UE_8,udp,403.8,-52.51,39.75,0.347,0.347,601,601,0,318891,318891,0,530.6,0,1731.99,1731.99,0,7351953.89,64,0,0,0,0,0,0,0,481,80,UDPFlood,Hping3,Malicious,1
1877,UE_4,udp,116.4,-39.93,51.27,0.174,0.174,6,4,2,466,344,122,86.1,61.1,34.48,22.99,11.49,21425.29,64,64,0,0,0,0,0,337,1,0.05,Benign,None,Benign,0
477,UE_1,tcp,146.1,-43.63,48.34,1.488,1.488,58,32,26,28505,7533,20972,235.4,806.6,38.98,21.51,17.47,153252.69,64,64,65535,65535,0.0304,0.0152,0.0152,157,1,0.05,Benign,None,Benign,0
1598,UE_4,udp,116.4,-40.86,52.87,0.176,0.176,5,3,2,318,197,121,65.8,60.4,28.41,17.05,11.36,14454.55,64,64,0,0,0,0,0,373,1,0.05,Benign,None,Benign,0
2607,UE_6,tcp,321,-51.12,38.67,2.162,2.162,79,32,47,36560,14240,22320,445,474.9,36.54,14.8,21.74,135282.15,64,64,65535,65535,0.0422,0.0211,0.0211,343,0,0,Benign,None,Benign,0
3646,UE_8,udp,403.8,-53.16,40.22,0.526,0.526,2168,2168,0,1541665,1541665,0,711.1,0,4121.67,4121.67,0,23447376.43,64,0,0,0,0,0,0,0,1734,80,UDPFlood,Hping3,Malicious,1
2453,UE_5,tcp,309,-52.85,40.83,12.458,12.458,376,72,304,448448,4608,443840,64,1460,30.18,5.78,24.4,287974.31,64,64,262144,262144,0.0122,0.0061,0.0061,468,1,0.05,Benign,None,Benign,0
2741,UE_6,tcp,321,-51.07,40.42,1.077,1.077,89,42,47,43570,13528,30042,322.1,639.2,82.64,39,43.64,323639.74,64,64,65535,65535,0.0312,0.0156,0.0156,340,0,0,Benign,None,Benign,0
3533,UE_8,udp,403.8,-52.68,40.62,0.421,0.421,1122,1122,0,620242,620242,0,552.8,0,2665.08,2665.08,0,11786071.26,64,0,0,0,0,0,0,0,898,80,UDPFlood,Hping3,Malicious,1
4782,UE_10,tcp,440.7,-54.28,39.79,63.13,63.13,21,9,12,700,220,480,24.4,40,0.33,0.14,0.19,88.71,64,64,512,16384,0.1583,0.095,0.0633,128,0,0,SlowrateDoS,Slowloris,Malicious,1
528,UE_2,tcp,235.5,-52.52,40.88,3.143,3.143,294,59,235,312127,5381,306746,91.2,1305.3,93.54,18.77,74.77,794468.98,64,64,131072,131072,0.03,0.015,0.015,235,1,0.05,Benign,None,Benign,0
4653,UE_10,tcp,440.7,-54.37,39.31,60.51,60.51,24,14,10,775,375,400,26.8,40,0.4,0.23,0.17,102.46,64,64,512,16384,0.0959,0.0575,0.0384,128,0,0,SlowrateDoS,Slowloris,Malicious,1
3736,UE_8,udp,403.8,-52.6,40.53,0.468,0.468,1904,1904,0,1905714,1905714,0,1000.9,0,4068.38,4068.38,0,32576307.69,64,0,0,0,0,0,0,0,1523,80,UDPFlood,Hping3,Malicious,1
1367,UE_3,udp,127.5,-41.64,51.54,4.666,4.666,185,93,92,31290,15457,15833,166.2,172.1,39.65,19.93,19.72,53647.66,64,64,0,0,0,0,0,160,0,0,Benign,None,Benign,0
2401,UE_5,tcp,309,-53.08,40.06,4.412,4.412,535,66,469,688964,4224,684740,64,1460,121.26,14.96,106.3,1249254.76,64,64,262144,262144,0.0235,0.0118,0.0118,228,0,0,Benign,None,Benign,0
81,UE_1,tcp,146.1,-44.53,48.39,1.888,1.888,67,29,38,43999,5003,38996,172.5,1026.2,35.49,15.36,20.13,186436.44,64,64,65535,65535,0.0192,0.0096,0.0096,482,0,0,Benign,None,Benign,0
1686,UE_4,udp,116.4,-41.39,52.47,0.235,0.235,4,3,1,330,267,63,89,63.3,17.02,12.77,4.26,11234.04,64,64,0,0,0,0,0,297,1,0.05,Benign,None,Benign,0
2,UE_1,tcp,146.1,-44.87,48.14,3.734,3.734,41,17,24,28195,3713,24482,218.4,1020.1,10.98,4.55,6.43,60407.07,64,64,65535,65535,0.0187,0.0094,0.0094,493,1,0.05,Benign,None,Benign,0
3203,UE_7,tcp,413,-59.54,34.93,0.0412,0.0412,966,966,0,38640,38640,0,40,0,23446.6,23446.6,0,7502912.62,128,0,1024,0,0,0,0,0,966,100,SYNFlood,Hping3,Malicious,1
424,UE_1,tcp,146.1,-44.42,48.46,1.852,1.852,49,13,36,44181,2162,42019,166.3,1167.2,26.46,7.02,19.44,190846.65,64,64,65535,65535,0.0213,0.0107,0.0107,351,0,0,Benign,None,Benign,0
4818,UE_10,tcp,440.7,-54.11,38.87,26.66,26.66,14,10,4,475,315,160,31.5,40,0.53,0.38,0.15,142.54,64,64,512,16384,0.168,0.1008,0.0672,128,0,0,SlowrateDoS,Slowloris,Malicious,1
2745,UE_6,tcp,321,-51.74,39.4,2.754,2.754,73,37,36,36891,17638,19253,476.7,534.8,26.51,13.44,13.07,107163.4,64,64,65535,65535,0.0237,0.0119,0.0119,284,1,0.05,Benign,None,Benign,0
3659,UE_8,udp,403.8,-52.04,40.51,0.155,0.155,2125,2125,0,1341513,1341513,0,631.3,0,13709.68,13709.68,0,69239380.65,64,0,0,0,0,0,0,0,1700,80,UDPFlood,Hping3,Malicious,1
4066,UE_9,tcp,409.2,-55.26,37.88,0.0032,0.0032,1,1,0,44,44,0,44,0,312.5,312.5,0,110000,47,0,1024,0,0,0,0,0,1,100,SYNScan,Nmap,Malicious,1
713,UE_2,tcp,235.5,-53.39,40.88,3.825,3.825,405,77,328,443734,7330,436404,95.2,1330.5,105.88,20.13,85.75,928071.11,64,64,131072,131072,0.0221,0.0111,0.0111,428,1,0.05,Benign,None,Benign,0
350,UE_1,tcp,146.1,-44.59,48.6,1.43,1.43,43,13,30,36522,2412,34110,185.5,1137,30.07,9.09,20.98,204318.88,64,64,65535,65535,0.0169,0.0085,0.0085,253,0,0,Benign,None,Benign,0
4397,UE_9,tcp,409.2,-54.99,39.6,0.0016,0.0016,1,1,0,44,44,0,44,0,625,625,0,220000,60,0,1024,0,0,0,0,0,1,100,SYNScan,Nmap,Malicious,1
3801,UE_8,udp,403.8,-51.66,41.47,0.292,0.292,2409,2409,0,1407338,1407338,0,584.2,0,8250,8250,0,38557205.48,64,0,0,0,0,0,0,0,1927,80,UDPFlood,Hping3,Malicious,1
4424,UE_9,tcp,409.2,-55.48,38.49,0.0052,0.0052,1,1,0,44,44,0,44,0,192.31,192.31,0,67692.31,53,0,1024,0,0,0,0,0,1,100,SYNScan,Nmap,Malicious,1
637,UE_2,tcp,235.5,-52.71,40.72,6.041,6.041,370,80,290,374362,6584,367778,82.3,1268.2,61.25,13.24,48.01,495761.63,64,64,131072,131072,0.0187,0.0094,0.0094,480,1,0.05,Benign,None,Benign,0
2384,UE_5,tcp,309,-53.17,39.23,7.811,7.811,441,59,382,561496,3776,557720,64,1460,56.46,7.55,48.91,575082.32,64,64,262144,262144,0.0231,0.0116,0.0116,350,0,0,Benign,None,Benign,0
4328,UE_9,tcp,409.2,-54.85,38.29,0.0028,0.0028,1,1,0,44,44,0,44,0,357.14,357.14,0,125714.29,47,0,1024,0,0,0,0,0,1,100,SYNScan,Nmap,Malicious,1
953,UE_2,tcp,235.5,-52.83,41.49,7.912,7.912,279,50,229,309183,4750,304433,95,1329.4,35.26,6.32,28.94,312621.84,64,64,131072,131072,0.0169,0.0085,0.0085,324,0,0,Benign,None,Benign,0
1516,UE_4,udp,116.4,-39.75,52.27,0.236,0.236,5,4,1,335,276,59,69.1,58.8,21.19,16.95,4.24,11355.93,64,64,0,0,0,0,0,328,1,0.05,Benign,None,Benign,0
549,UE_2,tcp,235.5,-53.57,41.06,4.341,4.341,247,57,190,273412,6139,267273,107.7,1406.7,56.9,13.13,43.77,503869.15,64,64,131072,131072,0.0133,0.0067,0.0067,159,0,0,Benign,None,Benign,0
1025,UE_3,udp,127.5,-42.77,51.14,1.718,1.718,199,102,97,33793,16963,16830,166.3,173.5,115.83,59.37,56.46,157359.72,64,64,0,0,0,0,0,165,0,0,Benign,None,Benign,0
486,UE_1,tcp,146.1,-44.5,47.62,0.859,0.859,53,33,20,23779,6547,17232,198.4,861.6,61.7,38.42,23.28,221457.51,64,64,65535,65535,0.0242,0.0121,0.0121,184,0,0,Benign,None,Benign,0
4193,UE_9,tcp,409.2,-55.31,38.48,0.0015,0.0015,1,1,0,44,44,0,44,0,666.67,666.67,0,234666.67,60,0,1024,0,0,0,0,0,1,100,SYNScan,Nmap,Malicious,1
3703,UE_8,udp,403.8,-52.75,40.59,0.482,0.482,1299,1299,0,1220800,1220800,0,939.8,0,2695.02,2695.02,0,20262240.66,64,0,0,0,0,0,0,0,1039,80,UDPFlood,Hping3,Malicious,1
438,UE_1,tcp,146.1,-44.21,48.12,0.596,0.596,45,18,27,37393,2876,34517,159.8,1278.4,75.5,30.2,45.3,501919.46,64,64,65535,65535,0.033,0.0165,0.0165,316,0,0,Benign,None,Benign,0
4017,UE_9,tcp,409.2,-55.21,39.15,0.0033,0.0033,1,1,0,44,44,0,44,0,303.03,303.03,0,106666.67,50,0,1024,0,0,0,0,0,1,100,SYNScan,Nmap,Malicious,1
426,UE_1,tcp,146.1,-44.03,48.2,1.106,1.106,65,21,44,59191,3320,55871,158.1,1269.8,58.77,18.99,39.78,428144.67,64,64,65535,65535,0.0377,0.0189,0.0189,242,0,0,Benign,None,Benign,0
3830,UE_8,udp,403.8,-52.58,40.45,0.512,0.512,1203,1203,0,1061527,1061527,0,882.4,0,2349.61,2349.61,0,16586359.38,64,0,0,0,0,0,0,0,962,80,UDPFlood,Hping3,Malicious,1
3931,UE_8,udp,403.8,-51.78,40.94,0.373,0.373,2322,2322,0,2197541,2197541,0,946.4,0,6225.2,6225.2,0,47132246.65,64,0,0,0,0,0,0,0,1858,80,UDPFlood,Hping3,Malicious,1
3172,UE_7,tcp,413,-59.95,34.69,0.0777,0.0777,577,577,0,23080,23080,0,40,0,7426,7426,0,2376319.18,128,0,1024,0,0,0,0,0,577,100,SYNFlood,Hping3,Malicious,1
3494,UE_7,tcp,413,-60,34.01,0.0819,0.0819,440,440,0,17600,17600,0,40,0,5372.41,5372.41,0,1719169.72,128,0,1024,0,0,0,0,0,440,100,SYNFlood,Hping3,Malicious,1
3523,UE_8,udp,403.8,-52.19,40.51,0.322,0.322,2138,2138,0,1366182,1366182,0,639,0,6639.75,6639.75,0,33942409.94,64,0,0,0,0,0,0,0,1710,80,UDPFlood,Hping3,Malicious,1
382,UE_1,tcp,146.1,-44.48,47.7,3.147,3.147,45,11,34,36310,2256,34054,205.1,1001.6,14.3,3.5,10.8,92303.78,64,64,65535,65535,0.04,0.02,0.02,363,1,0.05,Benign,None,Benign,0
1308,UE_3,udp,127.5,-41.61,51.79,2.125,2.125,186,91,95,31361,15525,15836,170.6,166.7,87.53,42.82,44.71,118064.94,64,64,0,0,0,0,0,160,0,0,Benign,None,Benign,0
3794,UE_8,udp,403.8,-52.78,41.62,0.258,0.258,1153,1153,0,1132015,1132015,0,981.8,0,4468.99,4468.99,0,35101240.31,64,0,0,0,0,0,0,0,922,80,UDPFlood,Hping3,Malicious,1
2849,UE_6,tcp,321,-51.24,40.21,0.814,0.814,61,26,35,30730,10395,20335,399.8,581,74.94,31.94,43,302014.74,64,64,65535,65535,0.044,0.022,0.022,494,0,0,Benign,None,Benign,0
1128,UE_3,udp,127.5,-41.77,51.02,3.007,3.007,259,127,132,43616,21374,22242,168.3,168.5,86.13,42.23,43.9,116038.58,64,64,0,0,0,0,0,297,0,0,Benign,None,Benign,0
2253,UE_5,tcp,309,-52.77,39.95,8.351,8.351,794,74,720,1055936,4736,1051200,64,1460,95.08,8.86,86.22,1011554.07,64,64,262144,262144,0.027,0.0135,0.0135,390,0,0,Benign,None,Benign,0
13,UE_1,tcp,146.1,-44.57,47.46,2.511,2.511,42,11,31,31163,2649,28514,240.8,919.8,16.73,4.38,12.35,99284.75,64,64,65535,65535,0.0193,0.0097,0.0097,142,0,0,Benign,None,Benign,0
737,UE_2,tcp,235.5,-52.73,40.88,2.805,2.805,394,45,349,449563,4797,444766,106.6,1274.4,140.46,16.04,124.42,1282176.11,64,64,131072,131072,0.0192,0.0096,0.0096,308,0,0,Benign,None,Benign,0
1579,UE_4,udp,116.4,-39.93,52.64,0.23,0.23,3,1,2,205,77,128,76.5,63.8,13.04,4.35,8.7,7130.43,64,64,0,0,0,0,0,253,1,0.05,Benign,None,Benign,0
2805,UE_6,tcp,321,-51.48,40.07,2.63,2.63,65,19,46,34859,8050,26809,423.7,582.8,24.71,7.22,17.49,106034.98,64,64,65535,65535,0.043,0.0215,0.0215,433,1,0.05,Benign,None,Benign,0
3374,UE_7,tcp,413,-59.46,33.48,0.0803,0.0803,859,859,0,34360,34360,0,40,0,10697.38,10697.38,0,3423163.14,128,0,1024,0,0,0,0,0,859,100,SYNFlood,Hping3,Malicious,1
2104,UE_5,tcp,309,-53.04,39.89,9.058,9.058,945,47,898,1314088,3008,1311080,64,1460,104.33,5.19,99.14,1160598.81,64,64,262144,262144,0.0236,0.0118,0.0118,494,0,0,Benign,None,Benign,0
284,UE_1,tcp,146.1,-44.58,48.09,4.07,4.07,71,20,51,57441,3952,53489,197.6,1048.8,17.44,4.91,12.53,112906.14,64,64,65535,65535,0.0211,0.0106,0.0106,472,1,0.05,Benign,None,Benign,0
3297,UE_7,tcp,413,-60.54,33.65,0.0761,0.0761,681,681,0,27240,27240,0,40,0,8948.75,8948.75,0,2863600.53,128,0,1024,0,0,0,0,0,681,100,SYNFlood,Hping3,Malicious,1
2687,UE_6,tcp,321,-51.95,39.61,2.089,2.089,57,35,22,23548,10878,12670,310.8,575.9,27.29,16.75,10.53,90179.03,64,64,65535,65535,0.0422,0.0211,0.0211,144,1,0.05,Benign,None,Benign,0
3828,UE_8,udp,403.8,-52.11,40.37,0.477,0.477,704,704,0,428454,428454,0,608.6,0,1475.89,1475.89,0,7185811.32,64,0,0,0,0,0,0,0,563,80,UDPFlood,Hping3,Malicious,1
4147,UE_9,tcp,409.2,-55.11,38.8,0.0035,0.0035,1,1,0,44,44,0,44,0,285.71,285.71,0,100571.43,45,0,1024,0,0,0,0,0,1,100,SYNScan,Nmap,Malicious,1
4276,UE_9,tcp,409.2,-55.04,38.78,0.0022,0.0022,1,1,0,44,44,0,44,0,454.55,454.55,0,160000,52,0,1024,0,0,0,0,0,1,100,SYNScan,Nmap,Malicious,1
1740,UE_4,udp,116.4,-40.27,51.98,0.151,0.151,3,1,2,183,70,113,69.7,56.5,19.87,6.62,13.25,9695.36,64,64,0,0,0,0,0,474,0,0,Benign,None,Benign,0
4633,UE_10,tcp,440.7,-54.24,39.01,32.6,32.6,16,8,8,516,196,320,24.5,40,0.49,0.25,0.25,126.63,64,64,512,16384,0.1509,0.0905,0.0604,128,0,0,SlowrateDoS,Slowloris,Malicious,1
106,UE_1,tcp,146.1,-44.55,48.45,3.645,3.645,49,12,37,49934,2855,47079,237.9,1272.4,13.44,3.29,10.15,109594.51,64,64,65535,65535,0.029,0.0145,0.0145,212,1,0.05,Benign,None,Benign,0
3865,UE_8,udp,403.8,-52.72,40.33,0.113,0.113,515,515,0,322854,322854,0,626.9,0,4557.52,4557.52,0,22856920.35,64,0,0,0,0,0,0,0,412,80,UDPFlood,Hping3,Malicious,1
1300,UE_3,udp,127.5,-42.17,51.18,5.622,5.622,252,126,126,44289,21874,22415,173.6,177.9,44.82,22.41,22.41,63022.41,64,64,0,0,0,0,0,289,0,0,Benign,None,Benign,0
440,UE_1,tcp,146.1,-43.5,47.69,3.63,3.63,64,35,29,43553,8309,35244,237.4,1215.3,17.63,9.64,7.99,95984.57,64,64,65535,65535,0.0217,0.0109,0.0109,236,0,0,Benign,None,Benign,0
4683,UE_10,tcp,440.7,-54.6,39.88,33.52,33.52,20,11,9,755,395,360,35.9,40,0.6,0.33,0.27,180.19,64,64,512,16384,0.1928,0.1157,0.0771,128,0,0,SlowrateDoS,Slowloris,Malicious,1
239,UE_1,tcp,146.1,-45.88,48.31,0.656,0.656,45,10,35,30070,1660,28410,166,811.7,68.6,15.24,53.35,366707.32,64,64,65535,65535,0.0377,0.0189,0.0189,499,0,0,Benign,None,Benign,0
1612,UE_4,udp,116.4,-41.23,52.3,0.182,0.182,2,1,1,130,68,62,68.1,61.5,10.99,5.49,5.49,5714.29,64,64,0,0,0,0,0,362,1,0.05,Benign,None,Benign,0
3960,UE_8,udp,403.8,-52.51,41.08,0.358,0.358,514,514,0,505879,505879,0,984.2,0,1435.75,1435.75,0,11304558.66,64,0,0,0,0,0,0,0,411,80,UDPFlood,Hping3,Malicious,1
430,UE_1,tcp,146.1,-44.32,48.2,4.11,4.11,47,19,28,26770,3692,23078,194.3,824.2,11.44,4.62,6.81,52107.06,64,64,65535,65535,0.0396,0.0198,0.0198,149,0,0,Benign,None,Benign,0
957,UE_2,tcp,235.5,-54.18,40.63,2.846,2.846,299,63,236,346210,5544,340666,88,1443.5,105.06,22.14,82.92,973183.42,64,64,131072,131072,0.0104,0.0052,0.0052,188,1,0.05,Benign,None,Benign,0
3619,UE_8,udp,403.8,-51.71,40.39,0.481,0.481,2376,2376,0,1690049,1690049,0,711.3,0,4939.71,4939.71,0,28108923.08,64,0,0,0,0,0,0,0,1901,80,UDPFlood,Hping3,Malicious,1
4028,UE_9,tcp,409.2,-54.66,38.77,0.0037,0.0037,1,1,0,44,44,0,44,0,270.27,270.27,0,95135.14,50,0,1024,0,0,0,0,0,1,100,SYNScan,Nmap,Malicious,1
2833,UE_6,tcp,321,-51.59,40.53,2.409,2.409,78,43,35,43404,19208,24196,446.7,691.3,32.38,17.85,14.53,144139.48,64,64,65535,65535,0.0373,0.0187,0.0187,416,0,0,Benign,None,Benign,0
2477,UE_5,tcp,309,-53.43,39.34,5.842,5.842,525,43,482,706472,2752,703720,64,1460,89.87,7.36,82.51,967438.55,64,64,262144,262144,0.0168,0.0084,0.0084,310,0,0,Benign,None,Benign,0
1672,UE_4,udp,116.4,-39.16,51.56,0.136,0.136,5,3,2,313,203,110,67.6,55.2,36.76,22.06,14.71,18411.76,64,64,0,0,0,0,0,207,0,0,Benign,None,Benign,0
1377,UE_3,udp,127.5,-42.1,50.7,2.669,2.669,189,97,92,31675,15695,15980,161.8,173.7,70.81,36.34,34.47,94941.93,64,64,0,0,0,0,0,357,0,0,Benign,None,Benign,0
408,UE_1,tcp,146.1,-45.09,47.37,4.169,4.169,45,20,25,28098,4430,23668,221.5,946.7,10.79,4.8,6,53917.97,64,64,65535,65535,0.0308,0.0154,0.0154,359,0,0,Benign,None,Benign,0
671,UE_2,tcp,235.5,-52.91,40.37,8.343,8.343,519,76,443,639878,6787,633091,89.3,1429.1,62.21,9.11,53.1,613571.14,64,64,131072,131072,0.0166,0.0083,0.0083,191,0,0,Benign,None,Benign,0
2877,UE_6,tcp,321,-51.35,40.4,2.824,2.824,83,38,45,34516,12848,21668,338.1,481.5,29.39,13.46,15.93,97779.04,64,64,65535,65535,0.0274,0.0137,0.0137,340,0,0,Benign,None,Benign,0
338,UE_1,tcp,146.1,-44.82,47.75,0.59,0.59,71,19,52,53658,3925,49733,206.6,956.4,120.34,32.2,88.14,727566.1,64,64,65535,65535,0.0346,0.0173,0.0173,286,0,0,Benign,None,Benign,0
4598,UE_10,tcp,440.7,-54.43,39.41,52.24,52.24,17,13,4,476,316,160,24.3,40,0.33,0.25,0.08,72.89,64,64,512,16384,0.1292,0.0775,0.0517,128,0,0,SlowrateDoS,Slowloris,Malicious,1
2039,UE_5,tcp,309,-53.1,38.75,9.698,9.698,448,97,351,518668,6208,512460,64,1460,46.2,10,36.19,427855.64,64,64,262144,262144,0.0169,0.0085,0.0085,298,0,0,Benign,None,Benign,0
4783,UE_10,tcp,440.7,-53.54,39.7,54.39,54.39,23,14,9,853,493,360,35.2,40,0.42,0.26,0.17,125.46,64,64,512,16384,0.1542,0.0925,0.0617,128,0,0,SlowrateDoS,Slowloris,Malicious,1
4975,UE_10,tcp,440.7,-54.24,39.1,45.77,45.77,21,17,4,809,649,160,38.2,40,0.46,0.37,0.09,141.4,64,64,512,16384,0.213,0.1278,0.0852,128,0,0,SlowrateDoS,Slowloris,Malicious,1
3449,UE_7,tcp,413,-61.06,34.18,0.0729,0.0729,240,240,0,9600,9600,0,40,0,3292.18,3292.18,0,1053497.94,128,0,1024,0,0,0,0,0,240,100,SYNFlood,Hping3,Malicious,1
2171,UE_5,tcp,309,-53.14,40.39,12.729,12.729,386,45,341,500740,2880,497860,64,1460,30.32,3.54,26.79,314708.15,64,64,262144,262144,0.0209,0.0105,0.0105,430,0,0,Benign,None,Benign,0
4540,UE_10,tcp,440.7,-53.63,40.05,47.03,47.03,18,12,6,534,294,240,24.5,40,0.38,0.26,0.13,90.84,64,64,512,16384,0.189,0.1134,0.0756,128,0,0,SlowrateDoS,Slowloris,Malicious,1
2313,UE_5,tcp,309,-53.7,39.45,4.583,4.583,537,93,444,654192,5952,648240,64,1460,117.17,20.29,96.88,1141945.45,64,64,262144,262144,0.0266,0.0133,0.0133,153,0,0,Benign,None,Benign,0
1885,UE_4,udp,116.4,-39.92,51.56,0.23,0.23,6,4,2,491,367,124,91.8,61.9,26.09,17.39,8.7,17078.26,64,64,0,0,0,0,0,384,0,0,Benign,None,Benign,0
3692,UE_8,udp,403.8,-52.89,40.25,0.555,0.555,1348,1348,0,1353122,1353122,0,1003.8,0,2428.83,2428.83,0,19504461.26,64,0,0,0,0,0,0,0,1078,80,UDPFlood,Hping3,Malicious,1
2019,UE_5,tcp,309,-52.51,39.38,10.677,10.677,965,70,895,1311180,4480,1306700,64,1460,90.38,6.56,83.83,982433.27,64,64,262144,262144,0.0127,0.0064,0.0064,417,0,0,Benign,None,Benign,0
3459,UE_7,tcp,413,-58.9,33.79,0.0688,0.0688,760,760,0,30400,30400,0,40,0,11046.51,11046.51,0,3534883.72,128,0,1024,0,0,0,0,0,760,100,SYNFlood,Hping3,Malicious,1
4262,UE_9,tcp,409.2,-55.23,38.09,0.0017,0.0017,1,1,0,44,44,0,44,0,588.24,588.24,0,207058.82,48,0,1024,0,0,0,0,0,1,100,SYNScan,Nmap,Malicious,1
564,UE_2,tcp,235.5,-53.24,41.4,5.955,5.955,289,76,213,304146,6521,297625,85.8,1397.3,48.53,12.76,35.77,408592.44,64,64,131072,131072,0.02,0.01,0.01,195,0,0,Benign,None,Benign,0
2689,UE_6,tcp,321,-50.93,38.95,2.546,2.546,83,34,49,43397,15609,27788,459.1,567.1,32.6,13.35,19.25,136361.35,64,64,65535,65535,0.0254,0.0127,0.0127,235,0,0,Benign,None,Benign,0
2485,UE_5,tcp,309,-53.15,39.76,4.251,4.251,488,56,432,634304,3584,630720,64,1460,114.8,13.17,101.62,1193703.13,64,64,262144,262144,0.0177,0.0089,0.0089,378,1,0.05,Benign,None,Benign,0
2249,UE_5,tcp,309,-52.94,39.67,10.975,10.975,898,90,808,1185440,5760,1179680,64,1460,81.82,8.2,73.62,864102.05,64,64,262144,262144,0.0171,0.0086,0.0086,218,0,0,Benign,None,Benign,0
1063,UE_3,udp,127.5,-41.68,50.87,5.797,5.797,191,94,97,32484,16450,16034,175,165.3,32.95,16.22,16.73,44828.7,64,64,0,0,0,0,0,269,0,0,Benign,None,Benign,0
3006,UE_7,tcp,413,-60.15,33.74,0.0512,0.0512,920,920,0,36800,36800,0,40,0,17968.75,17968.75,0,5750000,128,0,1024,0,0,0,0,0,920,100,SYNFlood,Hping3,Malicious,1
3119,UE_7,tcp,413,-59.6,33.94,0.0483,0.0483,285,285,0,11400,11400,0,40,0,5900.62,5900.62,0,1888198.76,128,0,1024,0,0,0,0,0,285,100,SYNFlood,Hping3,Malicious,1
562,UE_2,tcp,235.5,-51.9,41.28,2.845,2.845,395,71,324,462071,7434,454637,104.7,1403.2,138.84,24.96,113.88,1299320.91,64,64,131072,131072,0.0241,0.0121,0.0121,369,0,0,Benign,None,Benign,0
3096,UE_7,tcp,413,-59.76,34.04,0.0468,0.0468,417,417,0,16680,16680,0,40,0,8910.26,8910.26,0,2851282.05,128,0,1024,0,0,0,0,0,417,100,SYNFlood,Hping3,Malicious,1
3959,UE_8,udp,403.8,-52.09,40.14,0.518,0.518,1439,1439,0,974635,974635,0,677.3,0,2777.99,2777.99,0,15052277.99,64,0,0,0,0,0,0,0,1151,80,UDPFlood,Hping3,Malicious,1
1360,UE_3,udp,127.5,-42.57,50.96,3.832,3.832,234,118,116,39817,20225,19592,171.4,168.9,61.06,30.79,30.27,83125.26,64,64,0,0,0,0,0,312,1,0.05,Benign,None,Benign,0
3636,UE_8,udp,403.8,-52.89,40.12,0.302,0.302,1474,1474,0,754688,754688,0,512,0,4880.79,4880.79,0,19991735.1,64,0,0,0,0,0,0,0,1179,80,UDPFlood,Hping3,Malicious,1
587,UE_2,tcp,235.5,-51.39,41.52,2.674,2.674,430,80,350,480617,7312,473305,91.4,1352.3,160.81,29.92,130.89,1437896.78,64,64,131072,131072,0.0122,0.0061,0.0061,289,0,0,Benign,None,Benign,0
4795,UE_10,tcp,440.7,-54.44,39.54,54.29,54.29,25,15,10,969,569,400,37.9,40,0.46,0.28,0.18,142.79,64,64,512,16384,0.2111,0.1267,0.0844,128,0,0,SlowrateDoS,Slowloris,Malicious,1
2952,UE_6,tcp,321,-51.76,39.48,2.507,2.507,82,40,42,45510,17164,28346,429.1,674.9,32.71,15.96,16.75,145225.37,64,64,65535,65535,0.0215,0.0108,0.0108,208,0,0,Benign,None,Benign,0
2800,UE_6,tcp,321,-52.32,39.67,2.982,2.982,45,23,22,17552,8066,9486,350.7,431.2,15.09,7.71,7.38,47087.86,64,64,65535,65535,0.0281,0.0141,0.0141,219,1,0.05,Benign,None,Benign,0
4959,UE_10,tcp,440.7,-54.51,39.14,54.45,54.45,26,18,8,786,466,320,25.9,40,0.48,0.33,0.15,115.48,64,64,512,16384,0.2201,0.1321,0.088,128,0,0,SlowrateDoS,Slowloris,Malicious,1
3581,UE_8,udp,403.8,-51.98,39.62,0.367,0.367,2066,2066,0,1157373,1157373,0,560.2,0,5629.43,5629.43,0,25228839.24,64,0,0,0,0,0,0,0,1653,80,UDPFlood,Hping3,Malicious,1
1142,UE_3,udp,127.5,-42.22,51.57,1.887,1.887,273,137,136,44442,21934,22508,160.1,165.5,144.67,72.6,72.07,188413.35,64,64,0,0,0,0,0,492,0,0,Benign,None,Benign,0
773,UE_2,tcp,235.5,-53.1,41.49,9.394,9.394,356,31,325,411687,3162,408525,102,1257,37.9,3.3,34.6,350595.7,64,64,131072,131072,0.0186,0.0093,0.0093,316,0,0,Benign,None,Benign,0
3305,UE_7,tcp,413,-59.33,33.8,0.0961,0.0961,732,732,0,29280,29280,0,40,0,7617.07,7617.07,0,2437460.98,128,0,1024,0,0,0,0,0,732,100,SYNFlood,Hping3,Malicious,1
623,UE_2,tcp,235.5,-52.21,40.53,3.56,3.56,391,72,319,449931,7956,441975,110.5,1385.5,109.83,20.22,89.61,1011080.9,64,64,131072,131072,0.0142,0.0071,0.0071,268,1,0.05,Benign,None,Benign,0
4867,UE_10,tcp,440.7,-53.58,39.26,53.59,53.59,23,15,8,886,566,320,37.7,40,0.43,0.28,0.15,132.26,64,64,512,16384,0.1506,0.0904,0.0602,128,0,0,SlowrateDoS,Slowloris,Malicious,1
2286,UE_5,tcp,309,-53.19,39.44,8.428,8.428,508,88,420,618832,5632,613200,64,1460,60.28,10.44,49.83,587405.79,64,64,262144,262144,0.0193,0.0097,0.0097,511,0,0,Benign,None,Benign,0
2451,UE_5,tcp,309,-53.03,39.75,6.983,6.983,823,60,763,1117820,3840,1113980,64,1460,117.86,8.59,109.27,1280618.65,64,64,262144,262144,0.0257,0.0129,0.0129,469,0,0,Benign,None,Benign,0
3715,UE_8,udp,403.8,-52.65,41.95,0.185,0.185,1819,1819,0,1597992,1597992,0,878.5,0,9832.43,9832.43,0,69102356.76,64,0,0,0,0,0,0,0,1455,80,UDPFlood,Hping3,Malicious,1
2721,UE_6,tcp,321,-51.7,39.45,3.023,3.023,80,35,45,33237,14305,18932,408.7,420.7,26.46,11.58,14.89,87957.66,64,64,65535,65535,0.0225,0.0113,0.0113,245,1,0.05,Benign,None,Benign,0
1603,UE_4,udp,116.4,-40.47,51.46,0.229,0.229,4,3,1,249,200,49,66.8,48.9,17.47,13.1,4.37,8698.69,64,64,0,0,0,0,0,240,1,0.05,Benign,None,Benign,0
3839,UE_8,udp,403.8,-52.25,40.72,0.144,0.144,2105,2105,0,1596643,1596643,0,758.5,0,14618.06,14618.06,0,88702388.89,64,0,0,0,0,0,0,0,1684,80,UDPFlood,Hping3,Malicious,1
3445,UE_7,tcp,413,-60.22,33.24,0.1035,0.1035,580,580,0,23200,23200,0,40,0,5603.86,5603.86,0,1793236.71,128,0,1024,0,0,0,0,0,580,100,SYNFlood,Hping3,Malicious,1
3851,UE_8,udp,403.8,-51.96,41.45,0.449,0.449,699,699,0,389553,389553,0,557.3,0,1556.79,1556.79,0,6940810.69,64,0,0,0,0,0,0,0,559,80,UDPFlood,Hping3,Malicious,1
2005,UE_5,tcp,309,-52.6,39.24,5.661,5.661,476,58,418,613992,3712,610280,64,1460,84.08,10.25,73.84,867679.92,64,64,262144,262144,0.0139,0.007,0.007,231,1,0.05,Benign,None,Benign,0
3702,UE_8,udp,403.8,-52.24,41.09,0.463,0.463,902,902,0,736573,736573,0,816.6,0,1948.16,1948.16,0,12726963.28,64,0,0,0,0,0,0,0,722,80,UDPFlood,Hping3,Malicious,1
2972,UE_6,tcp,321,-51.86,39.72,1.072,1.072,62,31,31,35855,15438,20417,498,658.6,57.84,28.92,28.92,267574.63,64,64,65535,65535,0.031,0.0155,0.0155,315,1,0.05,Benign,None,Benign,0
4441,UE_9,tcp,409.2,-55.2,37.96,0.0014,0.0014,1,1,0,44,44,0,44,0,714.29,714.29,0,251428.57,48,0,1024,0,0,0,0,0,1,100,SYNScan,Nmap,Malicious,1
1623,UE_4,udp,116.4,-39.76,51.52,0.067,0.067,4,2,2,302,183,119,91.3,59.3,59.7,29.85,29.85,36059.7,64,64,0,0,0,0,0,390,0,0,Benign,None,Benign,0
4378,UE_9,tcp,409.2,-54.83,39.43,0.0058,0.0058,1,1,0,44,44,0,44,0,172.41,172.41,0,60689.66,51,0,1024,0,0,0,0,0,1,100,SYNScan,Nmap,Malicious,1
1156,UE_3,udp,127.5,-43,50.95,4.515,4.515,137,68,69,23341,11866,11475,174.5,166.3,30.34,15.06,15.28,41357.25,64,64,0,0,0,0,0,512,0,0,Benign,None,Benign,0
3426,UE_7,tcp,413,-59.61,33.22,0.0544,0.0544,706,706,0,28240,28240,0,40,0,12977.94,12977.94,0,4152941.18,128,0,1024,0,0,0,0,0,706,100,SYNFlood,Hping3,Malicious,1
1713,UE_4,udp,116.4,-40.18,51.95,0.226,0.226,4,2,2,283,159,124,79.7,62,17.7,8.85,8.85,10017.7,64,64,0,0,0,0,0,210,0,0,Benign,None,Benign,0
1342,UE_3,udp,127.5,-42.72,51.01,1.622,1.622,280,142,138,47976,24254,23722,170.8,171.9,172.63,87.55,85.08,236626.39,64,64,0,0,0,0,0,151,0,0,Benign,None,Benign,0
265,UE_1,tcp,146.1,-45.37,47.48,3.842,3.842,45,10,35,30177,1837,28340,183.7,809.7,11.71,2.6,9.11,62836.02,64,64,65535,65535,0.0187,0.0094,0.0094,326,0,0,Benign,None,Benign,0
4347,UE_9,tcp,409.2,-55.42,38.97,0.0021,0.0021,2,1,1,84,44,40,44,40,952.38,476.19,476.19,320000,51,55,1024,0,0.014,0,0,0,0,0,SYNScan,Nmap,Malicious,1
1298,UE_3,udp,127.5,-41.39,50.98,2.627,2.627,131,65,66,22318,10946,11372,168.4,172.3,49.87,24.74,25.12,67964.98,64,64,0,0,0,0,0,464,0,0,Benign,None,Benign,0
3722,UE_8,udp,403.8,-51.59,41.55,0.598,0.598,1185,1185,0,1065434,1065434,0,899.1,0,1981.61,1981.61,0,14253297.66,64,0,0,0,0,0,0,0,948,80,UDPFlood,Hping3,Malicious,1
2459,UE_5,tcp,309,-53.13,40.24,3.945,3.945,647,68,579,849692,4352,845340,64,1460,164.01,17.24,146.77,1723076.3,64,64,262144,262144,0.0218,0.0109,0.0109,300,0,0,Benign,None,Benign,0
2121,UE_5,tcp,309,-52.99,39.74,7.996,7.996,830,83,747,1095932,5312,1090620,64,1460,103.8,10.38,93.42,1096480.24,64,64,262144,262144,0.0229,0.0115,0.0115,153,0,0,Benign,None,Benign,0
4118,UE_9,tcp,409.2,-54.74,38.19,0.0042,0.0042,1,1,0,44,44,0,44,0,238.1,238.1,0,83809.52,56,0,1024,0,0,0,0,0,1,100,SYNScan,Nmap,Malicious,1
4573,UE_10,tcp,440.7,-54.1,38.17,44.25,44.25,29,19,10,1120,720,400,37.9,40,0.66,0.43,0.23,202.49,64,64,512,16384,0.1811,0.1087,0.0724,128,0,0,SlowrateDoS,Slowloris,Malicious,1
1941,UE_4,udp,116.4,-40.31,51.81,0.142,0.142,2,1,1,133,74,59,74.2,59.2,14.08,7.04,7.04,7492.96,64,64,0,0,0,0,0,398,1,0.05,Benign,None,Benign,0
680,UE_2,tcp,235.5,-52.92,41.54,2.155,2.155,385,46,339,491160,4186,486974,91,1436.5,178.65,21.35,157.31,1823331.79,64,64,131072,131072,0.0227,0.0114,0.0114,477,1,0.05,Benign,None,Benign,0
2645,UE_6,tcp,321,-52.37,39.82,2.343,2.343,86,42,44,41510,14230,27280,338.8,620,36.71,17.93,18.78,141732.82,64,64,65535,65535,0.0325,0.0163,0.0163,449,0,0,Benign,None,Benign,0
76,UE_1,tcp,146.1,-44.55,48.78,3.389,3.389,74,28,46,55427,6143,49284,219.4,1071.4,21.84,8.26,13.57,130839.78,64,64,65535,65535,0.0226,0.0113,0.0113,185,0,0,Benign,None,Benign,0
4025,UE_9,tcp,409.2,-55.12,38.68,0.0023,0.0023,1,1,0,44,44,0,44,0,434.78,434.78,0,153043.48,56,0,1024,0,0,0,0,0,1,100,SYNScan,Nmap,Malicious,1
4741,UE_10,tcp,440.7,-54.49,38.96,43.6,43.6,25,13,12,997,517,480,39.8,40,0.57,0.3,0.28,182.94,64,64,512,16384,0.1416,0.085,0.0566,128,0,0,SlowrateDoS,Slowloris,Malicious,1
2630,UE_6,tcp,321,-51.36,38.77,0.877,0.877,42,18,24,21443,6059,15384,336.6,641,47.89,20.52,27.37,195603.19,64,64,65535,65535,0.031,0.0155,0.0155,282,0,0,Benign,None,Benign,0
3013,UE_7,tcp,413,-60.03,33.35,0.0255,0.0255,989,989,0,39560,39560,0,40,0,38784.31,38784.31,0,12410980.39,128,0,1024,0,0,0,0,0,989,100,SYNFlood,Hping3,Malicious,1
2358,UE_5,tcp,309,-52.6,39.68,7.77,7.77,766,88,678,995512,5632,989880,64,1460,98.58,11.33,87.26,1024980.18,64,64,262144,262144,0.0191,0.0096,0.0096,422,0,0,Benign,None,Benign,0
2866,UE_6,tcp,321,-51.46,41.2,0.95,0.95,72,34,38,35884,11587,24297,340.8,639.4,75.79,35.79,40,302181.05,64,64,65535,65535,0.0209,0.0105,0.0105,194,0,0,Benign,None,Benign,0
1517,UE_4,udp,116.4,-40.37,51.16,0.224,0.224,4,2,2,288,166,122,83,60.9,17.86,8.93,8.93,10285.71,64,64,0,0,0,0,0,151,1,0.05,Benign,None,Benign,0
4865,UE_10,tcp,440.7,-54.7,38.51,62.45,62.45,13,9,4,497,337,160,37.4,40,0.21,0.14,0.06,63.67,64,64,512,16384,0.1762,0.1057,0.0705,128,0,0,SlowrateDoS,Slowloris,Malicious,1
1390,UE_3,udp,127.5,-40.89,50.91,2.175,2.175,189,92,97,32742,16339,16403,177.6,169.1,86.9,42.3,44.6,120430.34,64,64,0,0,0,0,0,131,0,0,Benign,None,Benign,0
1507,UE_4,udp,116.4,-39.61,51.88,0.214,0.214,4,3,1,298,244,54,81.4,53.9,18.69,14.02,4.67,11140.19,64,64,0,0,0,0,0,467,0,0,Benign,None,Benign,0
3460,UE_7,tcp,413,-59.54,34,0.0787,0.0787,442,442,0,17680,17680,0,40,0,5616.26,5616.26,0,1797204.57,128,0,1024,0,0,0,0,0,442,100,SYNFlood,Hping3,Malicious,1
496,UE_1,tcp,146.1,-45.05,48.68,3.763,3.763,61,25,36,49116,4933,44183,197.3,1227.3,16.21,6.64,9.57,104418.81,64,64,65535,65535,0.0252,0.0126,0.0126,173,0,0,Benign,None,Benign,0
1786,UE_4,udp,116.4,-40.79,52.1,0.088,0.088,3,1,2,184,78,106,77.6,53,34.09,11.36,22.73,16727.27,64,64,0,0,0,0,0,219,0,0,Benign,None,Benign,0
2559,UE_6,tcp,321,-51.39,39.64,1.82,1.82,72,42,30,34831,15784,19047,375.8,634.9,39.56,23.08,16.48,153103.3,64,64,65535,65535,0.039,0.0195,0.0195,156,0,0,Benign,None,Benign,0
4030,UE_9,tcp,409.2,-54.54,38.24,0.0038,0.0038,2,1,1,84,44,40,44,40,526.32,263.16,263.16,176842.11,52,55,1024,0,0.0101,0,0,0,0,0,SYNScan,Nmap,Malicious,1
1637,UE_4,udp,116.4,-40.07,52.48,0.088,0.088,3,1,2,203,89,114,89.4,57.2,34.09,11.36,22.73,18454.55,64,64,0,0,0,0,0,488,0,0,Benign,None,Benign,0
1792,UE_4,udp,116.4,-40.67,52.39,0.068,0.068,5,3,2,382,262,120,87.3,60.2,73.53,44.12,29.41,44941.18,64,64,0,0,0,0,0,435,0,0,Benign,None,Benign,0
2197,UE_5,tcp,309,-53.37,40.29,11.816,11.816,604,60,544,798080,3840,794240,64,1460,51.12,5.08,46.04,540338.52,64,64,262144,262144,0.0256,0.0128,0.0128,505,0,0,Benign,None,Benign,0
298,UE_1,tcp,146.1,-44.23,47.87,1.727,1.727,64,19,45,55969,3485,52484,183.4,1166.3,37.06,11,26.06,259265.78,64,64,65535,65535,0.0271,0.0136,0.0136,339,0,0,Benign,None,Benign,0
905,UE_2,tcp,235.5,-53,40.4,3.781,3.781,499,66,433,587066,6673,580393,101.1,1340.4,131.98,17.46,114.52,1242139.12,64,64,131072,131072,0.0192,0.0096,0.0096,183,1,0.05,Benign,None,Benign,0
4221,UE_9,tcp,409.2,-55.95,39.82,0.0035,0.0035,2,1,1,84,44,40,44,40,571.43,285.71,285.71,192000,58,55,1024,0,0.0138,0,0,0,0,0,SYNScan,Nmap,Malicious,1
165,UE_1,tcp,146.1,-43.8,47.68,4.012,4.012,85,32,53,57800,7328,50472,229,952.3,21.19,7.98,13.21,115254.24,64,64,65535,65535,0.0174,0.0087,0.0087,442,0,0,Benign,None,Benign,0
3852,UE_8,udp,403.8,-51.66,40.3,0.324,0.324,2454,2454,0,2286637,2286637,0,931.8,0,7574.07,7574.07,0,56460172.84,64,0,0,0,0,0,0,0,1963,80,UDPFlood,Hping3,Malicious,1
4819,UE_10,tcp,440.7,-55.25,38.97,44.42,44.42,27,18,9,823,463,360,25.7,40,0.61,0.41,0.2,148.22,64,64,512,16384,0.2131,0.1279,0.0852,128,0,0,SlowrateDoS,Slowloris,Malicious,1
2504,UE_6,tcp,321,-51.78,40.27,1.957,1.957,65,33,32,25478,10969,14509,332.4,453.4,33.21,16.86,16.35,104151.25,64,64,65535,65535,0.0219,0.011,0.011,245,1,0.05,Benign,None,Benign,0
2904,UE_6,tcp,321,-52.34,39.84,1.928,1.928,71,42,29,35694,15855,19839,377.5,684.1,36.83,21.78,15.04,148107.88,64,64,65535,65535,0.025,0.0125,0.0125,234,1,0.05,Benign,None,Benign,0
4784,UE_10,tcp,440.7,-53.87,39.72,37.52,37.52,18,14,4,650,490,160,35,40,0.48,0.37,0.11,138.59,64,64,512,16384,0.1093,0.0656,0.0437,128,0,0,SlowrateDoS,Slowloris,Malicious,1
3643,UE_8,udp,403.8,-52.12,40.54,0.148,0.148,1588,1588,0,1512570,1512570,0,952.5,0,10729.73,10729.73,0,81760540.54,64,0,0,0,0,0,0,0,1270,80,UDPFlood,Hping3,Malicious,1
1506,UE_4,udp,116.4,-40.77,51.66,0.178,0.178,5,3,2,381,265,116,88.3,57.9,28.09,16.85,11.24,17123.6,64,64,0,0,0,0,0,285,1,0.05,Benign,None,Benign,0
1431,UE_3,udp,127.5,-42.13,51.4,3.887,3.887,283,144,139,49514,25258,24256,175.4,174.5,72.81,37.05,35.76,101906.87,64,64,0,0,0,0,0,263,0,0,Benign,None,Benign,0
1632,UE_4,udp,116.4,-40.69,51.96,0.246,0.246,5,3,2,351,254,97,84.6,48.5,20.33,12.2,8.13,11414.63,64,64,0,0,0,0,0,215,1,0.05,Benign,None,Benign,0
2751,UE_6,tcp,321,-51.99,40.23,2.762,2.762,64,17,47,38523,7381,31142,434.2,662.6,23.17,6.15,17.02,111580.01,64,64,65535,65535,0.0449,0.0225,0.0225,313,0,0,Benign,None,Benign,0
2757,UE_6,tcp,321,-51.81,39.49,1.028,1.028,44,19,25,23825,7117,16708,374.6,668.3,42.8,18.48,24.32,185408.56,64,64,65535,65535,0.0252,0.0126,0.0126,257,0,0,Benign,None,Benign,0
1069,UE_3,udp,127.5,-42.28,51.16,2.217,2.217,241,123,118,41369,22029,19340,179.1,163.9,108.71,55.48,53.23,149279.21,64,64,0,0,0,0,0,155,1,0.05,Benign,None,Benign,0
2015,UE_5,tcp,309,-52.98,40.56,4.389,4.389,953,95,858,1258760,6080,1252680,64,1460,217.13,21.65,195.49,2294390.52,64,64,262144,262144,0.0223,0.0112,0.0112,313,0,0,Benign,None,Benign,0
1908,UE_4,udp,116.4,-40.15,52.49,0.08,0.08,3,2,1,237,174,63,87,63.2,37.5,25,12.5,23700,64,64,0,0,0,0,0,391,1,0.05,Benign,None,Benign,0
861,UE_2,tcp,235.5,-52.37,40.98,4.018,4.018,506,71,435,584352,6063,578289,85.4,1329.4,125.93,17.67,108.26,1163468.39,64,64,131072,131072,0.0143,0.0072,0.0072,400,0,0,Benign,None,Benign,0
4487,UE_9,tcp,409.2,-54.48,38.9,0.0034,0.0034,1,1,0,44,44,0,44,0,294.12,294.12,0,103529.41,54,0,1024,0,0,0,0,0,1,100,SYNScan,Nmap,Malicious,1
2379,UE_5,tcp,309,-53.41,39.63,6.076,6.076,503,69,434,638056,4416,633640,64,1460,82.78,11.36,71.43,840100.07,64,64,262144,262144,0.0128,0.0064,0.0064,187,0,0,Benign,None,Benign,0
2754,UE_6,tcp,321,-52.49,40.07,1.449,1.449,47,19,28,21708,6946,14762,365.6,527.2,32.44,13.11,19.32,119850.93,64,64,65535,65535,0.0364,0.0182,0.0182,504,0,0,Benign,None,Benign,0
4341,UE_9,tcp,409.2,-55.34,39.46,0.0027,0.0027,1,1,0,44,44,0,44,0,370.37,370.37,0,130370.37,54,0,1024,0,0,0,0,0,1,100,SYNScan,Nmap,Malicious,1
1654,UE_4,udp,116.4,-40.62,52.43,0.237,0.237,5,3,2,385,274,111,91.4,55.5,21.1,12.66,8.44,12995.78,64,64,0,0,0,0,0,468,0,0,Benign,None,Benign,0
2975,UE_6,tcp,321,-51.02,40.49,1.165,1.165,66,42,24,24579,14213,10366,338.4,431.9,56.65,36.05,20.6,168782.83,64,64,65535,65535,0.0277,0.0139,0.0139,303,1,0.05,Benign,None,Benign,0
4474,UE_9,tcp,409.2,-54.08,38.41,0.003,0.003,1,1,0,44,44,0,44,0,333.33,333.33,0,117333.33,53,0,1024,0,0,0,0,0,1,100,SYNScan,Nmap,Malicious,1
2991,UE_6,tcp,321,-52.05,39.98,2.164,2.164,67,22,45,26121,6789,19332,308.6,429.6,30.96,10.17,20.79,96565.62,64,64,65535,65535,0.033,0.0165,0.0165,252,0,0,Benign,None,Benign,0
4878,UE_10,tcp,440.7,-54.73,39.33,34.36,34.36,23,19,4,798,638,160,33.6,40,0.67,0.55,0.12,185.8,64,64,512,16384,0.1706,0.1024,0.0682,128,0,0,SlowrateDoS,Slowloris,Malicious,1
1121,UE_3,udp,127.5,-41.43,51.03,4.314,4.314,231,117,114,39625,19481,20144,166.5,176.7,53.55,27.12,26.43,73481.69,64,64,0,0,0,0,0,491,0,0,Benign,None,Benign,0
2587,UE_6,tcp,321,-51.6,39.93,0.993,0.993,74,29,45,34656,8799,25857,303.4,574.6,74.52,29.2,45.32,279202.42,64,64,65535,65535,0.042,0.021,0.021,301,0,0,Benign,None,Benign,0
639,UE_2,tcp,235.5,-52.42,41.03,6.236,6.236,199,43,156,193193,4683,188510,108.9,1208.4,31.91,6.9,25.02,247842.21,64,64,131072,131072,0.0219,0.011,0.011,172,0,0,Benign,None,Benign,0
4780,UE_10,tcp,440.7,-54.58,39.98,54.46,54.46,14,8,6,485,245,240,30.6,40,0.26,0.15,0.11,71.24,64,64,512,16384,0.1674,0.1004,0.067,128,0,0,SlowrateDoS,Slowloris,Malicious,1
4471,UE_9,tcp,409.2,-54.87,38.62,0.005,0.005,1,1,0,44,44,0,44,0,200,200,0,70400,48,0,1024,0,0,0,0,0,1,100,SYNScan,Nmap,Malicious,1
1114,UE_3,udp,127.5,-41.42,50.53,2.573,2.573,244,120,124,43247,20952,22295,174.6,179.8,94.83,46.64,48.19,134464.05,64,64,0,0,0,0,0,255,0,0,Benign,None,Benign,0
881,UE_2,tcp,235.5,-53.49,41.4,7.193,7.193,473,47,426,589594,4014,585580,85.4,1374.6,65.76,6.53,59.22,655741.97,64,64,131072,131072,0.0101,0.0051,0.0051,288,0,0,Benign,None,Benign,0
3528,UE_8,udp,403.8,-52.36,41.55,0.224,0.224,1747,1747,0,1611782,1611782,0,922.6,0,7799.11,7799.11,0,57563642.86,64,0,0,0,0,0,0,0,1398,80,UDPFlood,Hping3,Malicious,1
812,UE_2,tcp,235.5,-52.9,41.31,7.844,7.844,210,32,178,223254,2570,220684,80.3,1239.8,26.77,4.08,22.69,227694.03,64,64,131072,131072,0.0114,0.0057,0.0057,238,0,0,Benign,None,Benign,0
1823,UE_4,udp,116.4,-40.11,52.21,0.221,0.221,2,1,1,123,66,57,66.4,56.7,9.05,4.52,4.52,4452.49,64,64,0,0,0,0,0,395,0,0,Benign,None,Benign,0
921,UE_2,tcp,235.5,-51.89,39.99,3.168,3.168,287,44,243,337982,4440,333542,100.9,1372.6,90.59,13.89,76.7,853489.9,64,64,131072,131072,0.0176,0.0088,0.0088,242,0,0,Benign,None,Benign,0
1526,UE_4,udp,116.4,-40.56,52.14,0.154,0.154,3,2,1,201,148,53,73.9,52.5,19.48,12.99,6.49,10441.56,64,64,0,0,0,0,0,267,0,0,Benign,None,Benign,0
4669,UE_10,tcp,440.7,-53.77,39.48,35.05,35.05,30,19,11,945,505,440,26.6,40,0.86,0.54,0.31,215.69,64,64,512,16384,0.204,0.1224,0.0816,128,0,0,SlowrateDoS,Slowloris,Malicious,1
1991,UE_4,udp,116.4,-40.84,51.28,0.117,0.117,3,2,1,230,173,57,86.6,57.1,25.64,17.09,8.55,15726.5,64,64,0,0,0,0,0,341,1,0.05,Benign,None,Benign,0
721,UE_2,tcp,235.5,-53.21,41.19,2.634,2.634,305,39,266,347629,3877,343752,99.4,1292.3,115.79,14.81,100.99,1055820.8,64,64,131072,131072,0.0164,0.0082,0.0082,128,1,0.05,Benign,None,Benign,0
3258,UE_7,tcp,413,-59.4,34.32,0.0244,0.0244,707,707,0,28280,28280,0,40,0,28975.41,28975.41,0,9272131.15,128,0,1024,0,0,0,0,0,707,100,SYNFlood,Hping3,Malicious,1
1382,UE_3,udp,127.5,-42.72,51.25,2.287,2.287,153,77,76,25055,12697,12358,164.9,162.6,66.9,33.67,33.23,87643.2,64,64,0,0,0,0,0,307,1,0.05,Benign,None,Benign,0
2943,UE_6,tcp,321,-50.71,39.46,3.012,3.012,65,39,26,31842,18977,12865,486.6,494.8,21.58,12.95,8.63,84573.71,64,64,65535,65535,0.0373,0.0187,0.0187,333,0,0,Benign,None,Benign,0
3993,UE_8,udp,403.8,-52.14,41.12,0.361,0.361,1879,1879,0,1273398,1273398,0,677.7,0,5204.99,5204.99,0,28219346.26,64,0,0,0,0,0,0,0,1503,80,UDPFlood,Hping3,Malicious,1
3744,UE_8,udp,403.8,-52,41.17,0.576,0.576,1400,1400,0,814940,814940,0,582.1,0,2430.56,2430.56,0,11318611.11,64,0,0,0,0,0,0,0,1120,80,UDPFlood,Hping3,Malicious,1
4191,UE_9,tcp,409.2,-55.65,38.62,0.0012,0.0012,1,1,0,44,44,0,44,0,833.33,833.33,0,293333.33,46,0,1024,0,0,0,0,0,1,100,SYNScan,Nmap,Malicious,1
441,UE_1,tcp,146.1,-44.57,48.12,3.697,3.697,67,18,49,56827,3456,53371,192,1089.2,18.12,4.87,13.25,122968.89,64,64,65535,65535,0.04,0.02,0.02,504,0,0,Benign,None,Benign,0
1485,UE_3,udp,127.5,-42.34,52.09,5.782,5.782,274,139,135,47780,23561,24219,169.5,179.4,47.39,24.04,23.35,66108.61,64,64,0,0,0,0,0,319,0,0,Benign,None,Benign,0
4705,UE_10,tcp,440.7,-53.81,39.55,41.06,41.06,26,16,10,790,390,400,24.4,40,0.63,0.39,0.24,153.92,64,64,512,16384,0.0935,0.0561,0.0374,128,0,0,SlowrateDoS,Slowloris,Malicious,1
3168,UE_7,tcp,413,-59.71,34.4,0.0202,0.0202,376,376,0,15040,15040,0,40,0,18613.86,18613.86,0,5956435.64,128,0,1024,0,0,0,0,0,376,100,SYNFlood,Hping3,Malicious,1
1230,UE_3,udp,127.5,-42.7,51.48,4.351,4.351,134,67,67,22351,11591,10760,173,160.6,30.8,15.4,15.4,41095.84,64,64,0,0,0,0,0,359,1,0.05,Benign,None,Benign,0
4365,UE_9,tcp,409.2,-55.6,38.53,0.0039,0.0039,1,1,0,44,44,0,44,0,256.41,256.41,0,90256.41,59,0,1024,0,0,0,0,0,1,100,SYNScan,Nmap,Malicious,1
899,UE_2,tcp,235.5,-52.61,40.24,9.625,9.625,452,56,396,485104,5706,479398,101.9,1210.6,46.96,5.82,41.14,403203.32,64,64,131072,131072,0.0163,0.0082,0.0082,280,0,0,Benign,None,Benign,0
2573,UE_6,tcp,321,-51.57,39.16,1.458,1.458,72,26,46,36430,11921,24509,458.5,532.8,49.38,17.83,31.55,199890.26,64,64,65535,65535,0.0381,0.0191,0.0191,290,0,0,Benign,None,Benign,0
4241,UE_9,tcp,409.2,-55.26,38.38,0.0015,0.0015,1,1,0,44,44,0,44,0,666.67,666.67,0,234666.67,47,0,1024,0,0,0,0,0,1,100,SYNScan,Nmap,Malicious,1
4260,UE_9,tcp,409.2,-54.65,38.36,0.0017,0.0017,1,1,0,44,44,0,44,0,588.24,588.24,0,207058.82,50,0,1024,0,0,0,0,0,1,100,SYNScan,Nmap,Malicious,1
159,UE_1,tcp,146.1,-44.19,47.82,3.104,3.104,56,23,33,41661,4216,37445,183.3,1134.7,18.04,7.41,10.63,107373.71,64,64,65535,65535,0.0448,0.0224,0.0224,335,1,0.05,Benign,None,Benign,0
1999,UE_4,udp,116.4,-40.9,52.46,0.107,0.107,3,2,1,249,191,58,95.4,58,28.04,18.69,9.35,18616.82,64,64,0,0,0,0,0,259,0,0,Benign,None,Benign,0
4930,UE_10,tcp,440.7,-54.24,39.81,33.51,33.51,21,13,8,737,417,320,32.1,40,0.63,0.39,0.24,175.95,64,64,512,16384,0.2181,0.1309,0.0872,128,0,0,SlowrateDoS,Slowloris,Malicious,1
1475,UE_3,udp,127.5,-42.09,52.02,5.216,5.216,295,146,149,51675,25287,26388,173.2,177.1,56.56,27.99,28.57,79256.13,64,64,0,0,0,0,0,254,1,0.05,Benign,None,Benign,0
1167,UE_3,udp,127.5,-41.46,50.86,2.433,2.433,252,128,124,44240,22131,22109,172.9,178.3,103.58,52.61,50.97,145466.5,64,64,0,0,0,0,0,298,0,0,Benign,None,Benign,0
260,UE_1,tcp,146.1,-44.29,48.29,3.315,3.315,36,10,26,31676,2213,29463,221.3,1133.2,10.86,3.02,7.84,76442.84,64,64,65535,65535,0.044,0.022,0.022,277,0,0,Benign,None,Benign,0
2394,UE_5,tcp,309,-52.52,40.31,4.147,4.147,690,91,599,880364,5824,874540,64,1460,166.39,21.94,144.44,1698314.93,64,64,262144,262144,0.0139,0.007,0.007,457,0,0,Benign,None,Benign,0
3461,UE_7,tcp,413,-59.89,34.81,0.105,0.105,775,775,0,31000,31000,0,40,0,7380.95,7380.95,0,2361904.76,128,0,1024,0,0,0,0,0,775,100,SYNFlood,Hping3,Malicious,1
4301,UE_9,tcp,409.2,-54.97,38.09,0.0025,0.0025,1,1,0,44,44,0,44,0,400,400,0,140800,54,0,1024,0,0,0,0,0,1,100,SYNScan,Nmap,Malicious,1
4448,UE_9,tcp,409.2,-54.84,39.63,0.0056,0.0056,2,1,1,84,44,40,44,40,357.14,178.57,178.57,120000,45,55,1024,0,0.0121,0,0,0,0,0,SYNScan,Nmap,Malicious,1
1927,UE_4,udp,116.4,-41.32,51.94,0.14,0.14,3,1,2,183,85,98,85.2,49,21.43,7.14,14.29,10457.14,64,64,0,0,0,0,0,298,0,0,Benign,None,Benign,0
1020,UE_3,udp,127.5,-41.96,50.77,2.334,2.334,290,147,143,51525,25828,25697,175.7,179.7,124.25,62.98,61.27,176606.68,64,64,0,0,0,0,0,311,0,0,Benign,None,Benign,0
4419,UE_9,tcp,409.2,-54.1,38.5,0.0035,0.0035,1,1,0,44,44,0,44,0,285.71,285.71,0,100571.43,55,0,1024,0,0,0,0,0,1,100,SYNScan,Nmap,Malicious,1
330,UE_1,tcp,146.1,-44.52,48.47,1.18,1.18,71,15,56,73605,3375,70230,225,1254.1,60.17,12.71,47.46,499016.95,64,64,65535,65535,0.0378,0.0189,0.0189,366,1,0.05,Benign,None,Benign,0
3391,UE_7,tcp,413,-60.2,34.15,0.1094,0.1094,474,474,0,18960,18960,0,40,0,4332.72,4332.72,0,1386471.66,128,0,1024,0,0,0,0,0,474,100,SYNFlood,Hping3,Malicious,1
1324,UE_3,udp,127.5,-41.35,51.25,2.918,2.918,290,144,146,49972,25546,24426,177.4,167.3,99.38,49.35,50.03,137003.43,64,64,0,0,0,0,0,156,0,0,Benign,None,Benign,0
351,UE_1,tcp,146.1,-44.66,49.07,3.959,3.959,37,14,23,24657,2779,21878,198.5,951.2,9.35,3.54,5.81,49824.7,64,64,65535,65535,0.0319,0.016,0.016,184,0,0,Benign,None,Benign,0
2205,UE_5,tcp,309,-53.3,39.33,6.603,6.603,913,54,859,1257596,3456,1254140,64,1460,138.27,8.18,130.09,1523666.21,64,64,262144,262144,0.0243,0.0122,0.0122,308,1,0.05,Benign,None,Benign,0
3910,UE_8,udp,403.8,-52.23,40.78,0.216,0.216,1850,1850,0,1199540,1199540,0,648.4,0,8564.81,8564.81,0,44427407.41,64,0,0,0,0,0,0,0,1480,80,UDPFlood,Hping3,Malicious,1
1709,UE_4,udp,116.4,-40.64,52.25,0.213,0.213,2,1,1,130,75,55,74.5,54.8,9.39,4.69,4.69,4882.63,64,64,0,0,0,0,0,237,0,0,Benign,None,Benign,0
360,UE_1,tcp,146.1,-44.12,47.91,0.875,0.875,79,22,57,57293,3388,53905,154,945.7,90.29,25.14,65.14,523821.71,64,64,65535,65535,0.0212,0.0106,0.0106,304,0,0,Benign,None,Benign,0
3548,UE_8,udp,403.8,-52.7,40.81,0.388,0.388,1079,1079,0,667146,667146,0,618.3,0,2780.93,2780.93,0,13755587.63,64,0,0,0,0,0,0,0,863,80,UDPFlood,Hping3,Malicious,1
2823,UE_6,tcp,321,-50.86,39.43,1.268,1.268,53,20,33,30537,9018,21519,450.9,652.1,41.8,15.77,26.03,192662.46,64,64,65535,65535,0.0445,0.0223,0.0223,253,0,0,Benign,None,Benign,0
2265,UE_5,tcp,309,-53.48,39.56,3.06,3.06,670,47,623,912588,3008,909580,64,1460,218.95,15.36,203.59,2385850.98,64,64,262144,262144,0.0157,0.0079,0.0079,190,1,0.05,Benign,None,Benign,0
390,UE_1,tcp,146.1,-43.95,48.09,1.729,1.729,61,24,37,36748,3984,32764,166,885.5,35.28,13.88,21.4,170031.23,64,64,65535,65535,0.0275,0.0138,0.0138,367,0,0,Benign,None,Benign,0
25,UE_1,tcp,146.1,-44.37,48.76,3.31,3.31,51,19,32,42950,4387,38563,230.9,1205.1,15.41,5.74,9.67,103806.65,64,64,65535,65535,0.041,0.0205,0.0205,413,1,0.05,Benign,None,Benign,0
2276,UE_5,tcp,309,-52.75,40.03,8.327,8.327,731,51,680,996064,3264,992800,64,1460,87.79,6.12,81.66,956948.72,64,64,262144,262144,0.0203,0.0102,0.0102,136,0,0,Benign,None,Benign,0
2955,UE_6,tcp,321,-50.98,39.95,1.918,1.918,90,45,45,42764,15044,27720,334.3,616,46.92,23.46,23.46,178369.13,64,64,65535,65535,0.0321,0.0161,0.0161,138,0,0,Benign,None,Benign,0
4756,UE_10,tcp,440.7,-53.76,39.25,36.96,36.96,18,9,9,650,290,360,32.2,40,0.49,0.24,0.24,140.69,64,64,512,16384,0.1817,0.109,0.0727,128,0,0,SlowrateDoS,Slowloris,Malicious,1
140,UE_1,tcp,146.1,-44.79,48.25,2.529,2.529,37,11,26,36084,2736,33348,248.7,1282.6,14.63,4.35,10.28,114144.72,64,64,65535,65535,0.0151,0.0076,0.0076,487,0,0,Benign,None,Benign,0
4379,UE_9,tcp,409.2,-54.88,39.06,0.0054,0.0054,1,1,0,44,44,0,44,0,185.19,185.19,0,65185.19,50,0,1024,0,0,0,0,0,1,100,SYNScan,Nmap,Malicious,1
2113,UE_5,tcp,309,-53.52,39.45,6.854,6.854,362,49,313,460116,3136,456980,64,1460,52.82,7.15,45.67,537048.15,64,64,262144,262144,0.0153,0.0077,0.0077,387,0,0,Benign,None,Benign,0
1228,UE_3,udp,127.5,-42.19,51.11,2.638,2.638,283,143,140,49987,25711,24276,179.8,173.4,107.28,54.21,53.07,151590.6,64,64,0,0,0,0,0,357,1,0.05,Benign,None,Benign,0
2771,UE_6,tcp,321,-51.65,39.2,2.716,2.716,60,27,33,28093,10989,17104,407,518.3,22.09,9.94,12.15,82748.16,64,64,65535,65535,0.0429,0.0215,0.0215,314,0,0,Benign,None,Benign,0
1259,UE_3,udp,127.5,-42.12,50.84,1.218,1.218,147,71,76,25908,12752,13156,179.6,173.1,120.69,58.29,62.4,170167.49,64,64,0,0,0,0,0,512,0,0,Benign,None,Benign,0
3136,UE_7,tcp,413,-58.63,34.85,0.0366,0.0366,217,217,0,8680,8680,0,40,0,5928.96,5928.96,0,1897267.76,128,0,1024,0,0,0,0,0,217,100,SYNFlood,Hping3,Malicious,1
3242,UE_7,tcp,413,-59.45,33.8,0.1039,0.1039,419,419,0,16760,16760,0,40,0,4032.72,4032.72,0,1290471.61,128,0,1024,0,0,0,0,0,419,100,SYNFlood,Hping3,Malicious,1
388,UE_1,tcp,146.1,-45.15,47.79,4.363,4.363,69,20,49,59332,3692,55640,184.6,1135.5,15.81,4.58,11.23,108791.2,64,64,65535,65535,0.0392,0.0196,0.0196,130,1,0.05,Benign,None,Benign,0
618,UE_2,tcp,235.5,-52.41,39.88,5.122,5.122,483,59,424,534080,6030,528050,102.2,1245.4,94.3,11.52,82.78,834174.15,64,64,131072,131072,0.0176,0.0088,0.0088,507,1,0.05,Benign,None,Benign,0
3466,UE_7,tcp,413,-59.63,33.3,0.1071,0.1071,706,706,0,28240,28240,0,40,0,6591.97,6591.97,0,2109430.44,128,0,1024,0,0,0,0,0,706,100,SYNFlood,Hping3,Malicious,1
2774,UE_6,tcp,321,-51.01,40.06,0.971,0.971,69,29,40,30173,10417,19756,359.2,493.9,71.06,29.87,41.19,248593.2,64,64,65535,65535,0.0231,0.0116,0.0116,407,0,0,Benign,None,Benign,0
3435,UE_7,tcp,413,-60,33.92,0.0346,0.0346,383,383,0,15320,15320,0,40,0,11069.36,11069.36,0,3542196.53,128,0,1024,0,0,0,0,0,383,100,SYNFlood,Hping3,Malicious,1
734,UE_2,tcp,235.5,-52,41.02,3.3,3.3,431,75,356,440038,6750,433288,90,1217.1,130.61,22.73,107.88,1066758.79,64,64,131072,131072,0.0238,0.0119,0.0119,235,0,0,Benign,None,Benign,0
3809,UE_8,udp,403.8,-52.65,40.54,0.31,0.31,1109,1109,0,620929,620929,0,559.9,0,3577.42,3577.42,0,16023974.19,64,0,0,0,0,0,0,0,887,80,UDPFlood,Hping3,Malicious,1
4531,UE_10,tcp,440.7,-53.13,39.73,37.5,37.5,13,9,4,469,309,160,34.3,40,0.35,0.24,0.11,100.05,64,64,512,16384,0.1628,0.0977,0.0651,128,0,0,SlowrateDoS,Slowloris,Malicious,1
3121,UE_7,tcp,413,-59.18,33.12,0.0725,0.0725,895,895,0,35800,35800,0,40,0,12344.83,12344.83,0,3950344.83,128,0,1024,0,0,0,0,0,895,100,SYNFlood,Hping3,Malicious,1
4008,UE_9,tcp,409.2,-55.23,38.57,0.004,0.004,1,1,0,44,44,0,44,0,250,250,0,88000,45,0,1024,0,0,0,0,0,1,100,SYNScan,Nmap,Malicious,1
1698,UE_4,udp,116.4,-40.08,51.96,0.09,0.09,2,1,1,144,81,63,80.9,63.2,22.22,11.11,11.11,12800,64,64,0,0,0,0,0,289,0,0,Benign,None,Benign,0
2520,UE_6,tcp,321,-50.78,39.72,2.079,2.079,53,16,37,31140,7682,23458,480.1,634,25.49,7.7,17.8,119826.84,64,64,65535,65535,0.0397,0.0199,0.0199,443,0,0,Benign,None,Benign,0
2844,UE_6,tcp,321,-51.93,40.4,2.851,2.851,65,42,23,30663,20101,10562,478.6,459.2,22.8,14.73,8.07,86041.39,64,64,65535,65535,0.0384,0.0192,0.0192,242,1,0.05,Benign,None,Benign,0
1939,UE_4,udp,116.4,-39.61,51.76,0.237,0.237,6,4,2,379,271,108,67.7,54,25.32,16.88,8.44,12793.25,64,64,0,0,0,0,0,355,1,0.05,Benign,None,Benign,0
982,UE_2,tcp,235.5,-52.44,40.79,9.489,9.489,384,32,352,499670,3702,495968,115.7,1409,40.47,3.37,37.1,421262.51,64,64,131072,131072,0.0137,0.0069,0.0069,345,0,0,Benign,None,Benign,0
1712,UE_4,udp,116.4,-40.78,51.89,0.193,0.193,4,3,1,269,215,54,71.6,53.9,20.73,15.54,5.18,11150.26,64,64,0,0,0,0,0,469,0,0,Benign,None,Benign,0
3596,UE_8,udp,403.8,-52.39,40.46,0.137,0.137,676,676,0,544450,544450,0,805.4,0,4934.31,4934.31,0,31792700.73,64,0,0,0,0,0,0,0,541,80,UDPFlood,Hping3,Malicious,1
3514,UE_8,udp,403.8,-52.73,40.85,0.237,0.237,539,539,0,294294,294294,0,546,0,2274.26,2274.26,0,9933974.68,64,0,0,0,0,0,0,0,431,80,UDPFlood,Hping3,Malicious,1
2926,UE_6,tcp,321,-51.36,39.23,2.231,2.231,54,16,38,30605,6475,24130,404.7,635,24.2,7.17,17.03,109744.51,64,64,65535,65535,0.0207,0.0104,0.0104,140,0,0,Benign,None,Benign,0
1356,UE_3,udp,127.5,-41.68,51.56,2.177,2.177,217,106,111,37485,18826,18659,177.6,168.1,99.68,48.69,50.99,137749.2,64,64,0,0,0,0,0,152,0,0,Benign,None,Benign,0
4976,UE_10,tcp,440.7,-54.07,38.31,51.87,51.87,17,9,8,550,230,320,25.5,40,0.33,0.17,0.15,84.83,64,64,512,16384,0.1684,0.101,0.0674,128,0,0,SlowrateDoS,Slowloris,Malicious,1
396,UE_1,tcp,146.1,-43.93,47.23,1.838,1.838,61,20,41,47848,3322,44526,166.1,1086,33.19,10.88,22.31,208261.15,64,64,65535,65535,0.0392,0.0196,0.0196,317,0,0,Benign,None,Benign,0
937,UE_2,tcp,235.5,-52.91,41.53,8.583,8.583,400,39,361,464677,3572,461105,91.6,1277.3,46.6,4.54,42.06,433113.83,64,64,131072,131072,0.0159,0.008,0.008,294,1,0.05,Benign,None,Benign,0
1005,UE_3,udp,127.5,-42.36,50.83,1.838,1.838,147,76,71,25288,13232,12056,174.1,169.8,79.98,41.35,38.63,110067.46,64,64,0,0,0,0,0,325,0,0,Benign,None,Benign,0
641,UE_2,tcp,235.5,-52.73,41.19,4.778,4.778,399,43,356,457087,5074,452013,118,1269.7,83.51,9,74.51,765319.38,64,64,131072,131072,0.0262,0.0131,0.0131,284,0,0,Benign,None,Benign,0
2127,UE_5,tcp,309,-53.3,38.75,4.78,4.78,580,87,493,725348,5568,719780,64,1460,121.34,18.2,103.14,1213971.55,64,64,262144,262144,0.0241,0.0121,0.0121,156,0,0,Benign,None,Benign,0
4618,UE_10,tcp,440.7,-53.99,38.84,27.56,27.56,20,10,10,761,361,400,36.1,40,0.73,0.36,0.36,220.9,64,64,512,16384,0.1012,0.0607,0.0405,128,0,0,SlowrateDoS,Slowloris,Malicious,1
1909,UE_4,udp,116.4,-40.79,51.95,0.16,0.16,3,1,2,191,91,100,90.5,50.1,18.75,6.25,12.5,9550,64,64,0,0,0,0,0,311,1,0.05,Benign,None,Benign,0
333,UE_1,tcp,146.1,-43.92,48.76,3.269,3.269,74,16,58,59231,3418,55813,213.6,962.3,22.64,4.89,17.74,144951.97,64,64,65535,65535,0.0231,0.0116,0.0116,434,0,0,Benign,None,Benign,0
1805,UE_4,udp,116.4,-40.12,51.74,0.138,0.138,5,3,2,324,203,121,67.7,60.5,36.23,21.74,14.49,18782.61,64,64,0,0,0,0,0,299,0,0,Benign,None,Benign,0
4706,UE_10,tcp,440.7,-54.51,39.02,42.08,42.08,25,18,7,717,437,280,24.3,40,0.59,0.43,0.17,136.31,64,64,512,16384,0.1525,0.0915,0.061,128,0,0,SlowrateDoS,Slowloris,Malicious,1
2824,UE_6,tcp,321,-51.78,39.22,1.619,1.619,49,21,28,20791,8104,12687,385.9,453.1,30.27,12.97,17.29,102735.02,64,64,65535,65535,0.0441,0.0221,0.0221,419,0,0,Benign,None,Benign,0
602,UE_2,tcp,235.5,-52.34,40.29,4.672,4.672,256,35,221,286855,4130,282725,118,1279.3,54.79,7.49,47.3,491190.07,64,64,131072,131072,0.0134,0.0067,0.0067,433,0,0,Benign,None,Benign,0
3222,UE_7,tcp,413,-58.91,33.93,0.0307,0.0307,473,473,0,18920,18920,0,40,0,15407.17,15407.17,0,4930293.16,128,0,1024,0,0,0,0,0,473,100,SYNFlood,Hping3,Malicious,1
4876,UE_10,tcp,440.7,-53.64,39.09,27.87,27.87,14,10,4,429,269,160,26.9,40,0.5,0.36,0.14,123.14,64,64,512,16384,0.1425,0.0855,0.057,128,0,0,SlowrateDoS,Slowloris,Malicious,1
1161,UE_3,udp,127.5,-41.84,50.94,5.273,5.273,233,119,114,37952,19552,18400,164.3,161.4,44.19,22.57,21.62,57579.37,64,64,0,0,0,0,0,182,1,0.05,Benign,None,Benign,0
4597,UE_10,tcp,440.7,-54.15,39.11,64.2,64.2,24,14,10,893,493,400,35.2,40,0.37,0.22,0.16,111.28,64,64,512,16384,0.1536,0.0922,0.0614,128,0,0,SlowrateDoS,Slowloris,Malicious,1
2166,UE_5,tcp,309,-53.45,39,11.596,11.596,789,99,690,1013736,6336,1007400,64,1460,68.04,8.54,59.5,699369.44,64,64,262144,262144,0.0221,0.0111,0.0111,323,1,0.05,Benign,None,Benign,0
399,UE_1,tcp,146.1,-44.02,48.58,2.088,2.088,64,14,50,59384,2604,56780,186,1135.6,30.65,6.7,23.95,227524.9,64,64,65535,65535,0.0231,0.0116,0.0116,387,1,0.05,Benign,None,Benign,0
402,UE_1,tcp,146.1,-44.12,48.34,3.774,3.774,67,11,56,55773,2741,53032,249.2,947,17.75,2.91,14.84,118225.76,64,64,65535,65535,0.0213,0.0107,0.0107,428,0,0,Benign,None,Benign,0
774,UE_2,tcp,235.5,-52.12,41.19,3.316,3.316,270,41,229,285470,3342,282128,81.5,1232,81.42,12.36,69.06,688709.29,64,64,131072,131072,0.0297,0.0149,0.0149,128,1,0.05,Benign,None,Benign,0
155,UE_1,tcp,146.1,-45.23,48.41,1.172,1.172,84,29,55,51614,4979,46635,171.7,847.9,71.67,24.74,46.93,352313.99,64,64,65535,65535,0.0157,0.0079,0.0079,301,0,0,Benign,None,Benign,0
2832,UE_6,tcp,321,-50.8,39.57,1.197,1.197,74,45,29,36331,17150,19181,381.1,661.4,61.82,37.59,24.23,242813.7,64,64,65535,65535,0.036,0.018,0.018,227,0,0,Benign,None,Benign,0
3527,UE_8,udp,403.8,-52.34,40.55,0.257,0.257,2077,2077,0,1459716,1459716,0,702.8,0,8081.71,8081.71,0,45438630.35,64,0,0,0,0,0,0,0,1662,80,UDPFlood,Hping3,Malicious,1
2941,UE_6,tcp,321,-50.96,39.83,0.891,0.891,60,21,39,29915,9857,20058,469.4,514.3,67.34,23.57,43.77,268597.08,64,64,65535,65535,0.0265,0.0133,0.0133,296,1,0.05,Benign,None,Benign,0
876,UE_2,tcp,235.5,-52.35,41.11,6.616,6.616,222,47,175,221418,5626,215792,119.7,1233.1,33.56,7.1,26.45,267736.4,64,64,131072,131072,0.0114,0.0057,0.0057,353,0,0,Benign,None,Benign,0
2468,UE_5,tcp,309,-52.49,40.06,12.968,12.968,755,87,668,980848,5568,975280,64,1460,58.22,6.71,51.51,605088.22,64,64,262144,262144,0.0132,0.0066,0.0066,326,1,0.05,Benign,None,Benign,0
2878,UE_6,tcp,321,-51.43,39.55,1.462,1.462,82,36,46,37177,10966,26211,304.6,569.8,56.09,24.62,31.46,203430.92,64,64,65535,65535,0.0209,0.0105,0.0105,276,0,0,Benign,None,Benign,0
1186,UE_3,udp,127.5,-42.12,50.98,1.823,1.823,95,50,45,15549,8245,7304,164.9,162.3,52.11,27.43,24.68,68234.78,64,64,0,0,0,0,0,507,1,0.05,Benign,None,Benign,0
1974,UE_4,udp,116.4,-40.57,52.61,0.232,0.232,3,1,2,173,74,99,73.5,49.3,12.93,4.31,8.62,5965.52,64,64,0,0,0,0,0,162,1,0.05,Benign,None,Benign,0
4162,UE_9,tcp,409.2,-54.78,38.92,0.0025,0.0025,1,1,0,44,44,0,44,0,400,400,0,140800,50,0,1024,0,0,0,0,0,1,100,SYNScan,Nmap,Malicious,1
3239,UE_7,tcp,413,-59.64,33.49,0.0248,0.0248,434,434,0,17360,17360,0,40,0,17500,17500,0,5600000,128,0,1024,0,0,0,0,0,434,100,SYNFlood,Hping3,Malicious,1
4643,UE_10,tcp,440.7,-54.16,40.04,63.73,63.73,23,16,7,842,562,280,35.1,40,0.36,0.25,0.11,105.7,64,64,512,16384,0.1304,0.0782,0.0522,128,0,0,SlowrateDoS,Slowloris,Malicious,1
1407,UE_3,udp,127.5,-42.69,51.5,2.594,2.594,302,150,152,51164,26190,24974,174.6,164.3,116.42,57.83,58.6,157791.83,64,64,0,0,0,0,0,379,0,0,Benign,None,Benign,0
4813,UE_10,tcp,440.7,-53.92,39.43,40.93,40.93,21,17,4,716,556,160,32.7,40,0.51,0.42,0.1,139.95,64,64,512,16384,0.0971,0.0583,0.0388,128,0,0,SlowrateDoS,Slowloris,Malicious,1
230,UE_1,tcp,146.1,-44.62,48.93,0.506,0.506,48,26,22,22827,4571,18256,175.8,829.8,94.86,51.38,43.48,360901.19,64,64,65535,65535,0.0331,0.0166,0.0166,495,1,0.05,Benign,None,Benign,0
4862,UE_10,tcp,440.7,-52.93,40.32,34.25,34.25,30,19,11,907,467,440,24.6,40,0.88,0.55,0.32,211.85,64,64,512,16384,0.1805,0.1083,0.0722,128,0,0,SlowrateDoS,Slowloris,Malicious,1
1483,UE_3,udp,127.5,-42.7,51.26,5.486,5.486,108,52,56,18635,9277,9358,178.4,167.1,19.69,9.48,10.21,27174.63,64,64,0,0,0,0,0,161,1,0.05,Benign,None,Benign,0
385,UE_1,tcp,146.1,-44.38,48.56,4.045,4.045,91,34,57,70808,7259,63549,213.5,1114.9,22.5,8.41,14.09,140040.54,64,64,65535,65535,0.0271,0.0136,0.0136,496,0,0,Benign,None,Benign,0
4256,UE_9,tcp,409.2,-54.67,38.71,0.0021,0.0021,1,1,0,44,44,0,44,0,476.19,476.19,0,167619.05,56,0,1024,0,0,0,0,0,1,100,SYNScan,Nmap,Malicious,1
2271,UE_5,tcp,309,-53.28,39.52,7.113,7.113,859,70,789,1156420,4480,1151940,64,1460,120.76,9.84,110.92,1300627.02,64,64,262144,262144,0.0243,0.0122,0.0122,287,0,0,Benign,None,Benign,0
6,UE_1,tcp,146.1,-44.75,48.7,0.796,0.796,43,19,24,31168,4490,26678,236.3,1111.6,54.02,23.87,30.15,313246.23,64,64,65535,65535,0.0249,0.0125,0.0125,408,1,0.05,Benign,None,Benign,0
2134,UE_5,tcp,309,-53.93,39.15,9.653,9.653,846,62,784,1148608,3968,1144640,64,1460,87.64,6.42,81.22,951917.95,64,64,262144,262144,0.02,0.01,0.01,362,0,0,Benign,None,Benign,0
3187,UE_7,tcp,413,-59.96,33.59,0.0616,0.0616,716,716,0,28640,28640,0,40,0,11623.38,11623.38,0,3719480.52,128,0,1024,0,0,0,0,0,716,100,SYNFlood,Hping3,Malicious,1
264,UE_1,tcp,146.1,-44.26,48.78,2.081,2.081,56,28,28,33116,6692,26424,239,943.7,26.91,13.46,13.46,127308.02,64,64,65535,65535,0.026,0.013,0.013,249,0,0,Benign,None,Benign,0
2797,UE_6,tcp,321,-50.81,40.54,2.651,2.651,38,17,21,16752,5525,11227,325,534.6,14.33,6.41,7.92,50553,64,64,65535,65535,0.0253,0.0127,0.0127,484,0,0,Benign,None,Benign,0
4390,UE_9,tcp,409.2,-54.6,39.04,0.0032,0.0032,2,1,1,84,44,40,44,40,625,312.5,312.5,210000,47,55,1024,0,0.0076,0,0,0,0,0,SYNScan,Nmap,Malicious,1
3217,UE_7,tcp,413,-59.62,34.42,0.0376,0.0376,898,898,0,35920,35920,0,40,0,23882.98,23882.98,0,7642553.19,128,0,1024,0,0,0,0,0,898,100,SYNFlood,Hping3,Malicious,1
433,UE_1,tcp,146.1,-44.34,47.86,2.267,2.267,41,14,27,29205,2383,26822,170.2,993.4,18.09,6.18,11.91,103061.31,64,64,65535,65535,0.0165,0.0083,0.0083,384,0,0,Benign,None,Benign,0
185,UE_1,tcp,146.1,-43.44,47.86,3.431,3.431,68,24,44,46566,4819,41747,200.8,948.8,19.82,7,12.82,108577.09,64,64,65535,65535,0.032,0.016,0.016,322,1,0.05,Benign,None,Benign,0
4319,UE_9,tcp,409.2,-55.17,38.91,0.0056,0.0056,1,1,0,44,44,0,44,0,178.57,178.57,0,62857.14,55,0,1024,0,0,0,0,0,1,100,SYNScan,Nmap,Malicious,1
696,UE_2,tcp,235.5,-52.62,41.24,6.034,6.034,296,74,222,293128,6149,286979,83.1,1292.7,49.06,12.26,36.79,388635.07,64,64,131072,131072,0.025,0.0125,0.0125,235,0,0,Benign,None,Benign,0
4980,UE_10,tcp,440.7,-54.66,39.65,42.12,42.12,28,16,12,1080,600,480,37.5,40,0.66,0.38,0.28,205.13,64,64,512,16384,0.0903,0.0542,0.0361,128,0,0,SlowrateDoS,Slowloris,Malicious,1
4739,UE_10,tcp,440.7,-54.01,39.39,41.34,41.34,24,20,4,836,676,160,33.8,40,0.58,0.48,0.1,161.78,64,64,512,16384,0.1313,0.0788,0.0525,128,0,0,SlowrateDoS,Slowloris,Malicious,1
1365,UE_3,udp,127.5,-42.37,51.05,2.591,2.591,220,112,108,38843,19813,19030,176.9,176.2,84.91,43.23,41.68,119932.07,64,64,0,0,0,0,0,265,0,0,Benign,None,Benign,0
1117,UE_3,udp,127.5,-41.29,51.16,2.855,2.855,223,114,109,39142,19882,19260,174.4,176.7,78.11,39.93,38.18,109679.86,64,64,0,0,0,0,0,415,0,0,Benign,None,Benign,0
4623,UE_10,tcp,440.7,-54.8,39.36,37.61,37.61,19,12,7,750,470,280,39.2,40,0.51,0.32,0.19,159.53,64,64,512,16384,0.1188,0.0713,0.0475,128,0,0,SlowrateDoS,Slowloris,Malicious,1
4350,UE_9,tcp,409.2,-55.88,38.03,0.0035,0.0035,2,1,1,84,44,40,44,40,571.43,285.71,285.71,192000,47,55,1024,0,0.0067,0,0,0,0,0,SYNScan,Nmap,Malicious,1
630,UE_2,tcp,235.5,-53.55,40.64,7.678,7.678,335,30,305,413585,2445,411140,81.5,1348,43.63,3.91,39.72,430929.93,64,64,131072,131072,0.0284,0.0142,0.0142,505,0,0,Benign,None,Benign,0
1297,UE_3,udp,127.5,-42.32,51.52,1.141,1.141,122,63,59,20362,10149,10213,161.1,173.1,106.92,55.21,51.71,142765.99,64,64,0,0,0,0,0,195,0,0,Benign,None,Benign,0
2443,UE_5,tcp,309,-52.51,39.45,7.273,7.273,667,94,573,842596,6016,836580,64,1460,91.71,12.92,78.78,926820.84,64,64,262144,262144,0.015,0.0075,0.0075,444,0,0,Benign,None,Benign,0
936,UE_2,tcp,235.5,-52.33,40.75,9.395,9.395,383,58,325,475784,5574,470210,96.1,1446.8,40.77,6.17,34.59,405138.05,64,64,131072,131072,0.0255,0.0128,0.0128,331,0,0,Benign,None,Benign,0
101,UE_1,tcp,146.1,-43.73,49.25,3.878,3.878,71,18,53,60966,2767,58199,153.7,1098.1,18.31,4.64,13.67,125767.92,64,64,65535,65535,0.0219,0.011,0.011,310,1,0.05,Benign,None,Benign,0
3458,UE_7,tcp,413,-60,33.39,0.0738,0.0738,567,567,0,22680,22680,0,40,0,7682.93,7682.93,0,2458536.59,128,0,1024,0,0,0,0,0,567,100,SYNFlood,Hping3,Malicious,1
1486,UE_3,udp,127.5,-42.21,51.03,4.702,4.702,259,127,132,44056,22289,21767,175.5,164.9,55.08,27.01,28.07,74957.04,64,64,0,0,0,0,0,203,0,0,Benign,None,Benign,0
947,UE_2,tcp,235.5,-51.9,41.85,4.905,4.905,348,73,275,382473,7125,375348,97.6,1364.9,70.95,14.88,56.07,623809.17,64,64,131072,131072,0.0255,0.0128,0.0128,158,1,0.05,Benign,None,Benign,0
1451,UE_3,udp,127.5,-42.5,51.38,4.526,4.526,208,104,104,35662,17701,17961,170.2,172.7,45.96,22.98,22.98,63034.91,64,64,0,0,0,0,0,346,0,0,Benign,None,Benign,0
1633,UE_4,udp,116.4,-39.64,51.88,0.128,0.128,4,3,1,269,216,53,72,53.4,31.25,23.44,7.81,16812.5,64,64,0,0,0,0,0,390,0,0,Benign,None,Benign,0
3771,UE_8,udp,403.8,-51.87,41.2,0.545,0.545,1659,1659,0,1115180,1115180,0,672.2,0,3044.04,3044.04,0,16369614.68,64,0,0,0,0,0,0,0,1327,80,UDPFlood,Hping3,Malicious,1
349,UE_1,tcp,146.1,-44.79,48.28,1.17,1.17,72,13,59,78687,2937,75750,225.9,1283.9,61.54,11.11,50.43,538030.77,64,64,65535,65535,0.0282,0.0141,0.0141,231,0,0,Benign,None,Benign,0
1406,UE_3,udp,127.5,-41.51,51.5,5.548,5.548,262,133,129,44931,23594,21337,177.4,165.4,47.22,23.97,23.25,64788.75,64,64,0,0,0,0,0,406,0,0,Benign,None,Benign,0
2590,UE_6,tcp,321,-51.3,38.58,3.194,3.194,59,28,31,31337,13989,17348,499.6,559.6,18.47,8.77,9.71,78489.67,64,64,65535,65535,0.0294,0.0147,0.0147,150,0,0,Benign,None,Benign,0
796,UE_2,tcp,235.5,-52.97,41.2,6.942,6.942,472,53,419,599814,5295,594519,99.9,1418.9,67.99,7.63,60.36,691229.04,64,64,131072,131072,0.026,0.013,0.013,425,0,0,Benign,None,Benign,0
3095,UE_7,tcp,413,-60.11,34.07,0.0663,0.0663,756,756,0,30240,30240,0,40,0,11402.71,11402.71,0,3648868.78,128,0,1024,0,0,0,0,0,756,100,SYNFlood,Hping3,Malicious,1
1699,UE_4,udp,116.4,-40.77,52.35,0.225,0.225,2,1,1,140,86,54,85.5,53.5,8.89,4.44,4.44,4977.78,64,64,0,0,0,0,0,330,0,0,Benign,None,Benign,0
4515,UE_10,tcp,440.7,-55.22,39.45,59.49,59.49,27,16,11,893,453,440,28.3,40,0.45,0.27,0.18,120.09,64,64,512,16384,0.2129,0.1277,0.0852,128,0,0,SlowrateDoS,Slowloris,Malicious,1
1968,UE_4,udp,116.4,-40.84,51.47,0.106,0.106,4,2,2,287,171,116,85.7,57.9,37.74,18.87,18.87,21660.38,64,64,0,0,0,0,0,168,1,0.05,Benign,None,Benign,0
3356,UE_7,tcp,413,-59.27,33.71,0.0405,0.0405,510,510,0,20400,20400,0,40,0,12592.59,12592.59,0,4029629.63,128,0,1024,0,0,0,0,0,510,100,SYNFlood,Hping3,Malicious,1
1582,UE_4,udp,116.4,-40.29,52.72,0.229,0.229,3,1,2,186,85,101,84.6,50.7,13.1,4.37,8.73,6497.82,64,64,0,0,0,0,0,415,0,0,Benign,None,Benign,0
2312,UE_5,tcp,309,-53.71,40.47,12.126,12.126,830,91,739,1084764,5824,1078940,64,1460,68.45,7.5,60.94,715661.55,64,64,262144,262144,0.023,0.0115,0.0115,462,0,0,Benign,None,Benign,0
4364,UE_9,tcp,409.2,-54.7,39.1,0.0039,0.0039,1,1,0,44,44,0,44,0,256.41,256.41,0,90256.41,60,0,1024,0,0,0,0,0,1,100,SYNScan,Nmap,Malicious,1
4449,UE_9,tcp,409.2,-55.65,38.23,0.005,0.005,1,1,0,44,44,0,44,0,200,200,0,70400,59,0,1024,0,0,0,0,0,1,100,SYNScan,Nmap,Malicious,1
161,UE_1,tcp,146.1,-44.34,47.73,1.89,1.89,79,27,52,54253,6553,47700,242.7,917.3,41.8,14.29,27.51,229642.33,64,64,65535,65535,0.027,0.0135,0.0135,301,1,0.05,Benign,None,Benign,0
726,UE_2,tcp,235.5,-52.47,40.74,9.915,9.915,379,32,347,505131,3126,502005,97.7,1446.7,38.22,3.23,35,407569.14,64,64,131072,131072,0.0149,0.0075,0.0075,267,0,0,Benign,None,Benign,0
3317,UE_7,tcp,413,-60.14,33.15,0.0247,0.0247,982,982,0,39280,39280,0,40,0,39757.09,39757.09,0,12722267.21,128,0,1024,0,0,0,0,0,982,100,SYNFlood,Hping3,Malicious,1
2686,UE_6,tcp,321,-51.02,40.03,0.952,0.952,82,33,49,33577,13217,20360,400.5,415.5,86.13,34.66,51.47,282159.66,64,64,65535,65535,0.0255,0.0128,0.0128,494,0,0,Benign,None,Benign,0
1318,UE_3,udp,127.5,-41.91,50.92,2.413,2.413,231,118,113,39341,20662,18679,175.1,165.3,95.73,48.9,46.83,130430.17,64,64,0,0,0,0,0,193,0,0,Benign,None,Benign,0
2487,UE_5,tcp,309,-53.07,39.35,8.743,8.743,879,45,834,1220520,2880,1217640,64,1460,100.54,5.15,95.39,1116797.44,64,64,262144,262144,0.0265,0.0133,0.0133,416,1,0.05,Benign,None,Benign,0
3441,UE_7,tcp,413,-59.81,34.77,0.1026,0.1026,729,729,0,29160,29160,0,40,0,7105.26,7105.26,0,2273684.21,128,0,1024,0,0,0,0,0,729,100,SYNFlood,Hping3,Malicious,1
4902,UE_10,tcp,440.7,-54.62,39.63,32.41,32.41,19,8,11,674,234,440,29.2,40,0.59,0.25,0.34,166.37,64,64,512,16384,0.0963,0.0578,0.0385,128,0,0,SlowrateDoS,Slowloris,Malicious,1
775,UE_2,tcp,235.5,-52.76,40.45,8.837,8.837,199,43,156,193316,3823,189493,88.9,1214.7,22.52,4.87,17.65,175006,64,64,131072,131072,0.0121,0.0061,0.0061,169,1,0.05,Benign,None,Benign,0
2469,UE_5,tcp,309,-52.83,40.37,9.537,9.537,814,58,756,1107472,3712,1103760,64,1460,85.35,6.08,79.27,928989.83,64,64,262144,262144,0.0156,0.0078,0.0078,426,0,0,Benign,None,Benign,0
4293,UE_9,tcp,409.2,-54.81,38.04,0.0038,0.0038,1,1,0,44,44,0,44,0,263.16,263.16,0,92631.58,45,0,1024,0,0,0,0,0,1,100,SYNScan,Nmap,Malicious,1
948,UE_2,tcp,235.5,-52.84,41.02,4.784,4.784,303,53,250,313943,4468,309475,84.3,1237.9,63.34,11.08,52.26,524988.29,64,64,131072,131072,0.0107,0.0054,0.0054,199,0,0,Benign,None,Benign,0
1936,UE_4,udp,116.4,-40.41,52.29,0.141,0.141,4,2,2,262,161,101,80.4,50.6,28.37,14.18,14.18,14865.25,64,64,0,0,0,0,0,145,0,0,Benign,None,Benign,0
4577,UE_10,tcp,440.7,-52.97,40.17,48.17,48.17,30,19,11,1177,737,440,38.8,40,0.62,0.39,0.23,195.47,64,64,512,16384,0.1133,0.068,0.0453,128,0,0,SlowrateDoS,Slowloris,Malicious,1
132,UE_1,tcp,146.1,-44.2,47.7,2.35,2.35,81,32,49,56800,7178,49622,224.3,1012.7,34.47,13.62,20.85,193361.7,64,64,65535,65535,0.0254,0.0127,0.0127,139,0,0,Benign,None,Benign,0
919,UE_2,tcp,235.5,-52.54,41.56,3.595,3.595,207,45,162,209604,4739,204865,105.3,1264.6,57.58,12.52,45.06,466434.49,64,64,131072,131072,0.0161,0.0081,0.0081,316,0,0,Benign,None,Benign,0
554,UE_2,tcp,235.5,-51.53,41.8,4.898,4.898,433,72,361,445447,7085,438362,98.4,1214.3,88.4,14.7,73.7,727557.37,64,64,131072,131072,0.0185,0.0093,0.0093,297,0,0,Benign,None,Benign,0
4493,UE_9,tcp,409.2,-55.08,38.43,0.0029,0.0029,1,1,0,44,44,0,44,0,344.83,344.83,0,121379.31,55,0,1024,0,0,0,0,0,1,100,SYNScan,Nmap,Malicious,1
3437,UE_7,tcp,413,-59.5,33.82,0.087,0.087,303,303,0,12120,12120,0,40,0,3482.76,3482.76,0,1114482.76,128,0,1024,0,0,0,0,0,303,100,SYNFlood,Hping3,Malicious,1
394,UE_1,tcp,146.1,-44.75,48.65,1.999,1.999,46,24,22,31378,4622,26756,192.6,1216.2,23.01,12.01,11.01,125574.79,64,64,65535,65535,0.0392,0.0196,0.0196,232,1,0.05,Benign,None,Benign,0
4248,UE_9,tcp,409.2,-55.68,38.89,0.0013,0.0013,1,1,0,44,44,0,44,0,769.23,769.23,0,270769.23,57,0,1024,0,0,0,0,0,1,100,SYNScan,Nmap,Malicious,1
3569,UE_8,udp,403.8,-52.57,40.28,0.358,0.358,1194,1194,0,943260,943260,0,790,0,3335.2,3335.2,0,21078435.75,64,0,0,0,0,0,0,0,955,80,UDPFlood,Hping3,Malicious,1
524,UE_2,tcp,235.5,-52.56,40.87,9.519,9.519,494,47,447,561902,4672,557230,99.4,1246.6,51.9,4.94,46.96,472236.16,64,64,131072,131072,0.0278,0.0139,0.0139,191,0,0,Benign,None,Benign,0
1067,UE_3,udp,127.5,-42.18,51.49,2.075,2.075,136,70,66,22797,11221,11576,160.3,175.4,65.54,33.73,31.81,87892.05,64,64,0,0,0,0,0,166,1,0.05,Benign,None,Benign,0
4009,UE_9,tcp,409.2,-55.45,38.96,0.0039,0.0039,1,1,0,44,44,0,44,0,256.41,256.41,0,90256.41,56,0,1024,0,0,0,0,0,1,100,SYNScan,Nmap,Malicious,1
604,UE_2,tcp,235.5,-52.76,40.57,3.648,3.648,222,66,156,225054,6389,218665,96.8,1401.7,60.86,18.09,42.76,493539.47,64,64,131072,131072,0.0168,0.0084,0.0084,304,1,0.05,Benign,None,Benign,0
2396,UE_5,tcp,309,-53.02,40.03,11.414,11.414,927,42,885,1294788,2688,1292100,64,1460,81.22,3.68,77.54,907508.67,64,64,262144,262144,0.0217,0.0109,0.0109,274,0,0,Benign,None,Benign,0
4447,UE_9,tcp,409.2,-55.38,39.33,0.0031,0.0031,1,1,0,44,44,0,44,0,322.58,322.58,0,113548.39,52,0,1024,0,0,0,0,0,1,100,SYNScan,Nmap,Malicious,1
14,UE_1,tcp,146.1,-44.41,49.09,3.546,3.546,65,16,49,57683,2989,54694,186.8,1116.2,18.33,4.51,13.82,130136.49,64,64,65535,65535,0.034,0.017,0.017,221,1,0.05,Benign,None,Benign,0
3758,UE_8,udp,403.8,-52.38,39.79,0.214,0.214,2304,2304,0,1796659,1796659,0,779.8,0,10766.36,10766.36,0,67164822.43,64,0,0,0,0,0,0,0,1843,80,UDPFlood,Hping3,Malicious,1
693,UE_2,tcp,235.5,-53.01,41.03,8.74,8.74,324,45,279,350657,4446,346211,98.8,1240.9,37.07,5.15,31.92,320967.51,64,64,131072,131072,0.0106,0.0053,0.0053,487,1,0.05,Benign,None,Benign,0
4914,UE_10,tcp,440.7,-54.17,39.13,26.21,26.21,26,18,8,847,527,320,29.3,40,0.99,0.69,0.31,258.53,64,64,512,16384,0.2009,0.1205,0.0804,128,0,0,SlowrateDoS,Slowloris,Malicious,1
4805,UE_10,tcp,440.7,-53.11,39.18,39.65,39.65,18,9,9,655,295,360,32.8,40,0.45,0.23,0.23,132.16,64,64,512,16384,0.0861,0.0517,0.0344,128,0,0,SlowrateDoS,Slowloris,Malicious,1
3333,UE_7,tcp,413,-60.01,33.68,0.0519,0.0519,429,429,0,17160,17160,0,40,0,8265.9,8265.9,0,2645086.71,128,0,1024,0,0,0,0,0,429,100,SYNFlood,Hping3,Malicious,1
4048,UE_9,tcp,409.2,-54.7,38.87,0.0057,0.0057,2,1,1,84,44,40,44,40,350.88,175.44,175.44,117894.74,58,55,1024,0,0.0106,0,0,0,0,0,SYNScan,Nmap,Malicious,1
1986,UE_4,udp,116.4,-40.01,51.74,0.18,0.18,5,4,1,361,311,50,77.8,49.6,27.78,22.22,5.56,16044.44,64,64,0,0,0,0,0,272,0,0,Benign,None,Benign,0
1880,UE_4,udp,116.4,-40.84,51.67,0.193,0.193,6,4,2,480,370,110,92.4,55.2,31.09,20.73,10.36,19896.37,64,64,0,0,0,0,0,311,0,0,Benign,None,Benign,0
4538,UE_10,tcp,440.7,-54.66,39.75,57.42,57.42,22,14,8,824,504,320,36,40,0.38,0.24,0.14,114.8,64,64,512,16384,0.1313,0.0788,0.0525,128,0,0,SlowrateDoS,Slowloris,Malicious,1
2302,UE_5,tcp,309,-52.16,40.12,9.752,9.752,587,74,513,753716,4736,748980,64,1460,60.19,7.59,52.6,618306.81,64,64,262144,262144,0.0205,0.0103,0.0103,442,0,0,Benign,None,Benign,0
572,UE_2,tcp,235.5,-52.85,41.16,3.398,3.398,445,74,371,458360,6667,451693,90.1,1217.5,130.96,21.78,109.18,1079128.9,64,64,131072,131072,0.0154,0.0077,0.0077,488,1,0.05,Benign,None,Benign,0
815,UE_2,tcp,235.5,-52.7,41.3,2.468,2.468,242,45,197,279282,3915,275367,87,1397.8,98.06,18.23,79.82,905290.11,64,64,131072,131072,0.0103,0.0052,0.0052,226,0,0,Benign,None,Benign,0
4691,UE_10,tcp,440.7,-53.45,39.5,60.51,60.51,26,14,12,840,360,480,25.7,40,0.43,0.23,0.2,111.06,64,64,512,16384,0.2014,0.1208,0.0806,128,0,0,SlowrateDoS,Slowloris,Malicious,1
795,UE_2,tcp,235.5,-52.2,41.05,4.059,4.059,226,65,161,219341,7384,211957,113.6,1316.5,55.68,16.01,39.66,432305.49,64,64,131072,131072,0.0227,0.0114,0.0114,268,1,0.05,Benign,None,Benign,0
4810,UE_10,tcp,440.7,-53.91,38.66,27.49,27.49,23,15,8,697,377,320,25.1,40,0.84,0.55,0.29,202.84,64,64,512,16384,0.1136,0.0682,0.0454,128,0,0,SlowrateDoS,Slowloris,Malicious,1
321,UE_1,tcp,146.1,-44,48.38,2.664,2.664,76,28,48,55087,4682,50405,167.2,1050.1,28.53,10.51,18.02,165426.43,64,64,65535,65535,0.0274,0.0137,0.0137,288,0,0,Benign,None,Benign,0
3246,UE_7,tcp,413,-59.59,34.84,0.076,0.076,872,872,0,34880,34880,0,40,0,11473.68,11473.68,0,3671578.95,128,0,1024,0,0,0,0,0,872,100,SYNFlood,Hping3,Malicious,1
1021,UE_3,udp,127.5,-43.3,51.46,3.014,3.014,283,144,139,48369,24739,23630,171.8,170,93.9,47.78,46.12,128384.87,64,64,0,0,0,0,0,225,0,0,Benign,None,Benign,0
2219,UE_5,tcp,309,-53.62,39.94,12.323,12.323,922,58,864,1265152,3712,1261440,64,1460,74.82,4.71,70.11,821327.27,64,64,262144,262144,0.0158,0.0079,0.0079,133,0,0,Benign,None,Benign,0
2884,UE_6,tcp,321,-52.1,40.53,2.587,2.587,81,41,40,38846,12550,26296,306.1,657.4,31.31,15.85,15.46,120126.79,64,64,65535,65535,0.0383,0.0192,0.0192,376,0,0,Benign,None,Benign,0
4481,UE_9,tcp,409.2,-55.59,38.56,0.0025,0.0025,1,1,0,44,44,0,44,0,400,400,0,140800,50,0,1024,0,0,0,0,0,1,100,SYNScan,Nmap,Malicious,1
2772,UE_6,tcp,321,-50.53,39.71,1.111,1.111,46,22,24,22774,7392,15382,336,640.9,41.4,19.8,21.6,163989.2,64,64,65535,65535,0.0345,0.0173,0.0173,128,1,0.05,Benign,None,Benign,0
2554,UE_6,tcp,321,-51.58,39.41,0.906,0.906,95,45,50,43857,18882,24975,419.6,499.5,104.86,49.67,55.19,387258.28,64,64,65535,65535,0.0256,0.0128,0.0128,311,1,0.05,Benign,None,Benign,0
463,UE_1,tcp,146.1,-43.33,49.18,3.855,3.855,75,27,48,64531,5030,59501,186.3,1239.6,19.46,7,12.45,133916.47,64,64,65535,65535,0.0368,0.0184,0.0184,401,0,0,Benign,None,Benign,0
2683,UE_6,tcp,321,-51.66,39.69,0.924,0.924,61,40,21,28290,19100,9190,477.5,437.6,66.02,43.29,22.73,244935.06,64,64,65535,65535,0.0216,0.0108,0.0108,245,0,0,Benign,None,Benign,0
3892,UE_8,udp,403.8,-52.42,40.07,0.38,0.38,554,554,0,557767,557767,0,1006.8,0,1457.89,1457.89,0,11742463.16,64,0,0,0,0,0,0,0,443,80,UDPFlood,Hping3,Malicious,1
226,UE_1,tcp,146.1,-45.55,47.91,1.825,1.825,50,22,28,30972,4644,26328,211.1,940.3,27.4,12.05,15.34,135767.67,64,64,65535,65535,0.0212,0.0106,0.0106,234,1,0.05,Benign,None,Benign,0
2395,UE_5,tcp,309,-53.78,39.44,5.038,5.038,560,91,469,690564,5824,684740,64,1460,111.16,18.06,93.09,1096568.48,64,64,262144,262144,0.0239,0.012,0.012,417,1,0.05,Benign,None,Benign,0
224,UE_1,tcp,146.1,-44.44,48.6,3.311,3.311,57,16,41,43250,2566,40684,160.4,992.3,17.22,4.83,12.38,104500.15,64,64,65535,65535,0.0296,0.0148,0.0148,371,0,0,Benign,None,Benign,0
4329,UE_9,tcp,409.2,-55.53,39.64,0.004,0.004,2,1,1,84,44,40,44,40,500,250,250,168000,47,55,1024,0,0.0056,0,0,0,0,0,SYNScan,Nmap,Malicious,1
3975,UE_8,udp,403.8,-52.6,40.62,0.106,0.106,2476,2476,0,2043443,2043443,0,825.3,0,23358.49,23358.49,0,154222113.21,64,0,0,0,0,0,0,0,1981,80,UDPFlood,Hping3,Malicious,1
1757,UE_4,udp,116.4,-39.54,51.43,0.238,0.238,2,1,1,135,80,55,79.6,55.2,8.4,4.2,4.2,4537.82,64,64,0,0,0,0,0,494,0,0,Benign,None,Benign,0
3293,UE_7,tcp,413,-59.72,34.29,0.0458,0.0458,510,510,0,20400,20400,0,40,0,11135.37,11135.37,0,3563318.78,128,0,1024,0,0,0,0,0,510,100,SYNFlood,Hping3,Malicious,1
391,UE_1,tcp,146.1,-43.84,49.08,0.901,0.901,57,10,47,43533,2102,41431,210.2,881.5,63.26,11.1,52.16,386530.52,64,64,65535,65535,0.022,0.011,0.011,160,0,0,Benign,None,Benign,0
1914,UE_4,udp,116.4,-40.9,52.53,0.123,0.123,3,2,1,249,189,60,94.7,60.3,24.39,16.26,8.13,16195.12,64,64,0,0,0,0,0,427,0,0,Benign,None,Benign,0
1374,UE_3,udp,127.5,-41.76,51.76,5.442,5.442,179,89,90,30459,15717,14742,176.6,163.8,32.89,16.35,16.54,44776.19,64,64,0,0,0,0,0,418,0,0,Benign,None,Benign,0
2898,UE_6,tcp,321,-51.71,39.73,3.139,3.139,79,35,44,43178,14574,28604,416.4,650.1,25.17,11.15,14.02,110042.69,64,64,65535,65535,0.0266,0.0133,0.0133,345,0,0,Benign,None,Benign,0
2360,UE_5,tcp,309,-53.25,39.88,12.601,12.601,803,56,747,1094204,3584,1090620,64,1460,63.73,4.44,59.28,694677.57,64,64,262144,262144,0.0183,0.0092,0.0092,434,0,0,Benign,None,Benign,0
1141,UE_3,udp,127.5,-41.91,51.04,3.018,3.018,176,90,86,30349,15093,15256,167.7,177.4,58.32,29.82,28.5,80447.98,64,64,0,0,0,0,0,196,1,0.05,Benign,None,Benign,0
1876,UE_4,udp,116.4,-40.23,51.72,0.141,0.141,6,4,2,365,260,105,65.1,52.7,42.55,28.37,14.18,20709.22,64,64,0,0,0,0,0,412,0,0,Benign,None,Benign,0
4854,UE_10,tcp,440.7,-54.66,39.45,42.97,42.97,23,19,4,916,756,160,39.8,40,0.54,0.44,0.09,170.54,64,64,512,16384,0.152,0.0912,0.0608,128,0,0,SlowrateDoS,Slowloris,Malicious,1
1512,UE_4,udp,116.4,-40.79,52.5,0.181,0.181,2,1,1,122,68,54,68.2,54.1,11.05,5.52,5.52,5392.27,64,64,0,0,0,0,0,201,1,0.05,Benign,None,Benign,0
573,UE_2,tcp,235.5,-52.25,40.66,5.003,5.003,254,61,193,250279,6887,243392,112.9,1261.1,50.77,12.19,38.58,400206.28,64,64,131072,131072,0.023,0.0115,0.0115,404,0,0,Benign,None,Benign,0
3201,UE_7,tcp,413,-60.61,33.87,0.082,0.082,763,763,0,30520,30520,0,40,0,9304.88,9304.88,0,2977560.98,128,0,1024,0,0,0,0,0,763,100,SYNFlood,Hping3,Malicious,1
491,UE_1,tcp,146.1,-43.76,49.06,3.72,3.72,67,31,36,40840,4808,36032,155.1,1000.9,18.01,8.33,9.68,87827.96,64,64,65535,65535,0.0352,0.0176,0.0176,367,1,0.05,Benign,None,Benign,0
4078,UE_9,tcp,409.2,-54.69,38.25,0.0032,0.0032,1,1,0,44,44,0,44,0,312.5,312.5,0,110000,47,0,1024,0,0,0,0,0,1,100,SYNScan,Nmap,Malicious,1
34,UE_1,tcp,146.1,-44.98,47.11,2.843,2.843,77,34,43,54648,6419,48229,188.8,1121.6,27.08,11.96,15.12,153775.59,64,64,65535,65535,0.0287,0.0144,0.0144,375,0,0,Benign,None,Benign,0
3847,UE_8,udp,403.8,-51.64,40.67,0.309,0.309,1035,1035,0,1002398,1002398,0,968.5,0,3349.51,3349.51,0,25952051.78,64,0,0,0,0,0,0,0,828,80,UDPFlood,Hping3,Malicious,1
2690,UE_6,tcp,321,-51.58,40.07,2.314,2.314,51,31,20,18682,9746,8936,314.4,446.8,22.04,13.4,8.64,64587.73,64,64,65535,65535,0.0214,0.0107,0.0107,450,1,0.05,Benign,None,Benign,0
1307,UE_3,udp,127.5,-42.3,50.76,3.858,3.858,186,95,91,31125,16055,15070,169,165.6,48.21,24.62,23.59,64541.21,64,64,0,0,0,0,0,232,1,0.05,Benign,None,Benign,0
4134,UE_9,tcp,409.2,-55.7,38.67,0.0034,0.0034,1,1,0,44,44,0,44,0,294.12,294.12,0,103529.41,50,0,1024,0,0,0,0,0,1,100,SYNScan,Nmap,Malicious,1
2513,UE_6,tcp,321,-51.89,39.36,2.983,2.983,51,30,21,25806,12381,13425,412.7,639.3,17.1,10.06,7.04,69208.18,64,64,65535,65535,0.0233,0.0117,0.0117,203,0,0,Benign,None,Benign,0
986,UE_2,tcp,235.5,-52.61,40.6,6.913,6.913,234,57,177,263977,5575,258402,97.8,1459.9,33.85,8.25,25.6,305484.74,64,64,131072,131072,0.0267,0.0134,0.0134,462,0,0,Benign,None,Benign,0
4188,UE_9,tcp,409.2,-55.14,37.57,0.0038,0.0038,1,1,0,44,44,0,44,0,263.16,263.16,0,92631.58,53,0,1024,0,0,0,0,0,1,100,SYNScan,Nmap,Malicious,1
3875,UE_8,udp,403.8,-52.2,40.92,0.307,0.307,1795,1795,0,1155801,1155801,0,643.9,0,5846.91,5846.91,0,30118592.83,64,0,0,0,0,0,0,0,1436,80,UDPFlood,Hping3,Malicious,1
766,UE_2,tcp,235.5,-52.62,40.7,9.378,9.378,497,51,446,648344,5212,643132,102.2,1442,53,5.44,47.56,553076.56,64,64,131072,131072,0.0101,0.0051,0.0051,495,0,0,Benign,None,Benign,0
455,UE_1,tcp,146.1,-44.15,48.47,1.023,1.023,76,27,49,49870,5603,44267,207.5,903.4,74.29,26.39,47.9,389990.22,64,64,65535,65535,0.0301,0.0151,0.0151,499,0,0,Benign,None,Benign,0
4228,UE_9,tcp,409.2,-56.1,39.26,0.0049,0.0049,1,1,0,44,44,0,44,0,204.08,204.08,0,71836.73,57,0,1024,0,0,0,0,0,1,100,SYNScan,Nmap,Malicious,1
577,UE_2,tcp,235.5,-52.11,41.15,2.453,2.453,360,36,324,434880,4219,430661,117.2,1329.2,146.76,14.68,132.08,1418279.66,64,64,131072,131072,0.0269,0.0135,0.0135,236,0,0,Benign,None,Benign,0
1165,UE_3,udp,127.5,-41.5,51.67,3.824,3.824,276,136,140,46866,22086,24780,162.4,177,72.18,35.56,36.61,98046.03,64,64,0,0,0,0,0,389,0,0,Benign,None,Benign,0
1467,UE_3,udp,127.5,-41.85,51.49,1.349,1.349,275,136,139,46807,22426,24381,164.9,175.4,203.85,100.82,103.04,277580.43,64,64,0,0,0,0,0,301,1,0.05,Benign,None,Benign,0
1661,UE_4,udp,116.4,-40.61,52.72,0.16,0.16,4,2,2,273,165,108,82.7,54.2,25,12.5,12.5,13650,64,64,0,0,0,0,0,288,1,0.05,Benign,None,Benign,0
4920,UE_10,tcp,440.7,-54.51,39.72,39.98,39.98,30,19,11,940,500,440,26.3,40,0.75,0.48,0.28,188.09,64,64,512,16384,0.1703,0.1022,0.0681,128,0,0,SlowrateDoS,Slowloris,Malicious,1
4151,UE_9,tcp,409.2,-54.68,38.76,0.0019,0.0019,1,1,0,44,44,0,44,0,526.32,526.32,0,185263.16,53,0,1024,0,0,0,0,0,1,100,SYNScan,Nmap,Malicious,1
2846,UE_6,tcp,321,-51.14,40.38,1.157,1.157,63,24,39,26745,10685,16060,445.2,411.8,54.45,20.74,33.71,184926.53,64,64,65535,65535,0.0333,0.0167,0.0167,168,0,0,Benign,None,Benign,0
615,UE_2,tcp,235.5,-52.83,40.29,2.58,2.58,336,65,271,378618,7592,371026,116.8,1369.1,130.23,25.19,105.04,1174009.3,64,64,131072,131072,0.0118,0.0059,0.0059,452,0,0,Benign,None,Benign,0
3429,UE_7,tcp,413,-59.94,35.15,0.0242,0.0242,437,437,0,17480,17480,0,40,0,18057.85,18057.85,0,5778512.4,128,0,1024,0,0,0,0,0,437,100,SYNFlood,Hping3,Malicious,1
1682,UE_4,udp,116.4,-40.59,52.22,0.079,0.079,5,4,1,411,361,50,90.3,50.4,63.29,50.63,12.66,41620.25,64,64,0,0,0,0,0,145,1,0.05,Benign,None,Benign,0
3455,UE_7,tcp,413,-59.26,33.24,0.0566,0.0566,408,408,0,16320,16320,0,40,0,7208.48,7208.48,0,2306713.78,128,0,1024,0,0,0,0,0,408,100,SYNFlood,Hping3,Malicious,1
3288,UE_7,tcp,413,-60.55,34.06,0.0749,0.0749,652,652,0,26080,26080,0,40,0,8704.94,8704.94,0,2785580.77,128,0,1024,0,0,0,0,0,652,100,SYNFlood,Hping3,Malicious,1
3819,UE_8,udp,403.8,-51.92,40.42,0.405,0.405,552,552,0,482834,482834,0,874.7,0,1362.96,1362.96,0,9537461.73,64,0,0,0,0,0,0,0,442,80,UDPFlood,Hping3,Malicious,1
2137,UE_5,tcp,309,-53.22,40.56,7.394,7.394,973,87,886,1299128,5568,1293560,64,1460,131.59,11.77,119.83,1405602.38,64,64,262144,262144,0.0156,0.0078,0.0078,269,1,0.05,Benign,None,Benign,0
3620,UE_8,udp,403.8,-52.84,40.19,0.346,0.346,841,841,0,720317,720317,0,856.5,0,2430.64,2430.64,0,16654728.32,64,0,0,0,0,0,0,0,673,80,UDPFlood,Hping3,Malicious,1
1895,UE_4,udp,116.4,-40.47,52.33,0.206,0.206,5,3,2,391,270,121,90,60.5,24.27,14.56,9.71,15184.47,64,64,0,0,0,0,0,133,0,0,Benign,None,Benign,0
1089,UE_3,udp,127.5,-41.54,50.74,2.843,2.843,113,56,57,19054,9615,9439,171.7,165.6,39.75,19.7,20.05,53616.6,64,64,0,0,0,0,0,418,0,0,Benign,None,Benign,0
2612,UE_6,tcp,321,-51.23,40.08,1.067,1.067,62,32,30,29845,12352,17493,386,583.1,58.11,29.99,28.12,223767.57,64,64,65535,65535,0.0427,0.0214,0.0214,160,1,0.05,Benign,None,Benign,0
3023,UE_7,tcp,413,-59.99,34.35,0.0636,0.0636,323,323,0,12920,12920,0,40,0,5078.62,5078.62,0,1625157.23,128,0,1024,0,0,0,0,0,323,100,SYNFlood,Hping3,Malicious,1
1143,UE_3,udp,127.5,-41.83,51.33,5.61,5.61,251,125,126,43169,21925,21244,175.4,168.6,44.74,22.28,22.46,61560.07,64,64,0,0,0,0,0,179,0,0,Benign,None,Benign,0
192,UE_1,tcp,146.1,-43.47,48.51,2.261,2.261,46,13,33,30376,2514,27862,193.4,844.3,20.34,5.75,14.6,107478.11,64,64,65535,65535,0.0216,0.0108,0.0108,431,0,0,Benign,None,Benign,0
493,UE_1,tcp,146.1,-44.41,48.08,4.329,4.329,60,21,39,46474,5036,41438,239.8,1062.5,13.86,4.85,9.01,85884.04,64,64,65535,65535,0.0362,0.0181,0.0181,500,1,0.05,Benign,None,Benign,0
607,UE_2,tcp,235.5,-52.49,40.36,9.913,9.913,395,43,352,436314,3530,432784,82.1,1229.5,39.85,4.34,35.51,352114.6,64,64,131072,131072,0.0101,0.0051,0.0051,398,0,0,Benign,None,Benign,0
1950,UE_4,udp,116.4,-40.01,52.42,0.17,0.17,5,4,1,431,377,54,94.2,54.4,29.41,23.53,5.88,20282.35,64,64,0,0,0,0,0,451,1,0.05,Benign,None,Benign,0
3244,UE_7,tcp,413,-58.98,34.73,0.0952,0.0952,878,878,0,35120,35120,0,40,0,9222.69,9222.69,0,2951260.5,128,0,1024,0,0,0,0,0,878,100,SYNFlood,Hping3,Malicious,1
4213,UE_9,tcp,409.2,-54.91,38.41,0.0012,0.0012,1,1,0,44,44,0,44,0,833.33,833.33,0,293333.33,53,0,1024,0,0,0,0,0,1,100,SYNScan,Nmap,Malicious,1
3298,UE_7,tcp,413,-59.59,34.48,0.0857,0.0857,365,365,0,14600,14600,0,40,0,4259.04,4259.04,0,1362893.82,128,0,1024,0,0,0,0,0,365,100,SYNFlood,Hping3,Malicious,1
2496,UE_5,tcp,309,-52.64,40.11,6.591,6.591,477,47,430,630808,3008,627800,64,1460,72.37,7.13,65.24,765659.84,64,64,262144,262144,0.025,0.0125,0.0125,432,1,0.05,Benign,None,Benign,0
2211,UE_5,tcp,309,-53.06,40.1,3.028,3.028,445,62,383,563148,3968,559180,64,1460,146.96,20.48,126.49,1487841.48,64,64,262144,262144,0.0223,0.0112,0.0112,301,0,0,Benign,None,Benign,0
1943,UE_4,udp,116.4,-40.73,51.93,0.235,0.235,2,1,1,139,86,53,86.4,52.5,8.51,4.26,4.26,4731.91,64,64,0,0,0,0,0,433,1,0.05,Benign,None,Benign,0
3843,UE_8,udp,403.8,-52.76,40.54,0.286,0.286,1462,1462,0,875007,875007,0,598.5,0,5111.89,5111.89,0,24475720.28,64,0,0,0,0,0,0,0,1170,80,UDPFlood,Hping3,Malicious,1
3827,UE_8,udp,403.8,-52.2,41.01,0.333,0.333,2294,2294,0,1547532,1547532,0,674.6,0,6888.89,6888.89,0,37177945.95,64,0,0,0,0,0,0,0,1835,80,UDPFlood,Hping3,Malicious,1
4016,UE_9,tcp,409.2,-56.08,38.9,0.0054,0.0054,1,1,0,44,44,0,44,0,185.19,185.19,0,65185.19,59,0,1024,0,0,0,0,0,1,100,SYNScan,Nmap,Malicious,1
2414,UE_5,tcp,309,-53.38,40.2,5.846,5.846,595,65,530,777960,4160,773800,64,1460,101.78,11.12,90.66,1064604.86,64,64,262144,262144,0.0248,0.0124,0.0124,504,1,0.05,Benign,None,Benign,0
3915,UE_8,udp,403.8,-53.3,41.02,0.406,0.406,1951,1951,0,1009838,1009838,0,517.6,0,4805.42,4805.42,0,19898285.71,64,0,0,0,0,0,0,0,1561,80,UDPFlood,Hping3,Malicious,1
3990,UE_8,udp,403.8,-52.71,40.29,0.33,0.33,1653,1653,0,1122056,1122056,0,678.8,0,5009.09,5009.09,0,27201357.58,64,0,0,0,0,0,0,0,1322,80,UDPFlood,Hping3,Malicious,1
2108,UE_5,tcp,309,-53.08,40.27,11.956,11.956,839,65,774,1134200,4160,1130040,64,1460,70.17,5.44,64.74,758916.03,64,64,262144,262144,0.0155,0.0078,0.0078,253,0,0,Benign,None,Benign,0
932,UE_2,tcp,235.5,-52.17,40.72,2.095,2.095,369,45,324,438143,4275,433868,95,1339.1,176.13,21.48,154.65,1673099.76,64,64,131072,131072,0.0275,0.0138,0.0138,465,0,0,Benign,None,Benign,0
4657,UE_10,tcp,440.7,-53.58,39.3,34.78,34.78,19,13,6,552,312,240,24,40,0.55,0.37,0.17,126.97,64,64,512,16384,0.1776,0.1066,0.071,128,0,0,SlowrateDoS,Slowloris,Malicious,1
4093,UE_9,tcp,409.2,-55.76,38.81,0.0039,0.0039,1,1,0,44,44,0,44,0,256.41,256.41,0,90256.41,48,0,1024,0,0,0,0,0,1,100,SYNScan,Nmap,Malicious,1
1662,UE_4,udp,116.4,-40.77,52.85,0.122,0.122,5,3,2,321,207,114,68.9,57.1,40.98,24.59,16.39,21049.18,64,64,0,0,0,0,0,141,1,0.05,Benign,None,Benign,0
3464,UE_7,tcp,413,-59.89,34.26,0.0868,0.0868,580,580,0,23200,23200,0,40,0,6682.03,6682.03,0,2138248.85,128,0,1024,0,0,0,0,0,580,100,SYNFlood,Hping3,Malicious,1
3165,UE_7,tcp,413,-58.89,34.39,0.038,0.038,712,712,0,28480,28480,0,40,0,18736.84,18736.84,0,5995789.47,128,0,1024,0,0,0,0,0,712,100,SYNFlood,Hping3,Malicious,1
4898,UE_10,tcp,440.7,-53.87,39.26,38.85,38.85,28,19,9,846,486,360,25.6,40,0.72,0.49,0.23,174.21,64,64,512,16384,0.1266,0.076,0.0506,128,0,0,SlowrateDoS,Slowloris,Malicious,1
1477,UE_3,udp,127.5,-41.96,51.74,4.365,4.365,155,80,75,27174,14296,12878,178.7,171.7,35.51,18.33,17.18,49803.44,64,64,0,0,0,0,0,445,1,0.05,Benign,None,Benign,0
1980,UE_4,udp,116.4,-40.67,52.69,0.173,0.173,4,2,2,279,160,119,80,59.3,23.12,11.56,11.56,12901.73,64,64,0,0,0,0,0,318,0,0,Benign,None,Benign,0
622,UE_2,tcp,235.5,-52.53,42.1,7.106,7.106,476,47,429,579943,3882,576061,82.6,1342.8,66.99,6.61,60.37,652905.15,64,64,131072,131072,0.0218,0.0109,0.0109,165,0,0,Benign,None,Benign,0
2392,UE_5,tcp,309,-51.85,39.97,12.316,12.316,552,74,478,702616,4736,697880,64,1460,44.82,6.01,38.81,456392.34,64,64,262144,262144,0.027,0.0135,0.0135,364,1,0.05,Benign,None,Benign,0
3606,UE_8,udp,403.8,-52.63,39.8,0.422,0.422,2199,2199,0,2199000,2199000,0,1000,0,5210.9,5210.9,0,41687203.79,64,0,0,0,0,0,0,0,1759,80,UDPFlood,Hping3,Malicious,1
2301,UE_5,tcp,309,-53.79,39.74,7.888,7.888,464,92,372,549008,5888,543120,64,1460,58.82,11.66,47.16,556803.25,64,64,262144,262144,0.0256,0.0128,0.0128,442,1,0.05,Benign,None,Benign,0
3483,UE_7,tcp,413,-59.14,34.2,0.041,0.041,349,349,0,13960,13960,0,40,0,8512.2,8512.2,0,2723902.44,128,0,1024,0,0,0,0,0,349,100,SYNFlood,Hping3,Malicious,1
2190,UE_5,tcp,309,-53.11,39.5,4.932,4.932,429,91,338,499304,5824,493480,64,1460,86.98,18.45,68.53,809901.05,64,64,262144,262144,0.0165,0.0083,0.0083,147,0,0,Benign,None,Benign,0
2230,UE_5,tcp,309,-54.07,40.47,6.368,6.368,673,83,590,866712,5312,861400,64,1460,105.68,13.03,92.65,1088834.17,64,64,262144,262144,0.0214,0.0107,0.0107,323,1,0.05,Benign,None,Benign,0
3048,UE_7,tcp,413,-60.52,34.46,0.0116,0.0116,461,461,0,18440,18440,0,40,0,39741.38,39741.38,0,12717241.38,128,0,1024,0,0,0,0,0,461,100,SYNFlood,Hping3,Malicious,1
4548,UE_10,tcp,440.7,-54.84,39.33,54.85,54.85,28,19,9,1036,676,360,35.6,40,0.51,0.35,0.16,151.1,64,64,512,16384,0.1346,0.0808,0.0538,128,0,0,SlowrateDoS,Slowloris,Malicious,1
1032,UE_3,udp,127.5,-42.82,51.69,4.931,4.931,172,88,84,30116,15198,14918,172.7,177.6,34.88,17.85,17.04,48859.87,64,64,0,0,0,0,0,295,0,0,Benign,None,Benign,0
1849,UE_4,udp,116.4,-40.77,52.01,0.219,0.219,3,2,1,243,191,52,95.6,52.2,13.7,9.13,4.57,8876.71,64,64,0,0,0,0,0,136,1,0.05,Benign,None,Benign,0
1746,UE_4,udp,116.4,-41.61,52.49,0.125,0.125,4,3,1,273,224,49,74.6,49,32,24,8,17472,64,64,0,0,0,0,0,392,1,0.05,Benign,None,Benign,0
3618,UE_8,udp,403.8,-51.63,40.71,0.142,0.142,2412,2412,0,1240009,1240009,0,514.1,0,16985.92,16985.92,0,69859661.97,64,0,0,0,0,0,0,0,1930,80,UDPFlood,Hping3,Malicious,1
2277,UE_5,tcp,309,-52.89,39.36,12.981,12.981,726,91,635,932924,5824,927100,64,1460,55.93,7.01,48.92,574947.38,64,64,262144,262144,0.0149,0.0075,0.0075,374,1,0.05,Benign,None,Benign,0
2112,UE_5,tcp,309,-53.19,39.52,12.722,12.722,521,76,445,654564,4864,649700,64,1460,40.95,5.97,34.98,411610.75,64,64,262144,262144,0.0169,0.0085,0.0085,474,1,0.05,Benign,None,Benign,0
2850,UE_6,tcp,321,-50.34,38.93,2.861,2.861,65,23,42,32759,9991,22768,434.4,542.1,22.72,8.04,14.68,91601.54,64,64,65535,65535,0.025,0.0125,0.0125,230,1,0.05,Benign,None,Benign,0
4901,UE_10,tcp,440.7,-54.37,38.43,32.24,32.24,32,20,12,1032,552,480,27.6,40,0.99,0.62,0.37,256.08,64,64,512,16384,0.163,0.0978,0.0652,128,0,0,SlowrateDoS,Slowloris,Malicious,1
1696,UE_4,udp,116.4,-40.02,50.99,0.247,0.247,3,1,2,198,75,123,75.2,61.5,12.15,4.05,8.1,6412.96,64,64,0,0,0,0,0,497,0,0,Benign,None,Benign,0
3177,UE_7,tcp,413,-60.13,33.86,0.0648,0.0648,819,819,0,32760,32760,0,40,0,12638.89,12638.89,0,4044444.44,128,0,1024,0,0,0,0,0,819,100,SYNFlood,Hping3,Malicious,1
2449,UE_5,tcp,309,-53.12,39.15,7.628,7.628,796,53,743,1088172,3392,1084780,64,1460,104.35,6.95,97.4,1141239.64,64,64,262144,262144,0.0124,0.0062,0.0062,307,0,0,Benign,None,Benign,0
336,UE_1,tcp,146.1,-45.47,48.65,4.052,4.052,74,18,56,72404,4493,67911,249.6,1212.7,18.26,4.44,13.82,142949.65,64,64,65535,65535,0.0403,0.0202,0.0202,252,1,0.05,Benign,None,Benign,0
1861,UE_4,udp,116.4,-40.68,51.85,0.248,0.248,4,3,1,265,201,64,66.9,63.9,16.13,12.1,4.03,8548.39,64,64,0,0,0,0,0,452,1,0.05,Benign,None,Benign,0
3706,UE_8,udp,403.8,-51.7,40.57,0.536,0.536,1808,1808,0,1193822,1193822,0,660.3,0,3373.13,3373.13,0,17818238.81,64,0,0,0,0,0,0,0,1446,80,UDPFlood,Hping3,Malicious,1
60,UE_1,tcp,146.1,-45.04,48.64,1.608,1.608,80,30,50,50290,5055,45235,168.5,904.7,49.75,18.66,31.09,250199,64,64,65535,65535,0.0261,0.0131,0.0131,482,0,0,Benign,None,Benign,0
2659,UE_6,tcp,321,-51.07,40.45,0.909,0.909,53,30,23,24015,14028,9987,467.6,434.2,58.31,33,25.3,211353.14,64,64,65535,65535,0.0328,0.0164,0.0164,196,0,0,Benign,None,Benign,0
4412,UE_9,tcp,409.2,-55.59,38.07,0.004,0.004,2,1,1,84,44,40,44,40,500,250,250,168000,55,55,1024,0,0.0074,0,0,0,0,0,SYNScan,Nmap,Malicious,1
3848,UE_8,udp,403.8,-51.88,40.53,0.115,0.115,1393,1393,0,842208,842208,0,604.6,0,12113.04,12113.04,0,58588382.61,64,0,0,0,0,0,0,0,1114,80,UDPFlood,Hping3,Malicious,1
4820,UE_10,tcp,440.7,-53.88,39.23,49.64,49.64,26,14,12,929,449,480,32.1,40,0.52,0.28,0.24,149.72,64,64,512,16384,0.224,0.1344,0.0896,128,0,0,SlowrateDoS,Slowloris,Malicious,1
1158,UE_3,udp,127.5,-41.29,51.18,3.079,3.079,259,129,130,42989,22046,20943,170.9,161.1,84.12,41.9,42.22,111696.01,64,64,0,0,0,0,0,490,0,0,Benign,None,Benign,0
534,UE_2,tcp,235.5,-52.55,41.42,8.48,8.48,259,42,217,279321,4208,275113,100.2,1267.8,30.54,4.95,25.59,263510.38,64,64,131072,131072,0.0102,0.0051,0.0051,349,0,0,Benign,None,Benign,0
2041,UE_5,tcp,309,-52.88,39.25,7.307,7.307,709,96,613,901124,6144,894980,64,1460,97.03,13.14,83.89,986587.11,64,64,262144,262144,0.0149,0.0075,0.0075,212,0,0,Benign,None,Benign,0
2995,UE_6,tcp,321,-51.31,39.73,1.768,1.768,60,37,23,27903,15692,12211,424.1,530.9,33.94,20.93,13.01,126257.92,64,64,65535,65535,0.0302,0.0151,0.0151,182,0,0,Benign,None,Benign,0
1432,UE_3,udp,127.5,-41.16,52.02,2.021,2.021,213,105,108,37666,18680,18986,177.9,175.8,105.39,51.95,53.44,149098.47,64,64,0,0,0,0,0,421,0,0,Benign,None,Benign,0
2637,UE_6,tcp,321,-51.18,40.6,2.432,2.432,51,24,27,22092,9542,12550,397.6,464.8,20.97,9.87,11.1,72671.05,64,64,65535,65535,0.0321,0.0161,0.0161,352,0,0,Benign,None,Benign,0
3185,UE_7,tcp,413,-59.58,34.08,0.0376,0.0376,717,717,0,28680,28680,0,40,0,19069.15,19069.15,0,6102127.66,128,0,1024,0,0,0,0,0,717,100,SYNFlood,Hping3,Malicious,1
476,UE_1,tcp,146.1,-44.64,47.97,0.99,0.99,51,26,25,35453,4085,31368,157.1,1254.7,51.52,26.26,25.25,286488.89,64,64,65535,65535,0.0207,0.0104,0.0104,191,1,0.05,Benign,None,Benign,0
2014,UE_5,tcp,309,-53.48,39.86,10.332,10.332,474,62,412,605488,3968,601520,64,1460,45.88,6,39.88,468825.4,64,64,262144,262144,0.017,0.0085,0.0085,318,0,0,Benign,None,Benign,0
46,UE_1,tcp,146.1,-44.17,48.37,2.715,2.715,76,35,41,54516,7452,47064,212.9,1147.9,27.99,12.89,15.1,160636.46,64,64,65535,65535,0.0286,0.0143,0.0143,510,0,0,Benign,None,Benign,0
595,UE_2,tcp,235.5,-52.42,40.88,7.475,7.475,435,55,380,476211,5467,470744,99.4,1238.8,58.19,7.36,50.84,509657.26,64,64,131072,131072,0.023,0.0115,0.0115,320,0,0,Benign,None,Benign,0
4462,UE_9,tcp,409.2,-55.87,39.81,0.0023,0.0023,1,1,0,44,44,0,44,0,434.78,434.78,0,153043.48,59,0,1024,0,0,0,0,0,1,100,SYNScan,Nmap,Malicious,1
1874,UE_4,udp,116.4,-40.36,52.4,0.136,0.136,2,1,1,134,85,49,84.5,49,14.71,7.35,7.35,7882.35,64,64,0,0,0,0,0,452,0,0,Benign,None,Benign,0
3294,UE_7,tcp,413,-60.09,34.36,0.0459,0.0459,352,352,0,14080,14080,0,40,0,7668.85,7668.85,0,2454030.5,128,0,1024,0,0,0,0,0,352,100,SYNFlood,Hping3,Malicious,1
202,UE_1,tcp,146.1,-44.31,47.89,0.771,0.771,70,28,42,47656,4430,43226,158.2,1029.2,90.79,36.32,54.47,494485.08,64,64,65535,65535,0.0295,0.0148,0.0148,459,1,0.05,Benign,None,Benign,0
62,UE_1,tcp,146.1,-44.37,47.36,1.47,1.47,52,17,35,36219,2584,33635,152,961,35.37,11.56,23.81,197110.2,64,64,65535,65535,0.0213,0.0107,0.0107,300,0,0,Benign,None,Benign,0
3433,UE_7,tcp,413,-59.61,34.56,0.0678,0.0678,719,719,0,28760,28760,0,40,0,10604.72,10604.72,0,3393510.32,128,0,1024,0,0,0,0,0,719,100,SYNFlood,Hping3,Malicious,1
1930,UE_4,udp,116.4,-40.53,52.06,0.163,0.163,4,2,2,274,165,109,82.4,54.3,24.54,12.27,12.27,13447.85,64,64,0,0,0,0,0,476,0,0,Benign,None,Benign,0
1454,UE_3,udp,127.5,-42.01,51.13,1.852,1.852,173,85,88,28919,13651,15268,160.6,173.5,93.41,45.9,47.52,124920.09,64,64,0,0,0,0,0,247,1,0.05,Benign,None,Benign,0
3720,UE_8,udp,403.8,-52.31,40.39,0.149,0.149,1596,1596,0,1074427,1074427,0,673.2,0,10711.41,10711.41,0,57687355.7,64,0,0,0,0,0,0,0,1277,80,UDPFlood,Hping3,Malicious,1
3835,UE_8,udp,403.8,-52.57,40.64,0.443,0.443,655,655,0,557471,557471,0,851.1,0,1478.56,1478.56,0,10067196.39,64,0,0,0,0,0,0,0,524,80,UDPFlood,Hping3,Malicious,1
4184,UE_9,tcp,409.2,-55.57,38.74,0.0036,0.0036,1,1,0,44,44,0,44,0,277.78,277.78,0,97777.78,56,0,1024,0,0,0,0,0,1,100,SYNScan,Nmap,Malicious,1
4796,UE_10,tcp,440.7,-53.68,38.6,35.04,35.04,21,14,7,645,365,280,26.1,40,0.6,0.4,0.2,147.26,64,64,512,16384,0.1232,0.0739,0.0493,128,0,0,SlowrateDoS,Slowloris,Malicious,1
1113,UE_3,udp,127.5,-42.19,51.37,5.525,5.525,211,106,105,37133,18327,18806,172.9,179.1,38.19,19.19,19,53767.24,64,64,0,0,0,0,0,404,0,0,Benign,None,Benign,0
1631,UE_4,udp,116.4,-40.93,52.3,0.086,0.086,5,3,2,349,245,104,81.6,52,58.14,34.88,23.26,32465.12,64,64,0,0,0,0,0,152,0,0,Benign,None,Benign,0
2142,UE_5,tcp,309,-53.4,39.75,12.482,12.482,679,74,605,888036,4736,883300,64,1460,54.4,5.93,48.47,569162.63,64,64,262144,262144,0.0246,0.0123,0.0123,364,0,0,Benign,None,Benign,0
3386,UE_7,tcp,413,-59.36,34.66,0.0837,0.0837,311,311,0,12440,12440,0,40,0,3715.65,3715.65,0,1189008.36,128,0,1024,0,0,0,0,0,311,100,SYNFlood,Hping3,Malicious,1
4781,UE_10,tcp,440.7,-54.1,38.94,58.47,58.47,27,18,9,1057,697,360,38.7,40,0.46,0.31,0.15,144.62,64,64,512,16384,0.2019,0.1211,0.0808,128,0,0,SlowrateDoS,Slowloris,Malicious,1
2731,UE_6,tcp,321,-51.1,39.03,2.506,2.506,64,27,37,24661,9469,15192,350.7,410.6,25.54,10.77,14.76,78726.26,64,64,65535,65535,0.0409,0.0205,0.0205,510,1,0.05,Benign,None,Benign,0
2990,UE_6,tcp,321,-52.28,40.12,1.417,1.417,74,32,42,36116,11718,24398,366.2,580.9,52.22,22.58,29.64,203901.2,64,64,65535,65535,0.0406,0.0203,0.0203,220,0,0,Benign,None,Benign,0
4671,UE_10,tcp,440.7,-53.78,39.63,33.56,33.56,23,17,6,723,483,240,28.4,40,0.69,0.51,0.18,172.35,64,64,512,16384,0.1388,0.0833,0.0555,128,0,0,SlowrateDoS,Slowloris,Malicious,1
164,UE_1,tcp,146.1,-44.82,48.18,2.563,2.563,73,33,40,57252,8224,49028,249.2,1225.7,28.48,12.88,15.61,178703.08,64,64,65535,65535,0.0213,0.0107,0.0107,300,0,0,Benign,None,Benign,0
1361,UE_3,udp,127.5,-41.81,50.46,2.631,2.631,291,147,144,48940,24431,24509,166.2,170.2,110.6,55.87,54.73,148810.34,64,64,0,0,0,0,0,317,0,0,Benign,None,Benign,0
411,UE_1,tcp,146.1,-45.46,48.79,0.914,0.914,69,20,49,46656,4560,42096,228,859.1,75.49,21.88,53.61,408367.61,64,64,65535,65535,0.015,0.0075,0.0075,481,0,0,Benign,None,Benign,0
1613,UE_4,udp,116.4,-39.97,51.76,0.169,0.169,5,4,1,344,283,61,70.7,60.5,29.59,23.67,5.92,16284.02,64,64,0,0,0,0,0,259,1,0.05,Benign,None,Benign,0
2126,UE_5,tcp,309,-53.53,40.17,9.684,9.684,387,58,329,484052,3712,480340,64,1460,39.96,5.99,33.97,399877.74,64,64,262144,262144,0.0245,0.0123,0.0123,155,0,0,Benign,None,Benign,0
3319,UE_7,tcp,413,-60.18,34.09,0.0419,0.0419,506,506,0,20240,20240,0,40,0,12076.37,12076.37,0,3864439.14,128,0,1024,0,0,0,0,0,506,100,SYNFlood,Hping3,Malicious,1
4521,UE_10,tcp,440.7,-53.68,40.24,40.04,40.04,30,20,10,934,534,400,26.7,40,0.75,0.5,0.25,186.61,64,64,512,16384,0.0868,0.0521,0.0347,128,0,0,SlowrateDoS,Slowloris,Malicious,1
2948,UE_6,tcp,321,-51.66,40.05,1.156,1.156,67,18,49,34102,6755,27347,375.3,558.1,57.96,15.57,42.39,236000,64,64,65535,65535,0.0383,0.0192,0.0192,131,0,0,Benign,None,Benign,0
4905,UE_10,tcp,440.7,-53.76,38.95,38.65,38.65,30,20,10,1044,644,400,32.2,40,0.78,0.52,0.26,216.09,64,64,512,16384,0.1669,0.1001,0.0668,128,0,0,SlowrateDoS,Slowloris,Malicious,1
3621,UE_8,udp,403.8,-52.44,40.21,0.331,0.331,1585,1585,0,926750,926750,0,584.7,0,4788.52,4788.52,0,22398791.54,64,0,0,0,0,0,0,0,1268,80,UDPFlood,Hping3,Malicious,1
1106,UE_3,udp,127.5,-40.88,51.33,3.422,3.422,193,96,97,32080,15648,16432,163,169.4,56.4,28.05,28.35,74997.08,64,64,0,0,0,0,0,144,1,0.05,Benign,None,Benign,0
56,UE_1,tcp,146.1,-44.2,48.99,4.206,4.206,52,22,30,43010,4310,38700,195.9,1290,12.36,5.23,7.13,81806.94,64,64,65535,65535,0.0298,0.0149,0.0149,493,0,0,Benign,None,Benign,0
2073,UE_5,tcp,309,-53.05,39.56,7.268,7.268,642,63,579,849372,4032,845340,64,1460,88.33,8.67,79.66,934916.9,64,64,262144,262144,0.0131,0.0066,0.0066,366,1,0.05,Benign,None,Benign,0
1331,UE_3,udp,127.5,-41.94,50.61,1.162,1.162,262,132,130,44773,23219,21554,175.9,165.8,225.47,113.6,111.88,308247.85,64,64,0,0,0,0,0,353,0,0,Benign,None,Benign,0
2465,UE_5,tcp,309,-52.77,39.42,7.505,7.505,546,50,496,727360,3200,724160,64,1460,72.75,6.66,66.09,775333.78,64,64,262144,262144,0.0165,0.0083,0.0083,184,0,0,Benign,None,Benign,0
1833,UE_4,udp,116.4,-40.32,51.79,0.205,0.205,4,2,2,248,136,112,68,56.1,19.51,9.76,9.76,9678.05,64,64,0,0,0,0,0,172,1,0.05,Benign,None,Benign,0
2131,UE_5,tcp,309,-53.38,39.8,11.467,11.467,443,100,343,507180,6400,500780,64,1460,38.63,8.72,29.91,353836.23,64,64,262144,262144,0.0127,0.0064,0.0064,438,0,0,Benign,None,Benign,0
4165,UE_9,tcp,409.2,-54.59,37.95,0.0035,0.0035,2,1,1,84,44,40,44,40,571.43,285.71,285.71,192000,59,55,1024,0,0.0101,0,0,0,0,0,SYNScan,Nmap,Malicious,1
1764,UE_4,udp,116.4,-40.18,52.5,0.18,0.18,3,1,2,184,67,117,67.2,58.5,16.67,5.56,11.11,8177.78,64,64,0,0,0,0,0,488,0,0,Benign,None,Benign,0
4908,UE_10,tcp,440.7,-54.34,39.33,56.15,56.15,17,10,7,673,393,280,39.3,40,0.3,0.18,0.12,95.89,64,64,512,16384,0.1085,0.0651,0.0434,128,0,0,SlowrateDoS,Slowloris,Malicious,1
4758,UE_10,tcp,440.7,-54.06,38.62,32.04,32.04,16,9,7,546,266,280,29.5,40,0.5,0.28,0.22,136.33,64,64,512,16384,0.204,0.1224,0.0816,128,0,0,SlowrateDoS,Slowloris,Malicious,1
182,UE_1,tcp,146.1,-44.56,48.19,4.272,4.272,40,16,24,32559,2715,29844,169.7,1243.5,9.36,3.75,5.62,60971.91,64,64,65535,65535,0.0344,0.0172,0.0172,297,0,0,Benign,None,Benign,0
4559,UE_10,tcp,440.7,-54.4,40.61,28.64,28.64,19,9,10,641,241,400,26.8,40,0.66,0.31,0.35,179.05,64,64,512,16384,0.2176,0.1306,0.087,128,0,0,SlowrateDoS,Slowloris,Malicious,1
2132,UE_5,tcp,309,-53.23,39.66,3.231,3.231,470,59,411,603836,3776,600060,64,1460,145.47,18.26,127.21,1495106.16,64,64,262144,262144,0.026,0.013,0.013,178,1,0.05,Benign,None,Benign,0
1411,UE_3,udp,127.5,-41.88,51.51,1.068,1.068,168,85,83,27696,14042,13654,165.2,164.5,157.3,79.59,77.72,207460.67,64,64,0,0,0,0,0,396,1,0.05,Benign,None,Benign,0
1315,UE_3,udp,127.5,-41.53,51.3,1.583,1.583,270,135,135,45914,22653,23261,167.8,172.3,170.56,85.28,85.28,232035.38,64,64,0,0,0,0,0,500,1,0.05,Benign,None,Benign,0
552,UE_2,tcp,235.5,-52.2,40.31,7.113,7.113,497,47,450,576924,4254,572670,90.5,1272.6,69.87,6.61,63.26,648867.14,64,64,131072,131072,0.0286,0.0143,0.0143,411,0,0,Benign,None,Benign,0
591,UE_2,tcp,235.5,-53.15,41.54,6.98,6.98,305,45,260,371794,4986,366808,110.8,1410.8,43.7,6.45,37.25,426124.93,64,64,131072,131072,0.018,0.009,0.009,365,0,0,Benign,None,Benign,0
2664,UE_6,tcp,321,-51.53,39.96,2.292,2.292,61,35,26,26212,12380,13832,353.7,532,26.61,15.27,11.34,91490.4,64,64,65535,65535,0.0312,0.0156,0.0156,335,0,0,Benign,None,Benign,0
2678,UE_6,tcp,321,-50.71,40.03,1.941,1.941,68,18,50,33733,5483,28250,304.6,565,35.03,9.27,25.76,139033.49,64,64,65535,65535,0.0277,0.0139,0.0139,305,1,0.05,Benign,None,Benign,0
1734,UE_4,udp,116.4,-40.06,51.54,0.198,0.198,3,1,2,210,95,115,95.2,57.7,15.15,5.05,10.1,8484.85,64,64,0,0,0,0,0,185,0,0,Benign,None,Benign,0
4811,UE_10,tcp,440.7,-53.73,39.48,42.61,42.61,16,11,5,534,334,200,30.4,40,0.38,0.26,0.12,100.26,64,64,512,16384,0.2184,0.131,0.0874,128,0,0,SlowrateDoS,Slowloris,Malicious,1
3332,UE_7,tcp,413,-59.83,34.49,0.0829,0.0829,664,664,0,26560,26560,0,40,0,8009.65,8009.65,0,2563088.06,128,0,1024,0,0,0,0,0,664,100,SYNFlood,Hping3,Malicious,1
2032,UE_5,tcp,309,-53.21,39.45,10.221,10.221,704,83,621,911972,5312,906660,64,1460,68.88,8.12,60.76,713802.56,64,64,262144,262144,0.0237,0.0119,0.0119,413,0,0,Benign,None,Benign,0
1129,UE_3,udp,127.5,-41.55,51.36,4.048,4.048,123,61,62,20538,9986,10552,163.7,170.2,30.39,15.07,15.32,40588.93,64,64,0,0,0,0,0,297,1,0.05,Benign,None,Benign,0
4434,UE_9,tcp,409.2,-54.86,39.47,0.0043,0.0043,1,1,0,44,44,0,44,0,232.56,232.56,0,81860.47,54,0,1024,0,0,0,0,0,1,100,SYNScan,Nmap,Malicious,1
3913,UE_8,udp,403.8,-52,40.71,0.126,0.126,2418,2418,0,1446206,1446206,0,598.1,0,19190.48,19190.48,0,91822603.17,64,0,0,0,0,0,0,0,1934,80,UDPFlood,Hping3,Malicious,1
2307,UE_5,tcp,309,-54.16,40,4.835,4.835,409,76,333,491044,4864,486180,64,1460,84.59,15.72,68.87,812482.32,64,64,262144,262144,0.0211,0.0106,0.0106,377,0,0,Benign,None,Benign,0
4101,UE_9,tcp,409.2,-54.59,38.91,0.0019,0.0019,1,1,0,44,44,0,44,0,526.32,526.32,0,185263.16,49,0,1024,0,0,0,0,0,1,100,SYNScan,Nmap,Malicious,1
4842,UE_10,tcp,440.7,-54,39.23,57.71,57.71,19,15,4,537,377,160,25.1,40,0.33,0.26,0.07,74.44,64,64,512,16384,0.1929,0.1157,0.0772,128,0,0,SlowrateDoS,Slowloris,Malicious,1
769,UE_2,tcp,235.5,-53.22,40.91,7.933,7.933,394,45,349,485120,3884,481236,86.3,1378.9,49.67,5.67,43.99,489217.19,64,64,131072,131072,0.0126,0.0063,0.0063,358,0,0,Benign,None,Benign,0
4409,UE_9,tcp,409.2,-54.94,38.98,0.0036,0.0036,1,1,0,44,44,0,44,0,277.78,277.78,0,97777.78,54,0,1024,0,0,0,0,0,1,100,SYNScan,Nmap,Malicious,1
1599,UE_4,udp,116.4,-40.21,51.52,0.197,0.197,5,3,2,325,210,115,69.9,57.7,25.38,15.23,10.15,13197.97,64,64,0,0,0,0,0,323,0,0,Benign,None,Benign,0
4510,UE_10,tcp,440.7,-53.8,38.46,55.42,55.42,19,9,10,693,293,400,32.5,40,0.34,0.16,0.18,100.04,64,64,512,16384,0.2233,0.134,0.0893,128,0,0,SlowrateDoS,Slowloris,Malicious,1
1037,UE_3,udp,127.5,-41.8,51.21,2.394,2.394,129,66,63,22122,11847,10275,179.5,163.1,53.88,27.57,26.32,73924.81,64,64,0,0,0,0,0,317,0,0,Benign,None,Benign,0
828,UE_2,tcp,235.5,-52.64,41.35,5.891,5.891,439,53,386,524845,5984,518861,112.9,1344.2,74.52,9,65.52,712741.47,64,64,131072,131072,0.0136,0.0068,0.0068,306,1,0.05,Benign,None,Benign,0
4023,UE_9,tcp,409.2,-54.8,38.33,0.0017,0.0017,1,1,0,44,44,0,44,0,588.24,588.24,0,207058.82,60,0,1024,0,0,0,0,0,1,100,SYNScan,Nmap,Malicious,1
1600,UE_4,udp,116.4,-40.81,52.29,0.213,0.213,5,4,1,359,300,59,75,59,23.47,18.78,4.69,13483.57,64,64,0,0,0,0,0,406,1,0.05,Benign,None,Benign,0
818,UE_2,tcp,235.5,-52.46,40.38,8.342,8.342,257,62,195,275061,6721,268340,108.4,1376.1,30.81,7.43,23.38,263784.22,64,64,131072,131072,0.0105,0.0053,0.0053,338,1,0.05,Benign,None,Benign,0
2901,UE_6,tcp,321,-51.57,40,3.231,3.231,51,19,32,23958,8227,15731,433,491.6,15.78,5.88,9.9,59320.33,64,64,65535,65535,0.0267,0.0134,0.0134,337,1,0.05,Benign,None,Benign,0
3627,UE_8,udp,403.8,-52.67,40.7,0.567,0.567,1184,1184,0,987456,987456,0,834,0,2088.18,2088.18,0,13932359.79,64,0,0,0,0,0,0,0,947,80,UDPFlood,Hping3,Malicious,1
3202,UE_7,tcp,413,-59.41,34.74,0.0449,0.0449,649,649,0,25960,25960,0,40,0,14454.34,14454.34,0,4625389.76,128,0,1024,0,0,0,0,0,649,100,SYNFlood,Hping3,Malicious,1
2139,UE_5,tcp,309,-52.35,40.12,10.69,10.69,365,57,308,453328,3648,449680,64,1460,34.14,5.33,28.81,339253.88,64,64,262144,262144,0.0138,0.0069,0.0069,254,1,0.05,Benign,None,Benign,0
3462,UE_7,tcp,413,-59.9,34.5,0.0126,0.0126,282,282,0,11280,11280,0,40,0,22380.95,22380.95,0,7161904.76,128,0,1024,0,0,0,0,0,282,100,SYNFlood,Hping3,Malicious,1
4993,UE_10,tcp,440.7,-53.88,39.17,34.07,34.07,27,20,7,760,480,280,24,40,0.79,0.59,0.21,178.46,64,64,512,16384,0.2057,0.1234,0.0823,128,0,0,SlowrateDoS,Slowloris,Malicious,1
2343,UE_5,tcp,309,-52.48,40.27,8.324,8.324,928,74,854,1251576,4736,1246840,64,1460,111.48,8.89,102.59,1202860.16,64,64,262144,262144,0.0214,0.0107,0.0107,498,0,0,Benign,None,Benign,0
4303,UE_9,tcp,409.2,-55.61,38.78,0.0044,0.0044,1,1,0,44,44,0,44,0,227.27,227.27,0,80000,58,0,1024,0,0,0,0,0,1,100,SYNScan,Nmap,Malicious,1
3167,UE_7,tcp,413,-60.47,34.15,0.0461,0.0461,731,731,0,29240,29240,0,40,0,15856.83,15856.83,0,5074186.55,128,0,1024,0,0,0,0,0,731,100,SYNFlood,Hping3,Malicious,1
859,UE_2,tcp,235.5,-52.47,40.9,7.749,7.749,249,40,209,267033,3860,263173,96.5,1259.2,32.13,5.16,26.97,275682.54,64,64,131072,131072,0.0217,0.0109,0.0109,297,0,0,Benign,None,Benign,0
1620,UE_4,udp,116.4,-41.09,52.18,0.214,0.214,4,3,1,300,251,49,83.8,48.9,18.69,14.02,4.67,11214.95,64,64,0,0,0,0,0,273,1,0.05,Benign,None,Benign,0
4358,UE_9,tcp,409.2,-54.63,38.99,0.0051,0.0051,1,1,0,44,44,0,44,0,196.08,196.08,0,69019.61,56,0,1024,0,0,0,0,0,1,100,SYNScan,Nmap,Malicious,1
2291,UE_5,tcp,309,-53.62,39.48,10.467,10.467,779,83,696,1021472,5312,1016160,64,1460,74.42,7.93,66.49,780718.07,64,64,262144,262144,0.0235,0.0118,0.0118,372,0,0,Benign,None,Benign,0
405,UE_1,tcp,146.1,-44.16,48.75,1.024,1.024,79,25,54,66886,3863,63023,154.5,1167.1,77.15,24.41,52.73,522546.88,64,64,65535,65535,0.0252,0.0126,0.0126,212,0,0,Benign,None,Benign,0
4240,UE_9,tcp,409.2,-54.9,38.61,0.0015,0.0015,2,1,1,84,44,40,44,40,1333.33,666.67,666.67,448000,51,55,1024,0,0.0084,0,0,0,0,0,SYNScan,Nmap,Malicious,1
2145,UE_5,tcp,309,-53.31,40.45,12.049,12.049,515,79,436,641616,5056,636560,64,1460,42.74,6.56,36.19,426004.48,64,64,262144,262144,0.0153,0.0077,0.0077,138,0,0,Benign,None,Benign,0
1120,UE_3,udp,127.5,-41.86,51.18,5.271,5.271,105,52,53,17625,8705,8920,167.4,168.3,19.92,9.87,10.06,26750.14,64,64,0,0,0,0,0,261,1,0.05,Benign,None,Benign,0
3153,UE_7,tcp,413,-60.3,33.86,0.0657,0.0657,237,237,0,9480,9480,0,40,0,3607.31,3607.31,0,1154337.9,128,0,1024,0,0,0,0,0,237,100,SYNFlood,Hping3,Malicious,1
3725,UE_8,udp,403.8,-52.01,41.37,0.103,0.103,769,769,0,423796,423796,0,551.1,0,7466.02,7466.02,0,32916194.17,64,0,0,0,0,0,0,0,615,80,UDPFlood,Hping3,Malicious,1
949,UE_2,tcp,235.5,-52.6,41.31,7.867,7.867,406,62,344,429375,7012,422363,113.1,1227.8,51.61,7.88,43.73,436634.04,64,64,131072,131072,0.0201,0.0101,0.0101,172,1,0.05,Benign,None,Benign,0
2391,UE_5,tcp,309,-53.27,39.08,9.508,9.508,649,89,560,823296,5696,817600,64,1460,68.26,9.36,58.9,692718.55,64,64,262144,262144,0.0139,0.007,0.007,397,0,0,Benign,None,Benign,0
1131,UE_3,udp,127.5,-41.68,51.13,5.261,5.261,212,105,107,37726,18680,19046,177.9,178,40.3,19.96,20.34,57367.04,64,64,0,0,0,0,0,263,0,0,Benign,None,Benign,0
3372,UE_7,tcp,413,-59.72,33.99,0.0147,0.0147,603,603,0,24120,24120,0,40,0,41020.41,41020.41,0,13126530.61,128,0,1024,0,0,0,0,0,603,100,SYNFlood,Hping3,Malicious,1
3510,UE_8,udp,403.8,-52.78,39.85,0.15,0.15,1024,1024,0,653210,653210,0,637.9,0,6826.67,6826.67,0,34837866.67,64,0,0,0,0,0,0,0,819,80,UDPFlood,Hping3,Malicious,1
2143,UE_5,tcp,309,-52.38,39.92,4.132,4.132,588,76,512,752384,4864,747520,64,1460,142.3,18.39,123.91,1456697,64,64,262144,262144,0.019,0.0095,0.0095,484,0,0,Benign,None,Benign,0
4183,UE_9,tcp,409.2,-56.95,38.97,0.0059,0.0059,1,1,0,44,44,0,44,0,169.49,169.49,0,59661.02,58,0,1024,0,0,0,0,0,1,100,SYNScan,Nmap,Malicious,1
3977,UE_8,udp,403.8,-51.1,41.16,0.586,0.586,711,711,0,465918,465918,0,655.3,0,1213.31,1213.31,0,6360655.29,64,0,0,0,0,0,0,0,569,80,UDPFlood,Hping3,Malicious,1
1622,UE_4,udp,116.4,-40.46,51.36,0.202,0.202,6,4,2,374,271,103,67.8,51.7,29.7,19.8,9.9,14811.88,64,64,0,0,0,0,0,129,1,0.05,Benign,None,Benign,0
756,UE_2,tcp,235.5,-52.68,40.82,7.955,7.955,360,79,281,387573,9038,378535,114.4,1347.1,45.25,9.93,35.32,389765.43,64,64,131072,131072,0.0131,0.0066,0.0066,300,0,0,Benign,None,Benign,0
2183,UE_5,tcp,309,-53.11,40.21,11.604,11.604,692,71,621,911204,4544,906660,64,1460,59.63,6.12,53.52,628199.93,64,64,262144,262144,0.0249,0.0125,0.0125,260,0,0,Benign,None,Benign,0
4309,UE_9,tcp,409.2,-54.66,38.98,0.0012,0.0012,1,1,0,44,44,0,44,0,833.33,833.33,0,293333.33,45,0,1024,0,0,0,0,0,1,100,SYNScan,Nmap,Malicious,1
373,UE_1,tcp,146.1,-44.75,48.66,2.471,2.471,61,17,44,42105,3288,38817,193.4,882.2,24.69,6.88,17.81,136317.28,64,64,65535,65535,0.0185,0.0093,0.0093,332,0,0,Benign,None,Benign,0
4809,UE_10,tcp,440.7,-54.44,37.95,33.81,33.81,24,18,6,704,464,240,25.8,40,0.71,0.53,0.18,166.58,64,64,512,16384,0.2224,0.1334,0.089,128,0,0,SlowrateDoS,Slowloris,Malicious,1
2409,UE_5,tcp,309,-52.71,39.96,10.912,10.912,878,44,834,1220456,2816,1217640,64,1460,80.46,4.03,76.43,894762.46,64,64,262144,262144,0.0207,0.0104,0.0104,158,0,0,Benign,None,Benign,0
1513,UE_4,udp,116.4,-41.19,52.34,0.158,0.158,5,3,2,354,241,113,80.2,56.7,31.65,18.99,12.66,17924.05,64,64,0,0,0,0,0,510,0,0,Benign,None,Benign,0
1729,UE_4,udp,116.4,-39.66,52.85,0.051,0.051,2,1,1,138,88,50,88.1,50.3,39.22,19.61,19.61,21647.06,64,64,0,0,0,0,0,324,0,0,Benign,None,Benign,0
1913,UE_4,udp,116.4,-41.15,51.87,0.098,0.098,3,2,1,217,166,51,83.1,50.7,30.61,20.41,10.2,17714.29,64,64,0,0,0,0,0,394,1,0.05,Benign,None,Benign,0
1794,UE_4,udp,116.4,-40.8,52.21,0.206,0.206,6,4,2,394,279,115,69.8,57.5,29.13,19.42,9.71,15300.97,64,64,0,0,0,0,0,361,0,0,Benign,None,Benign,0
1082,UE_3,udp,127.5,-43.22,51.97,2.456,2.456,177,87,90,30516,14955,15561,171.9,172.9,72.07,35.42,36.64,99400.65,64,64,0,0,0,0,0,507,0,0,Benign,None,Benign,0
1054,UE_3,udp,127.5,-42.11,51.06,4.75,4.75,198,101,97,34018,17897,16121,177.2,166.2,41.68,21.26,20.42,57293.47,64,64,0,0,0,0,0,349,0,0,Benign,None,Benign,0
2624,UE_6,tcp,321,-50.95,39.94,2.537,2.537,68,22,46,34376,8653,25723,393.3,559.2,26.8,8.67,18.13,108398.9,64,64,65535,65535,0.0388,0.0194,0.0194,216,0,0,Benign,None,Benign,0
3101,UE_7,tcp,413,-59.69,33.26,0.0133,0.0133,777,777,0,31080,31080,0,40,0,58421.05,58421.05,0,18694736.84,128,0,1024,0,0,0,0,0,777,100,SYNFlood,Hping3,Malicious,1
4711,UE_10,tcp,440.7,-54.39,38.97,39.43,39.43,25,18,7,881,601,280,33.4,40,0.63,0.46,0.18,178.75,64,64,512,16384,0.1045,0.0627,0.0418,128,0,0,SlowrateDoS,Slowloris,Malicious,1
2421,UE_5,tcp,309,-53.54,40.63,9.66,9.66,496,87,409,602708,5568,597140,64,1460,51.35,9.01,42.34,499137.06,64,64,262144,262144,0.0166,0.0083,0.0083,266,0,0,Benign,None,Benign,0
927,UE_2,tcp,235.5,-52.75,42.35,4.702,4.702,430,71,359,479830,7853,471977,110.6,1314.7,91.45,15.1,76.35,816384.52,64,64,131072,131072,0.0243,0.0122,0.0122,418,0,0,Benign,None,Benign,0
4272,UE_9,tcp,409.2,-54.94,38.66,0.0027,0.0027,1,1,0,44,44,0,44,0,370.37,370.37,0,130370.37,57,0,1024,0,0,0,0,0,1,100,SYNScan,Nmap,Malicious,1
778,UE_2,tcp,235.5,-51.93,40.33,7.535,7.535,460,49,411,545209,5032,540177,102.7,1314.3,61.05,6.5,54.55,578854.94,64,64,131072,131072,0.0113,0.0057,0.0057,303,0,0,Benign,None,Benign,0
87,UE_1,tcp,146.1,-44.89,48.8,1.453,1.453,41,12,29,38272,2666,35606,222.2,1227.8,28.22,8.26,19.96,210719.89,64,64,65535,65535,0.0399,0.02,0.02,196,0,0,Benign,None,Benign,0
2448,UE_5,tcp,309,-52.79,40.11,10.065,10.065,598,90,508,747440,5760,741680,64,1460,59.41,8.94,50.47,594090.41,64,64,262144,262144,0.0133,0.0067,0.0067,337,0,0,Benign,None,Benign,0
4370,UE_9,tcp,409.2,-55.34,38.8,0.0044,0.0044,1,1,0,44,44,0,44,0,227.27,227.27,0,80000,50,0,1024,0,0,0,0,0,1,100,SYNScan,Nmap,Malicious,1
3991,UE_8,udp,403.8,-52.18,39.96,0.111,0.111,1643,1643,0,1276447,1276447,0,776.9,0,14801.8,14801.8,0,91996180.18,64,0,0,0,0,0,0,0,1314,80,UDPFlood,Hping3,Malicious,1
3001,UE_7,tcp,413,-60.17,33.38,0.0599,0.0599,843,843,0,33720,33720,0,40,0,14073.46,14073.46,0,4503505.84,128,0,1024,0,0,0,0,0,843,100,SYNFlood,Hping3,Malicious,1
3360,UE_7,tcp,413,-60.63,34.59,0.096,0.096,530,530,0,21200,21200,0,40,0,5520.83,5520.83,0,1766666.67,128,0,1024,0,0,0,0,0,530,100,SYNFlood,Hping3,Malicious,1
4935,UE_10,tcp,440.7,-53.35,38.72,45.37,45.37,22,17,5,696,496,200,29.2,40,0.48,0.37,0.11,122.72,64,64,512,16384,0.1428,0.0857,0.0571,128,0,0,SlowrateDoS,Slowloris,Malicious,1
4640,UE_10,tcp,440.7,-54.54,38.85,26.7,26.7,22,18,4,624,464,160,25.8,40,0.82,0.67,0.15,186.97,64,64,512,16384,0.1157,0.0694,0.0463,128,0,0,SlowrateDoS,Slowloris,Malicious,1
3337,UE_7,tcp,413,-59.6,34.62,0.0114,0.0114,905,905,0,36200,36200,0,40,0,79385.96,79385.96,0,25403508.77,128,0,1024,0,0,0,0,0,905,100,SYNFlood,Hping3,Malicious,1
2782,UE_6,tcp,321,-51.3,40.36,1.665,1.665,64,16,48,34881,5011,29870,313.2,622.3,38.44,9.61,28.83,167596.4,64,64,65535,65535,0.0295,0.0148,0.0148,468,0,0,Benign,None,Benign,0
4120,UE_9,tcp,409.2,-54.77,38.5,0.0026,0.0026,1,1,0,44,44,0,44,0,384.62,384.62,0,135384.62,51,0,1024,0,0,0,0,0,1,100,SYNScan,Nmap,Malicious,1
2244,UE_5,tcp,309,-52.53,39.39,10.913,10.913,913,58,855,1252012,3712,1248300,64,1460,83.66,5.31,78.35,917813.25,64,64,262144,262144,0.0169,0.0085,0.0085,296,1,0.05,Benign,None,Benign,0
148,UE_1,tcp,146.1,-44.45,48.11,2.417,2.417,43,10,33,34860,1880,32980,188,999.4,17.79,4.14,13.65,115382.71,64,64,65535,65535,0.0324,0.0162,0.0162,460,0,0,Benign,None,Benign,0
183,UE_1,tcp,146.1,-44.79,48.69,4.176,4.176,66,16,50,64188,3138,61050,196.1,1221,15.8,3.83,11.97,122965.52,64,64,65535,65535,0.0369,0.0185,0.0185,459,1,0.05,Benign,None,Benign,0
1065,UE_3,udp,127.5,-41.77,51.78,3.846,3.846,181,88,93,30721,14837,15884,168.6,170.8,47.06,22.88,24.18,63902.24,64,64,0,0,0,0,0,446,1,0.05,Benign,None,Benign,0
4804,UE_10,tcp,440.7,-54.63,39.48,56.09,56.09,25,14,11,805,365,440,26.1,40,0.45,0.25,0.2,114.82,64,64,512,16384,0.1901,0.1141,0.076,128,0,0,SlowrateDoS,Slowloris,Malicious,1
2502,UE_6,tcp,321,-50.47,39.79,1.243,1.243,73,44,29,38067,20244,17823,460.1,614.6,58.73,35.4,23.33,245000.8,64,64,65535,65535,0.0398,0.0199,0.0199,313,0,0,Benign,None,Benign,0
598,UE_2,tcp,235.5,-53.57,40.12,3.031,3.031,246,66,180,239591,6923,232668,104.9,1292.6,81.16,21.77,59.39,632374.79,64,64,131072,131072,0.0258,0.0129,0.0129,229,1,0.05,Benign,None,Benign,0
1871,UE_4,udp,116.4,-40.49,53.13,0.124,0.124,5,3,2,336,230,106,76.6,52.9,40.32,24.19,16.13,21677.42,64,64,0,0,0,0,0,466,0,0,Benign,None,Benign,0
530,UE_2,tcp,235.5,-51.62,41.56,9.277,9.277,424,30,394,485675,3537,482138,117.9,1223.7,45.7,3.23,42.47,418820.74,64,64,131072,131072,0.0132,0.0066,0.0066,256,0,0,Benign,None,Benign,0
829,UE_2,tcp,235.5,-52.54,42.1,2.263,2.263,397,53,344,423203,6000,417203,113.2,1212.8,175.43,23.42,152.01,1496077.77,64,64,131072,131072,0.027,0.0135,0.0135,417,1,0.05,Benign,None,Benign,0
3204,UE_7,tcp,413,-60.16,34.52,0.0733,0.0733,854,854,0,34160,34160,0,40,0,11650.75,11650.75,0,3728240.11,128,0,1024,0,0,0,0,0,854,100,SYNFlood,Hping3,Malicious,1
1479,UE_3,udp,127.5,-41.45,51.07,3.633,3.633,281,143,138,47315,25097,22218,175.5,161,77.35,39.36,37.99,104189.38,64,64,0,0,0,0,0,370,0,0,Benign,None,Benign,0
1480,UE_3,udp,127.5,-42.56,51.03,3.648,3.648,99,52,47,17237,8960,8277,172.3,176.1,27.14,14.25,12.88,37800.44,64,64,0,0,0,0,0,152,1,0.05,Benign,None,Benign,0
4175,UE_9,tcp,409.2,-55.11,38.92,0.0027,0.0027,1,1,0,44,44,0,44,0,370.37,370.37,0,130370.37,45,0,1024,0,0,0,0,0,1,100,SYNScan,Nmap,Malicious,1
312,UE_1,tcp,146.1,-43.78,48.24,3.322,3.322,59,21,38,52701,4513,48188,214.9,1268.1,17.76,6.32,11.44,126913.91,64,64,65535,65535,0.0169,0.0085,0.0085,370,0,0,Benign,None,Benign,0
655,UE_2,tcp,235.5,-51.47,41.08,4.928,4.928,378,71,307,384729,6014,378715,84.7,1233.6,76.7,14.41,62.3,624560.06,64,64,131072,131072,0.0207,0.0104,0.0104,333,0,0,Benign,None,Benign,0
2978,UE_6,tcp,321,-50.75,39.55,2.103,2.103,70,41,29,38479,18950,19529,462.2,673.4,33.29,19.5,13.79,146377.56,64,64,65535,65535,0.0218,0.0109,0.0109,309,0,0,Benign,None,Benign,0
3687,UE_8,udp,403.8,-52.27,41.22,0.388,0.388,2358,2358,0,2393606,2393606,0,1015.1,0,6077.32,6077.32,0,49352701.03,64,0,0,0,0,0,0,0,1886,80,UDPFlood,Hping3,Malicious,1
4666,UE_10,tcp,440.7,-54.16,38.69,56.93,56.93,24,20,4,714,554,160,27.7,40,0.42,0.35,0.07,100.33,64,64,512,16384,0.1459,0.0875,0.0584,128,0,0,SlowrateDoS,Slowloris,Malicious,1
344,UE_1,tcp,146.1,-45.3,48.43,3.853,3.853,89,30,59,67716,6108,61608,203.6,1044.2,23.1,7.79,15.31,140599.01,64,64,65535,65535,0.0271,0.0136,0.0136,362,1,0.05,Benign,None,Benign,0
3767,UE_8,udp,403.8,-51.57,41.42,0.227,0.227,1318,1318,0,1256713,1256713,0,953.5,0,5806.17,5806.17,0,44289444.93,64,0,0,0,0,0,0,0,1054,80,UDPFlood,Hping3,Malicious,1
1083,UE_3,udp,127.5,-41.68,50.79,3.887,3.887,280,139,141,46569,22796,23773,164,168.6,72.03,35.76,36.27,95845.64,64,64,0,0,0,0,0,448,1,0.05,Benign,None,Benign,0
2670,UE_6,tcp,321,-51.14,39.87,1.405,1.405,80,41,39,32042,12312,19730,300.3,505.9,56.94,29.18,27.76,182445.55,64,64,65535,65535,0.0414,0.0207,0.0207,471,0,0,Benign,None,Benign,0
3279,UE_7,tcp,413,-59.66,33.46,0.0865,0.0865,406,406,0,16240,16240,0,40,0,4693.64,4693.64,0,1501965.32,128,0,1024,0,0,0,0,0,406,100,SYNFlood,Hping3,Malicious,1
3694,UE_8,udp,403.8,-51.73,40.79,0.44,0.44,689,689,0,575591,575591,0,835.4,0,1565.91,1565.91,0,10465290.91,64,0,0,0,0,0,0,0,551,80,UDPFlood,Hping3,Malicious,1
2763,UE_6,tcp,321,-51.59,39.36,2.392,2.392,63,42,21,30551,19564,10987,465.8,523.2,26.34,17.56,8.78,102177.26,64,64,65535,65535,0.0364,0.0182,0.0182,473,0,0,Benign,None,Benign,0
1926,UE_4,udp,116.4,-40.51,52.36,0.135,0.135,3,1,2,191,72,119,71.7,59.5,22.22,7.41,14.81,11318.52,64,64,0,0,0,0,0,302,1,0.05,Benign,None,Benign,0
3689,UE_8,udp,403.8,-52.1,41.25,0.14,0.14,2033,2033,0,1364346,1364346,0,671.1,0,14521.43,14521.43,0,77962628.57,64,0,0,0,0,0,0,0,1626,80,UDPFlood,Hping3,Malicious,1
1370,UE_3,udp,127.5,-42.31,51.52,5.202,5.202,121,62,59,19568,9963,9605,160.7,162.8,23.26,11.92,11.34,30093.04,64,64,0,0,0,0,0,467,0,0,Benign,None,Benign,0
4928,UE_10,tcp,440.7,-53.73,39.59,29.77,29.77,21,11,10,819,419,400,38.1,40,0.71,0.37,0.34,220.09,64,64,512,16384,0.0871,0.0523,0.0348,128,0,0,SlowrateDoS,Slowloris,Malicious,1
4636,UE_10,tcp,440.7,-54.36,38.61,63.13,63.13,23,19,4,667,507,160,26.7,40,0.36,0.3,0.06,84.52,64,64,512,16384,0.1672,0.1003,0.0669,128,0,0,SlowrateDoS,Slowloris,Malicious,1
4679,UE_10,tcp,440.7,-54.18,38.87,60.29,60.29,23,14,9,917,557,360,39.8,40,0.38,0.23,0.15,121.68,64,64,512,16384,0.2278,0.1367,0.0911,128,0,0,SlowrateDoS,Slowloris,Malicious,1
1840,UE_4,udp,116.4,-40.66,52.62,0.245,0.245,6,4,2,384,272,112,68.1,56.1,24.49,16.33,8.16,12538.78,64,64,0,0,0,0,0,316,0,0,Benign,None,Benign,0
2569,UE_6,tcp,321,-50.94,40.27,3.249,3.249,50,28,22,20088,10982,9106,392.2,413.9,15.39,8.62,6.77,49462.6,64,64,65535,65535,0.0274,0.0137,0.0137,385,1,0.05,Benign,None,Benign,0
3629,UE_8,udp,403.8,-53.25,40.48,0.598,0.598,812,812,0,715372,715372,0,881,0,1357.86,1357.86,0,9570193.98,64,0,0,0,0,0,0,0,650,80,UDPFlood,Hping3,Malicious,1
3093,UE_7,tcp,413,-60.33,33.67,0.0627,0.0627,461,461,0,18440,18440,0,40,0,7352.47,7352.47,0,2352791.07,128,0,1024,0,0,0,0,0,461,100,SYNFlood,Hping3,Malicious,1
4999,UE_10,tcp,440.7,-54.04,38.85,36.4,36.4,20,11,9,716,356,360,32.4,40,0.55,0.3,0.25,157.36,64,64,512,16384,0.1882,0.1129,0.0753,128,0,0,SlowrateDoS,Slowloris,Malicious,1
4774,UE_10,tcp,440.7,-54.25,39.06,51.64,51.64,25,14,11,846,406,440,29,40,0.48,0.27,0.21,131.06,64,64,512,16384,0.1558,0.0935,0.0623,128,0,0,SlowrateDoS,Slowloris,Malicious,1
3553,UE_8,udp,403.8,-53.16,39.7,0.555,0.555,2282,2282,0,1423740,1423740,0,623.9,0,4111.71,4111.71,0,20522378.38,64,0,0,0,0,0,0,0,1826,80,UDPFlood,Hping3,Malicious,1
3072,UE_7,tcp,413,-59.43,34.21,0.1049,0.1049,507,507,0,20280,20280,0,40,0,4833.17,4833.17,0,1546615.82,128,0,1024,0,0,0,0,0,507,100,SYNFlood,Hping3,Malicious,1
4775,UE_10,tcp,440.7,-54.66,40.31,45.88,45.88,16,10,6,493,253,240,25.3,40,0.35,0.22,0.13,85.96,64,64,512,16384,0.0842,0.0505,0.0337,128,0,0,SlowrateDoS,Slowloris,Malicious,1
3124,UE_7,tcp,413,-59.64,34.09,0.071,0.071,757,757,0,30280,30280,0,40,0,10661.97,10661.97,0,3411830.99,128,0,1024,0,0,0,0,0,757,100,SYNFlood,Hping3,Malicious,1
900,UE_2,tcp,235.5,-52.44,41.54,3.761,3.761,467,40,427,603005,4564,598441,114.1,1401.5,124.17,10.64,113.53,1282648.23,64,64,131072,131072,0.0179,0.009,0.009,458,0,0,Benign,None,Benign,0
203,UE_1,tcp,146.1,-44.68,49.12,2.349,2.349,66,20,46,42321,4090,38231,204.5,831.1,28.1,8.51,19.58,144132.82,64,64,65535,65535,0.0304,0.0152,0.0152,455,1,0.05,Benign,None,Benign,0
4153,UE_9,tcp,409.2,-54.67,39.08,0.0054,0.0054,1,1,0,44,44,0,44,0,185.19,185.19,0,65185.19,48,0,1024,0,0,0,0,0,1,100,SYNScan,Nmap,Malicious,1
2061,UE_5,tcp,309,-52.46,41.14,8.983,8.983,390,43,347,509372,2752,506620,64,1460,43.42,4.79,38.63,453631.97,64,64,262144,262144,0.0123,0.0062,0.0062,275,1,0.05,Benign,None,Benign,0
546,UE_2,tcp,235.5,-52.79,41.12,7.054,7.054,221,56,165,224105,5001,219104,89.3,1327.9,31.33,7.94,23.39,254159.34,64,64,131072,131072,0.0162,0.0081,0.0081,470,0,0,Benign,None,Benign,0
2738,UE_6,tcp,321,-51.3,39.67,1.404,1.404,53,21,32,23301,9912,13389,472,418.4,37.75,14.96,22.79,132769.23,64,64,65535,65535,0.0255,0.0128,0.0128,436,0,0,Benign,None,Benign,0
3906,UE_8,udp,403.8,-52.09,41.66,0.211,0.211,618,618,0,344968,344968,0,558.2,0,2928.91,2928.91,0,13079355.45,64,0,0,0,0,0,0,0,494,80,UDPFlood,Hping3,Malicious,1
924,UE_2,tcp,235.5,-51.7,41.67,9.547,9.547,264,35,229,328696,3493,325203,99.8,1420.1,27.65,3.67,23.99,275433.96,64,64,131072,131072,0.0201,0.0101,0.0101,465,1,0.05,Benign,None,Benign,0
1651,UE_4,udp,116.4,-40.7,52.27,0.159,0.159,3,1,2,201,80,121,79.7,60.4,18.87,6.29,12.58,10113.21,64,64,0,0,0,0,0,182,0,0,Benign,None,Benign,0
3717,UE_8,udp,403.8,-51.87,40.62,0.369,0.369,594,594,0,566082,566082,0,953,0,1609.76,1609.76,0,12272780.49,64,0,0,0,0,0,0,0,475,80,UDPFlood,Hping3,Malicious,1
4969,UE_10,tcp,440.7,-54,39.35,42.02,42.02,21,15,6,672,432,240,28.8,40,0.5,0.36,0.14,127.94,64,64,512,16384,0.0951,0.0571,0.038,128,0,0,SlowrateDoS,Slowloris,Malicious,1
4567,UE_10,tcp,440.7,-53.86,39.31,45.96,45.96,28,17,11,1028,588,440,34.6,40,0.61,0.37,0.24,178.94,64,64,512,16384,0.2266,0.136,0.0906,128,0,0,SlowrateDoS,Slowloris,Malicious,1
1073,UE_3,udp,127.5,-42.21,51.25,2.973,2.973,174,87,87,29250,14225,15025,163.5,172.7,58.53,29.26,29.26,78708.38,64,64,0,0,0,0,0,469,1,0.05,Benign,None,Benign,0
2123,UE_5,tcp,309,-53.81,39.57,4.312,4.312,890,93,797,1169572,5952,1163620,64,1460,206.4,21.57,184.83,2169892.39,64,64,262144,262144,0.0218,0.0109,0.0109,238,0,0,Benign,None,Benign,0
2349,UE_5,tcp,309,-52.54,39.42,7.831,7.831,787,57,730,1069448,3648,1065800,64,1460,100.5,7.28,93.22,1092527.65,64,64,262144,262144,0.0253,0.0127,0.0127,146,1,0.05,Benign,None,Benign,0
2807,UE_6,tcp,321,-50.91,40.34,0.834,0.834,69,39,30,29513,14489,15024,371.5,500.8,82.73,46.76,35.97,283098.32,64,64,65535,65535,0.0325,0.0163,0.0163,300,0,0,Benign,None,Benign,0
1417,UE_3,udp,127.5,-42.58,51.52,4.123,4.123,298,147,151,51267,24887,26380,169.3,174.7,72.28,35.65,36.62,99475.14,64,64,0,0,0,0,0,510,0,0,Benign,None,Benign,0
966,UE_2,tcp,235.5,-53.12,41.43,7.713,7.713,258,67,191,277925,7946,269979,118.6,1413.5,33.45,8.69,24.76,288266.56,64,64,131072,131072,0.0141,0.0071,0.0071,424,0,0,Benign,None,Benign,0
509,UE_2,tcp,235.5,-51.86,41.06,4.746,4.746,391,73,318,397180,7344,389836,100.6,1225.9,82.39,15.38,67,669498.53,64,64,131072,131072,0.0103,0.0052,0.0052,338,0,0,Benign,None,Benign,0
2626,UE_6,tcp,321,-52.15,39.18,3.054,3.054,61,39,22,27847,13642,14205,349.8,645.7,19.97,12.77,7.2,72945.65,64,64,65535,65535,0.0401,0.0201,0.0201,297,0,0,Benign,None,Benign,0
1581,UE_4,udp,116.4,-39.63,52.4,0.084,0.084,5,4,1,346,286,60,71.5,60.1,59.52,47.62,11.9,32952.38,64,64,0,0,0,0,0,190,0,0,Benign,None,Benign,0
2540,UE_6,tcp,321,-51.91,39.37,2.399,2.399,81,41,40,42773,15273,27500,372.5,687.5,33.76,17.09,16.67,142636.1,64,64,65535,65535,0.0423,0.0212,0.0212,511,0,0,Benign,None,Benign,0
4504,UE_10,tcp,440.7,-53.84,39.22,57.49,57.49,18,14,4,685,525,160,37.5,40,0.31,0.24,0.07,95.32,64,64,512,16384,0.1621,0.0973,0.0648,128,0,0,SlowrateDoS,Slowloris,Malicious,1
2522,UE_6,tcp,321,-50.85,39.17,3.292,3.292,57,37,20,26606,12776,13830,345.3,691.5,17.31,11.24,6.08,64656.14,64,64,65535,65535,0.0402,0.0201,0.0201,128,1,0.05,Benign,None,Benign,0
3928,UE_8,udp,403.8,-52.45,40.42,0.327,0.327,1491,1491,0,958713,958713,0,643,0,4559.63,4559.63,0,23454752.29,64,0,0,0,0,0,0,0,1193,80,UDPFlood,Hping3,Malicious,1
71,UE_1,tcp,146.1,-43.92,48.34,3.681,3.681,41,15,26,33886,2496,31390,166.4,1207.3,11.14,4.07,7.06,73645.21,64,64,65535,65535,0.035,0.0175,0.0175,452,0,0,Benign,None,Benign,0
3403,UE_7,tcp,413,-59.71,33.56,0.0715,0.0715,974,974,0,38960,38960,0,40,0,13622.38,13622.38,0,4359160.84,128,0,1024,0,0,0,0,0,974,100,SYNFlood,Hping3,Malicious,1
2303,UE_5,tcp,309,-53.74,39.64,6.219,6.219,620,91,529,778164,5824,772340,64,1460,99.69,14.63,85.06,1001014.95,64,64,262144,262144,0.0232,0.0116,0.0116,236,0,0,Benign,None,Benign,0
1500,UE_3,udp,127.5,-42.37,51.14,2.775,2.775,294,149,145,49059,25598,23461,171.8,161.8,105.95,53.69,52.25,141431.35,64,64,0,0,0,0,0,289,1,0.05,Benign,None,Benign,0
1522,UE_4,udp,116.4,-39.38,53.4,0.166,0.166,4,2,2,288,175,113,87.7,56.6,24.1,12.05,12.05,13879.52,64,64,0,0,0,0,0,496,1,0.05,Benign,None,Benign,0
1213,UE_3,udp,127.5,-42.16,51.48,4.874,4.874,286,145,141,48917,23650,25267,163.1,179.2,58.68,29.75,28.93,80290.52,64,64,0,0,0,0,0,234,0,0,Benign,None,Benign,0
1311,UE_3,udp,127.5,-43.27,51.94,4.332,4.332,207,105,102,36348,18386,17962,175.1,176.1,47.78,24.24,23.55,67124.65,64,64,0,0,0,0,0,295,0,0,Benign,None,Benign,0
2514,UE_6,tcp,321,-52.91,39.47,2.151,2.151,52,22,30,25016,10850,14166,493.2,472.2,24.17,10.23,13.95,93039.52,64,64,65535,65535,0.0425,0.0213,0.0213,415,0,0,Benign,None,Benign,0
1499,UE_3,udp,127.5,-41.95,51.66,5.928,5.928,200,102,98,33390,16769,16621,164.4,169.6,33.74,17.21,16.53,45060.73,64,64,0,0,0,0,0,259,0,0,Benign,None,Benign,0
1710,UE_4,udp,116.4,-40.31,52.04,0.136,0.136,4,2,2,302,190,112,94.9,56.2,29.41,14.71,14.71,17764.71,64,64,0,0,0,0,0,432,0,0,Benign,None,Benign,0
3658,UE_8,udp,403.8,-51.98,41.06,0.515,0.515,2250,2250,0,1963575,1963575,0,872.7,0,4368.93,4368.93,0,30502135.92,64,0,0,0,0,0,0,0,1800,80,UDPFlood,Hping3,Malicious,1
4543,UE_10,tcp,440.7,-54.32,39.72,61.16,61.16,23,11,12,854,374,480,34,40,0.38,0.18,0.2,111.71,64,64,512,16384,0.2117,0.127,0.0847,128,0,0,SlowrateDoS,Slowloris,Malicious,1
4555,UE_10,tcp,440.7,-54.3,39.33,40.78,40.78,23,17,6,794,554,240,32.6,40,0.56,0.42,0.15,155.76,64,64,512,16384,0.2293,0.1376,0.0917,128,0,0,SlowrateDoS,Slowloris,Malicious,1
28,UE_1,tcp,146.1,-44.61,47.84,1.363,1.363,49,26,23,28546,4035,24511,155.2,1065.7,35.95,19.08,16.87,167548.06,64,64,65535,65535,0.0312,0.0156,0.0156,329,1,0.05,Benign,None,Benign,0
1602,UE_4,udp,116.4,-39.54,52.69,0.238,0.238,5,3,2,374,266,108,88.5,54.1,21.01,12.61,8.4,12571.43,64,64,0,0,0,0,0,393,0,0,Benign,None,Benign,0
4960,UE_10,tcp,440.7,-53.24,38.75,27.27,27.27,20,14,6,639,399,240,28.5,40,0.73,0.51,0.22,187.46,64,64,512,16384,0.0931,0.0559,0.0372,128,0,0,SlowrateDoS,Slowloris,Malicious,1
625,UE_2,tcp,235.5,-52.08,40.68,4.492,4.492,352,69,283,403710,6859,396851,99.4,1402.3,78.36,15.36,63,718984.86,64,64,131072,131072,0.0176,0.0088,0.0088,160,1,0.05,Benign,None,Benign,0
2936,UE_6,tcp,321,-51.42,39.27,1.744,1.744,55,25,30,24553,12115,12438,484.6,414.6,31.54,14.33,17.2,112628.44,64,64,65535,65535,0.0311,0.0156,0.0156,335,1,0.05,Benign,None,Benign,0
4509,UE_10,tcp,440.7,-53.75,39.76,63.54,63.54,15,11,4,585,425,160,38.6,40,0.24,0.17,0.06,73.65,64,64,512,16384,0.1188,0.0713,0.0475,128,0,0,SlowrateDoS,Slowloris,Malicious,1
2331,UE_5,tcp,309,-53.36,39.09,12.966,12.966,835,97,738,1083688,6208,1077480,64,1460,64.4,7.48,56.92,668633.66,64,64,262144,262144,0.0204,0.0102,0.0102,264,1,0.05,Benign,None,Benign,0
4243,UE_9,tcp,409.2,-54.39,38.57,0.0043,0.0043,1,1,0,44,44,0,44,0,232.56,232.56,0,81860.47,58,0,1024,0,0,0,0,0,1,100,SYNScan,Nmap,Malicious,1
2353,UE_5,tcp,309,-52.83,40.65,5.391,5.391,862,78,784,1149632,4992,1144640,64,1460,159.9,14.47,145.43,1706001.85,64,64,262144,262144,0.0265,0.0133,0.0133,156,0,0,Benign,None,Benign,0
741,UE_2,tcp,235.5,-52.3,40.63,8.693,8.693,397,63,334,477726,5884,471842,93.4,1412.7,45.67,7.25,38.42,439642.01,64,64,131072,131072,0.0108,0.0054,0.0054,271,0,0,Benign,None,Benign,0
1883,UE_4,udp,116.4,-40.3,52.64,0.237,0.237,3,1,2,209,90,119,90.3,59.3,12.66,4.22,8.44,7054.85,64,64,0,0,0,0,0,181,0,0,Benign,None,Benign,0
1404,UE_3,udp,127.5,-42.34,50.86,2.572,2.572,116,58,58,19685,10150,9535,175,164.4,45.1,22.55,22.55,61228.62,64,64,0,0,0,0,0,342,1,0.05,Benign,None,Benign,0
1393,UE_3,udp,127.5,-43.44,51.19,3.123,3.123,97,51,46,16291,8655,7636,169.7,166,31.06,16.33,14.73,41731.67,64,64,0,0,0,0,0,415,0,0,Benign,None,Benign,0
480,UE_1,tcp,146.1,-44.33,47.42,0.659,0.659,76,17,59,61768,4172,57596,245.4,976.2,115.33,25.8,89.53,749839.15,64,64,65535,65535,0.0163,0.0082,0.0082,273,0,0,Benign,None,Benign,0
1015,UE_3,udp,127.5,-41.14,51.93,2.171,2.171,200,102,98,33249,16942,16307,166.1,166.4,92.12,46.98,45.14,122520.5,64,64,0,0,0,0,0,421,0,0,Benign,None,Benign,0
3387,UE_7,tcp,413,-59.1,34.24,0.1038,0.1038,893,893,0,35720,35720,0,40,0,8603.08,8603.08,0,2752986.51,128,0,1024,0,0,0,0,0,893,100,SYNFlood,Hping3,Malicious,1
2781,UE_6,tcp,321,-51.5,40.22,1.651,1.651,52,24,28,24372,8846,15526,368.6,554.5,31.5,14.54,16.96,118095.7,64,64,65535,65535,0.0414,0.0207,0.0207,352,0,0,Benign,None,Benign,0
714,UE_2,tcp,235.5,-52.48,40.93,8.502,8.502,246,57,189,278918,6304,272614,110.6,1442.4,28.93,6.7,22.23,262449.31,64,64,131072,131072,0.0289,0.0145,0.0145,322,0,0,Benign,None,Benign,0
3513,UE_8,udp,403.8,-52.09,40.77,0.513,0.513,1514,1514,0,1193940,1193940,0,788.6,0,2951.27,2951.27,0,18618947.37,64,0,0,0,0,0,0,0,1211,80,UDPFlood,Hping3,Malicious,1
4846,UE_10,tcp,440.7,-53.24,39.88,57.01,57.01,24,14,10,898,498,400,35.6,40,0.42,0.25,0.18,126.01,64,64,512,16384,0.0813,0.0488,0.0325,128,0,0,SlowrateDoS,Slowloris,Malicious,1
1384,UE_3,udp,127.5,-42.33,50.57,2.874,2.874,264,130,134,44293,21593,22700,166.1,169.4,91.86,45.23,46.62,123292.97,64,64,0,0,0,0,0,305,0,0,Benign,None,Benign,0
2913,UE_6,tcp,321,-51.75,39.25,3.102,3.102,61,17,44,34755,6445,28310,379.1,643.4,19.66,5.48,14.18,89632.5,64,64,65535,65535,0.0328,0.0164,0.0164,249,0,0,Benign,None,Benign,0
2576,UE_6,tcp,321,-51.57,40.05,3.27,3.27,84,36,48,31733,11650,20083,323.6,418.4,25.69,11.01,14.68,77634.25,64,64,65535,65535,0.0278,0.0139,0.0139,380,0,0,Benign,None,Benign,0
3804,UE_8,udp,403.8,-51.09,40.48,0.297,0.297,1096,1096,0,922503,922503,0,841.7,0,3690.24,3690.24,0,24848565.66,64,0,0,0,0,0,0,0,877,80,UDPFlood,Hping3,Malicious,1
4046,UE_9,tcp,409.2,-55.93,38.97,0.005,0.005,1,1,0,44,44,0,44,0,200,200,0,70400,54,0,1024,0,0,0,0,0,1,100,SYNScan,Nmap,Malicious,1
3192,UE_7,tcp,413,-59.71,34.54,0.0851,0.0851,817,817,0,32680,32680,0,40,0,9600.47,9600.47,0,3072150.41,128,0,1024,0,0,0,0,0,817,100,SYNFlood,Hping3,Malicious,1
1289,UE_3,udp,127.5,-42.31,51.71,4.727,4.727,151,74,77,25878,12950,12928,175,167.9,31.94,15.65,16.29,43796.07,64,64,0,0,0,0,0,241,1,0.05,Benign,None,Benign,0
3399,UE_7,tcp,413,-59.36,34.37,0.0975,0.0975,732,732,0,29280,29280,0,40,0,7507.69,7507.69,0,2402461.54,128,0,1024,0,0,0,0,0,732,100,SYNFlood,Hping3,Malicious,1
3734,UE_8,udp,403.8,-52.26,41.22,0.249,0.249,2312,2312,0,1247324,1247324,0,539.5,0,9285.14,9285.14,0,40074666.67,64,0,0,0,0,0,0,0,1850,80,UDPFlood,Hping3,Malicious,1
3743,UE_8,udp,403.8,-51.33,40.26,0.299,0.299,2470,2470,0,2515201,2515201,0,1018.3,0,8260.87,8260.87,0,67296347.83,64,0,0,0,0,0,0,0,1976,80,UDPFlood,Hping3,Malicious,1
3652,UE_8,udp,403.8,-52.29,41.07,0.499,0.499,1252,1252,0,934117,934117,0,746.1,0,2509.02,2509.02,0,14975823.65,64,0,0,0,0,0,0,0,1002,80,UDPFlood,Hping3,Malicious,1
4021,UE_9,tcp,409.2,-55.52,38.58,0.0014,0.0014,1,1,0,44,44,0,44,0,714.29,714.29,0,251428.57,50,0,1024,0,0,0,0,0,1,100,SYNScan,Nmap,Malicious,1
3909,UE_8,udp,403.8,-51.47,41.15,0.107,0.107,963,963,0,791779,791779,0,822.2,0,9000,9000,0,59198429.91,64,0,0,0,0,0,0,0,770,80,UDPFlood,Hping3,Malicious,1
304,UE_1,tcp,146.1,-44.8,48.56,1.752,1.752,61,17,44,60052,4022,56030,236.6,1273.4,34.82,9.7,25.11,274210.05,64,64,65535,65535,0.0182,0.0091,0.0091,400,0,0,Benign,None,Benign,0
2578,UE_6,tcp,321,-51.6,39.85,2.58,2.58,57,37,20,27370,14030,13340,379.2,667,22.09,14.34,7.75,84868.22,64,64,65535,65535,0.033,0.0165,0.0165,341,0,0,Benign,None,Benign,0
447,UE_1,tcp,146.1,-45.08,48.29,0.596,0.596,83,25,58,64261,4185,60076,167.4,1035.8,139.26,41.95,97.32,862563.76,64,64,65535,65535,0.0177,0.0089,0.0089,237,1,0.05,Benign,None,Benign,0
745,UE_2,tcp,235.5,-52.96,40.17,5.32,5.32,378,46,332,476034,5391,470643,117.2,1417.6,71.05,8.65,62.41,715840.6,64,64,131072,131072,0.0299,0.015,0.015,342,1,0.05,Benign,None,Benign,0
4353,UE_9,tcp,409.2,-54.41,39.15,0.0029,0.0029,1,1,0,44,44,0,44,0,344.83,344.83,0,121379.31,52,0,1024,0,0,0,0,0,1,100,SYNScan,Nmap,Malicious,1
3405,UE_7,tcp,413,-59.6,34.29,0.083,0.083,570,570,0,22800,22800,0,40,0,6867.47,6867.47,0,2197590.36,128,0,1024,0,0,0,0,0,570,100,SYNFlood,Hping3,Malicious,1
3123,UE_7,tcp,413,-59.16,34.08,0.0865,0.0865,262,262,0,10480,10480,0,40,0,3028.9,3028.9,0,969248.55,128,0,1024,0,0,0,0,0,262,100,SYNFlood,Hping3,Malicious,1
4755,UE_10,tcp,440.7,-53.85,39.12,27.06,27.06,21,12,9,804,444,360,37,40,0.78,0.44,0.33,237.69,64,64,512,16384,0.2243,0.1346,0.0897,128,0,0,SlowrateDoS,Slowloris,Malicious,1
836,UE_2,tcp,235.5,-52.63,39.91,6.565,6.565,263,68,195,253848,6997,246851,102.9,1265.9,40.06,10.36,29.7,309334.96,64,64,131072,131072,0.0146,0.0073,0.0073,146,1,0.05,Benign,None,Benign,0
2266,UE_5,tcp,309,-54.42,39.73,12.792,12.792,571,47,524,768048,3008,765040,64,1460,44.64,3.67,40.96,480330.21,64,64,262144,262144,0.026,0.013,0.013,233,0,0,Benign,None,Benign,0
849,UE_2,tcp,235.5,-52.66,40.99,5.105,5.105,459,34,425,584455,2842,581613,83.6,1368.5,89.91,6.66,83.25,915894.22,64,64,131072,131072,0.0183,0.0092,0.0092,437,0,0,Benign,None,Benign,0
3211,UE_7,tcp,413,-59.41,33.23,0.0181,0.0181,471,471,0,18840,18840,0,40,0,26022.1,26022.1,0,8327071.82,128,0,1024,0,0,0,0,0,471,100,SYNFlood,Hping3,Malicious,1
1296,UE_3,udp,127.5,-41.76,51.51,3.914,3.914,195,99,96,33452,17612,15840,177.9,165,49.82,25.29,24.53,68374.04,64,64,0,0,0,0,0,416,0,0,Benign,None,Benign,0
112,UE_1,tcp,146.1,-44.17,48.29,3.799,3.799,66,19,47,47800,3925,43875,206.6,933.5,17.37,5,12.37,100658.07,64,64,65535,65535,0.0414,0.0207,0.0207,313,0,0,Benign,None,Benign,0
4546,UE_10,tcp,440.7,-53.33,38.97,52.54,52.54,20,14,6,639,399,240,28.5,40,0.38,0.27,0.11,97.3,64,64,512,16384,0.2193,0.1316,0.0877,128,0,0,SlowrateDoS,Slowloris,Malicious,1
736,UE_2,tcp,235.5,-52.92,41.35,4.438,4.438,214,39,175,223160,4235,218925,108.6,1251,48.22,8.79,39.43,402271.29,64,64,131072,131072,0.0238,0.0119,0.0119,314,0,0,Benign,None,Benign,0
3925,UE_8,udp,403.8,-52.61,39.61,0.558,0.558,1872,1872,0,1619467,1619467,0,865.1,0,3354.84,3354.84,0,23218164.87,64,0,0,0,0,0,0,0,1498,80,UDPFlood,Hping3,Malicious,1
4410,UE_9,tcp,409.2,-54.91,39.42,0.0035,0.0035,1,1,0,44,44,0,44,0,285.71,285.71,0,100571.43,58,0,1024,0,0,0,0,0,1,100,SYNScan,Nmap,Malicious,1
4428,UE_9,tcp,409.2,-55.03,38.74,0.0023,0.0023,1,1,0,44,44,0,44,0,434.78,434.78,0,153043.48,53,0,1024,0,0,0,0,0,1,100,SYNScan,Nmap,Malicious,1
4451,UE_9,tcp,409.2,-54.92,38.94,0.0025,0.0025,1,1,0,44,44,0,44,0,400,400,0,140800,51,0,1024,0,0,0,0,0,1,100,SYNScan,Nmap,Malicious,1
3690,UE_8,udp,403.8,-51.64,40.76,0.237,0.237,2406,2406,0,2174302,2174302,0,903.7,0,10151.9,10151.9,0,73394160.34,64,0,0,0,0,0,0,0,1925,80,UDPFlood,Hping3,Malicious,1
2778,UE_6,tcp,321,-51.37,39.74,1.044,1.044,56,34,22,24332,12736,11596,374.6,527.1,53.64,32.57,21.07,186452.11,64,64,65535,65535,0.0337,0.0169,0.0169,478,0,0,Benign,None,Benign,0
722,UE_2,tcp,235.5,-52.15,41.08,9,9,223,45,178,246617,4964,241653,110.3,1357.6,24.78,5,19.78,219215.11,64,64,131072,131072,0.0214,0.0107,0.0107,137,0,0,Benign,None,Benign,0
3518,UE_8,udp,403.8,-51.85,40.82,0.32,0.32,1426,1426,0,1426856,1426856,0,1000.6,0,4456.25,4456.25,0,35671400,64,0,0,0,0,0,0,0,1141,80,UDPFlood,Hping3,Malicious,1
131,UE_1,tcp,146.1,-43.98,48.39,3.377,3.377,75,15,60,71225,3713,67512,247.5,1125.2,22.21,4.44,17.77,168729.64,64,64,65535,65535,0.021,0.0105,0.0105,319,0,0,Benign,None,Benign,0
3818,UE_8,udp,403.8,-51.64,41.44,0.574,0.574,1045,1045,0,1023264,1023264,0,979.2,0,1820.56,1820.56,0,14261519.16,64,0,0,0,0,0,0,0,836,80,UDPFlood,Hping3,Malicious,1
3656,UE_8,udp,403.8,-52.93,40.54,0.118,0.118,1501,1501,0,1071864,1071864,0,714.1,0,12720.34,12720.34,0,72668745.76,64,0,0,0,0,0,0,0,1201,80,UDPFlood,Hping3,Malicious,1
4630,UE_10,tcp,440.7,-53.7,39.28,29.12,29.12,17,12,5,638,438,200,36.5,40,0.58,0.41,0.17,175.27,64,64,512,16384,0.1851,0.1111,0.074,128,0,0,SlowrateDoS,Slowloris,Malicious,1
3545,UE_8,udp,403.8,-52.08,41.2,0.41,0.41,2163,2163,0,2033220,2033220,0,940,0,5275.61,5275.61,0,39672585.37,64,0,0,0,0,0,0,0,1730,80,UDPFlood,Hping3,Malicious,1
1180,UE_3,udp,127.5,-41.84,50.96,3.854,3.854,259,127,132,42984,20980,22004,165.2,166.7,67.2,32.95,34.25,89224.7,64,64,0,0,0,0,0,379,0,0,Benign,None,Benign,0
3443,UE_7,tcp,413,-60.42,33.87,0.0936,0.0936,662,662,0,26480,26480,0,40,0,7072.65,7072.65,0,2263247.86,128,0,1024,0,0,0,0,0,662,100,SYNFlood,Hping3,Malicious,1
1978,UE_4,udp,116.4,-39.8,52.21,0.163,0.163,6,4,2,457,345,112,86.2,55.9,36.81,24.54,12.27,22429.45,64,64,0,0,0,0,0,224,0,0,Benign,None,Benign,0
1453,UE_3,udp,127.5,-41.25,52.07,1.077,1.077,116,60,56,19496,10458,9038,174.3,161.4,107.71,55.71,52,144817.08,64,64,0,0,0,0,0,361,1,0.05,Benign,None,Benign,0
1783,UE_4,udp,116.4,-40.28,52.57,0.197,0.197,2,1,1,125,69,56,68.7,56.1,10.15,5.08,5.08,5076.14,64,64,0,0,0,0,0,454,1,0.05,Benign,None,Benign,0
3992,UE_8,udp,403.8,-52.05,41.05,0.549,0.549,1419,1419,0,732630,732630,0,516.3,0,2584.7,2584.7,0,10675846.99,64,0,0,0,0,0,0,0,1135,80,UDPFlood,Hping3,Malicious,1
2370,UE_5,tcp,309,-52.51,40.09,10.188,10.188,379,59,320,470976,3776,467200,64,1460,37.2,5.79,31.41,369828.03,64,64,262144,262144,0.0242,0.0121,0.0121,355,0,0,Benign,None,Benign,0
560,UE_2,tcp,235.5,-52.25,40.2,8.556,8.556,301,46,255,328961,4779,324182,103.9,1271.3,35.18,5.38,29.8,307583.92,64,64,131072,131072,0.0105,0.0053,0.0053,146,0,0,Benign,None,Benign,0
4913,UE_10,tcp,440.7,-54.1,39.21,27.38,27.38,27,19,8,1000,680,320,35.8,40,0.99,0.69,0.29,292.18,64,64,512,16384,0.0822,0.0493,0.0329,128,0,0,SlowrateDoS,Slowloris,Malicious,1
2532,UE_6,tcp,321,-51.75,40.28,2.727,2.727,66,39,27,24480,12028,12452,308.4,461.2,24.2,14.3,9.9,71815.18,64,64,65535,65535,0.025,0.0125,0.0125,442,0,0,Benign,None,Benign,0
4045,UE_9,tcp,409.2,-54.48,39.26,0.0012,0.0012,1,1,0,44,44,0,44,0,833.33,833.33,0,293333.33,58,0,1024,0,0,0,0,0,1,100,SYNScan,Nmap,Malicious,1
2581,UE_6,tcp,321,-50.97,39.87,3.069,3.069,86,42,44,38256,16590,21666,395,492.4,28.02,13.69,14.34,99722.39,64,64,65535,65535,0.0327,0.0164,0.0164,429,1,0.05,Benign,None,Benign,0
3775,UE_8,udp,403.8,-52.35,40.82,0.264,0.264,2254,2254,0,2151894,2151894,0,954.7,0,8537.88,8537.88,0,65208909.09,64,0,0,0,0,0,0,0,1803,80,UDPFlood,Hping3,Malicious,1
1571,UE_4,udp,116.4,-39.76,52.8,0.051,0.051,2,1,1,136,75,61,75.2,61.3,39.22,19.61,19.61,21333.33,64,64,0,0,0,0,0,510,1,0.05,Benign,None,Benign,0
2980,UE_6,tcp,321,-51.45,39.4,2.093,2.093,65,21,44,32816,7556,25260,359.8,574.1,31.06,10.03,21.02,125431.44,64,64,65535,65535,0.0268,0.0134,0.0134,258,0,0,Benign,None,Benign,0
2610,UE_6,tcp,321,-50.98,40.09,2.414,2.414,63,29,34,27058,11081,15977,382.1,469.9,26.1,12.01,14.08,89670.26,64,64,65535,65535,0.0297,0.0149,0.0149,251,1,0.05,Benign,None,Benign,0
1464,UE_3,udp,127.5,-41.52,50.77,1.41,1.41,190,93,97,32894,15764,17130,169.5,176.6,134.75,65.96,68.79,186632.62,64,64,0,0,0,0,0,493,0,0,Benign,None,Benign,0
2319,UE_5,tcp,309,-52.45,40.1,6.421,6.421,932,54,878,1285336,3456,1281880,64,1460,145.15,8.41,136.74,1601415.36,64,64,262144,262144,0.0218,0.0109,0.0109,132,0,0,Benign,None,Benign,0
4581,UE_10,tcp,440.7,-54.41,40.14,43.5,43.5,17,13,4,482,322,160,24.8,40,0.39,0.3,0.09,88.64,64,64,512,16384,0.1803,0.1082,0.0721,128,0,0,SlowrateDoS,Slowloris,Malicious,1
1373,UE_3,udp,127.5,-42.25,51.24,2.675,2.675,260,128,132,43717,21594,22123,168.7,167.6,97.2,47.85,49.35,130742.43,64,64,0,0,0,0,0,278,1,0.05,Benign,None,Benign,0
129,UE_1,tcp,146.1,-43.75,48.02,4.079,4.079,77,24,53,64140,4685,59455,195.2,1121.8,18.88,5.88,12.99,125795.54,64,64,65535,65535,0.0308,0.0154,0.0154,441,0,0,Benign,None,Benign,0
2033,UE_5,tcp,309,-52.85,39.67,3.127,3.127,722,95,627,921500,6080,915420,64,1460,230.89,30.38,200.51,2357531.18,64,64,262144,262144,0.025,0.0125,0.0125,410,0,0,Benign,None,Benign,0
2879,UE_6,tcp,321,-52.75,39.98,1.986,1.986,66,41,25,25356,14346,11010,349.9,440.4,33.23,20.64,12.59,102138.97,64,64,65535,65535,0.0399,0.02,0.02,411,1,0.05,Benign,None,Benign,0
459,UE_1,tcp,146.1,-44.25,49.33,2.502,2.502,66,26,40,42452,4212,38240,162,956,26.38,10.39,15.99,135737.81,64,64,65535,65535,0.0391,0.0196,0.0196,390,0,0,Benign,None,Benign,0
3559,UE_8,udp,403.8,-52.45,40.74,0.464,0.464,2002,2002,0,1256655,1256655,0,627.7,0,4314.66,4314.66,0,21666465.52,64,0,0,0,0,0,0,0,1602,80,UDPFlood,Hping3,Malicious,1
1626,UE_4,udp,116.4,-41.3,52.44,0.13,0.13,3,1,2,192,66,126,66.3,62.8,23.08,7.69,15.38,11815.38,64,64,0,0,0,0,0,267,1,0.05,Benign,None,Benign,0
3408,UE_7,tcp,413,-59.27,34.61,0.0842,0.0842,603,603,0,24120,24120,0,40,0,7161.52,7161.52,0,2291686.46,128,0,1024,0,0,0,0,0,603,100,SYNFlood,Hping3,Malicious,1
3260,UE_7,tcp,413,-60.05,34.35,0.0312,0.0312,435,435,0,17400,17400,0,40,0,13942.31,13942.31,0,4461538.46,128,0,1024,0,0,0,0,0,435,100,SYNFlood,Hping3,Malicious,1
3359,UE_7,tcp,413,-60.3,33.8,0.0304,0.0304,484,484,0,19360,19360,0,40,0,15921.05,15921.05,0,5094736.84,128,0,1024,0,0,0,0,0,484,100,SYNFlood,Hping3,Malicious,1
3498,UE_7,tcp,413,-60.06,33.98,0.0109,0.0109,625,625,0,25000,25000,0,40,0,57339.45,57339.45,0,18348623.85,128,0,1024,0,0,0,0,0,625,100,SYNFlood,Hping3,Malicious,1
654,UE_2,tcp,235.5,-52.87,41.34,5.072,5.072,448,73,375,468111,6636,461475,90.9,1230.6,88.33,14.39,73.94,738345.43,64,64,131072,131072,0.015,0.0075,0.0075,302,0,0,Benign,None,Benign,0
4386,UE_9,tcp,409.2,-55.5,38.38,0.0038,0.0038,1,1,0,44,44,0,44,0,263.16,263.16,0,92631.58,54,0,1024,0,0,0,0,0,1,100,SYNScan,Nmap,Malicious,1
2383,UE_5,tcp,309,-52.83,39.36,4.26,4.26,785,90,695,1020460,5760,1014700,64,1460,184.27,21.13,163.15,1916356.81,64,64,262144,262144,0.013,0.0065,0.0065,153,0,0,Benign,None,Benign,0
4939,UE_10,tcp,440.7,-53.48,39.82,48.94,48.94,31,20,11,1110,670,440,33.5,40,0.63,0.41,0.22,181.45,64,64,512,16384,0.2159,0.1295,0.0864,128,0,0,SlowrateDoS,Slowloris,Malicious,1
4351,UE_9,tcp,409.2,-55.04,38.45,0.0041,0.0041,2,1,1,84,44,40,44,40,487.8,243.9,243.9,163902.44,60,55,1024,0,0.0085,0,0,0,0,0,SYNScan,Nmap,Malicious,1
4018,UE_9,tcp,409.2,-54.99,38.91,0.0036,0.0036,1,1,0,44,44,0,44,0,277.78,277.78,0,97777.78,55,0,1024,0,0,0,0,0,1,100,SYNScan,Nmap,Malicious,1
518,UE_2,tcp,235.5,-52.69,41.05,3.827,3.827,272,32,240,301656,3168,298488,99,1243.7,71.07,8.36,62.71,630584.79,64,64,131072,131072,0.0171,0.0086,0.0086,299,1,0.05,Benign,None,Benign,0
79,UE_1,tcp,146.1,-44.32,48.25,4.202,4.202,45,21,24,34485,5219,29266,248.5,1219.4,10.71,5,5.71,65654.45,64,64,65535,65535,0.0187,0.0094,0.0094,411,1,0.05,Benign,None,Benign,0
4884,UE_10,tcp,440.7,-54.23,39.68,25.56,25.56,25,16,9,784,424,360,26.5,40,0.98,0.63,0.35,245.38,64,64,512,16384,0.1447,0.0868,0.0579,128,0,0,SlowrateDoS,Slowloris,Malicious,1
4198,UE_9,tcp,409.2,-54.66,39.26,0.0012,0.0012,1,1,0,44,44,0,44,0,833.33,833.33,0,293333.33,54,0,1024,0,0,0,0,0,1,100,SYNScan,Nmap,Malicious,1
4408,UE_9,tcp,409.2,-55.51,39.34,0.0052,0.0052,1,1,0,44,44,0,44,0,192.31,192.31,0,67692.31,55,0,1024,0,0,0,0,0,1,100,SYNScan,Nmap,Malicious,1
550,UE_2,tcp,235.5,-53.2,40.42,5.738,5.738,380,35,345,492294,4015,488279,114.7,1415.3,66.23,6.1,60.13,686363.19,64,64,131072,131072,0.0225,0.0113,0.0113,465,0,0,Benign,None,Benign,0
4564,UE_10,tcp,440.7,-54.71,40.74,59.62,59.62,29,19,10,905,505,400,26.6,40,0.49,0.32,0.17,121.44,64,64,512,16384,0.1652,0.0991,0.0661,128,0,0,SlowrateDoS,Slowloris,Malicious,1
1533,UE_4,udp,116.4,-40.05,51.4,0.166,0.166,3,2,1,240,185,55,92.5,55,18.07,12.05,6.02,11566.27,64,64,0,0,0,0,0,443,0,0,Benign,None,Benign,0
2911,UE_6,tcp,321,-52.21,40.34,2.269,2.269,57,25,32,28079,8095,19984,323.8,624.5,25.12,11.02,14.1,99000.44,64,64,65535,65535,0.035,0.0175,0.0175,197,0,0,Benign,None,Benign,0
175,UE_1,tcp,146.1,-44.61,48.05,4.068,4.068,86,34,52,65664,6171,59493,181.5,1144.1,21.14,8.36,12.78,129132.74,64,64,65535,65535,0.0281,0.0141,0.0141,304,1,0.05,Benign,None,Benign,0
2433,UE_5,tcp,309,-52.77,39.97,5.78,5.78,736,87,649,953108,5568,947540,64,1460,127.34,15.05,112.28,1319180.62,64,64,262144,262144,0.0266,0.0133,0.0133,351,1,0.05,Benign,None,Benign,0
4682,UE_10,tcp,440.7,-54.04,39.1,60.18,60.18,16,10,6,503,263,240,26.3,40,0.27,0.17,0.1,66.87,64,64,512,16384,0.0956,0.0574,0.0382,128,0,0,SlowrateDoS,Slowloris,Malicious,1
1835,UE_4,udp,116.4,-40.47,52.57,0.163,0.163,5,4,1,318,260,58,65.1,57.7,30.67,24.54,6.13,15607.36,64,64,0,0,0,0,0,270,0,0,Benign,None,Benign,0
2318,UE_5,tcp,309,-52.87,39.69,7.663,7.663,423,87,336,496128,5568,490560,64,1460,55.2,11.35,43.85,517946.5,64,64,262144,262144,0.0226,0.0113,0.0113,471,0,0,Benign,None,Benign,0
3680,UE_8,udp,403.8,-51.78,40.52,0.397,0.397,1250,1250,0,896750,896750,0,717.4,0,3148.61,3148.61,0,18070528.97,64,0,0,0,0,0,0,0,1000,80,UDPFlood,Hping3,Malicious,1
4130,UE_9,tcp,409.2,-55.33,38.29,0.0039,0.0039,2,1,1,84,44,40,44,40,512.82,256.41,256.41,172307.69,51,55,1024,0,0.0105,0,0,0,0,0,SYNScan,Nmap,Malicious,1
3536,UE_8,udp,403.8,-52.2,40.77,0.444,0.444,949,949,0,805986,805986,0,849.3,0,2137.39,2137.39,0,14522270.27,64,0,0,0,0,0,0,0,759,80,UDPFlood,Hping3,Malicious,1
1271,UE_3,udp,127.5,-42.42,51.23,3.34,3.34,297,149,148,49486,25643,23843,172.1,161.1,88.92,44.61,44.31,118529.34,64,64,0,0,0,0,0,433,0,0,Benign,None,Benign,0
3756,UE_8,udp,403.8,-53.01,39.67,0.572,0.572,1986,1986,0,1334989,1334989,0,672.2,0,3472.03,3472.03,0,18671174.83,64,0,0,0,0,0,0,0,1589,80,UDPFlood,Hping3,Malicious,1
2031,UE_5,tcp,309,-52.42,40.42,6.799,6.799,436,98,338,499752,6272,493480,64,1460,64.13,14.41,49.71,588030,64,64,262144,262144,0.0236,0.0118,0.0118,396,0,0,Benign,None,Benign,0
2840,UE_6,tcp,321,-51.7,39.81,2.723,2.723,64,40,24,31054,18336,12718,458.4,529.9,23.5,14.69,8.81,91234.67,64,64,65535,65535,0.0206,0.0103,0.0103,307,1,0.05,Benign,None,Benign,0
3370,UE_7,tcp,413,-59.28,33.56,0.0413,0.0413,247,247,0,9880,9880,0,40,0,5980.63,5980.63,0,1913801.45,128,0,1024,0,0,0,0,0,247,100,SYNFlood,Hping3,Malicious,1
1178,UE_3,udp,127.5,-41.88,50.98,5.527,5.527,103,53,50,17424,8809,8615,166.2,172.3,18.64,9.59,9.05,25220.19,64,64,0,0,0,0,0,183,0,0,Benign,None,Benign,0
3860,UE_8,udp,403.8,-52.1,41.03,0.176,0.176,1444,1444,0,809073,809073,0,560.3,0,8204.55,8204.55,0,36776045.45,64,0,0,0,0,0,0,0,1155,80,UDPFlood,Hping3,Malicious,1
4888,UE_10,tcp,440.7,-53.97,39.04,35.82,35.82,14,9,5,559,359,200,39.9,40,0.39,0.25,0.14,124.85,64,64,512,16384,0.1423,0.0854,0.0569,128,0,0,SlowrateDoS,Slowloris,Malicious,1
3409,UE_7,tcp,413,-60.55,33.51,0.0423,0.0423,882,882,0,35280,35280,0,40,0,20851.06,20851.06,0,6672340.43,128,0,1024,0,0,0,0,0,882,100,SYNFlood,Hping3,Malicious,1
474,UE_1,tcp,146.1,-44.8,48.52,1.465,1.465,38,16,22,26411,2699,23712,168.7,1077.8,25.94,10.92,15.02,144223.89,64,64,65535,65535,0.0237,0.0119,0.0119,128,0,0,Benign,None,Benign,0
652,UE_2,tcp,235.5,-52.67,40.8,2.628,2.628,247,74,173,256996,8014,248982,108.3,1439.2,93.99,28.16,65.83,782331.81,64,64,131072,131072,0.0154,0.0077,0.0077,344,0,0,Benign,None,Benign,0
3311,UE_7,tcp,413,-59.14,34.14,0.0615,0.0615,428,428,0,17120,17120,0,40,0,6959.35,6959.35,0,2226991.87,128,0,1024,0,0,0,0,0,428,100,SYNFlood,Hping3,Malicious,1
4498,UE_9,tcp,409.2,-55.88,38.89,0.0054,0.0054,1,1,0,44,44,0,44,0,185.19,185.19,0,65185.19,60,0,1024,0,0,0,0,0,1,100,SYNScan,Nmap,Malicious,1
149,UE_1,tcp,146.1,-44.34,48.45,3.372,3.372,54,34,20,21842,5766,16076,169.6,803.8,16.01,10.08,5.93,51819.69,64,64,65535,65535,0.0344,0.0172,0.0172,422,1,0.05,Benign,None,Benign,0
4562,UE_10,tcp,440.7,-54.02,39.33,31.77,31.77,26,20,6,976,736,240,36.8,40,0.82,0.63,0.19,245.77,64,64,512,16384,0.1091,0.0655,0.0436,128,0,0,SlowrateDoS,Slowloris,Malicious,1
2322,UE_5,tcp,309,-52.49,40.28,11.65,11.65,623,87,536,788128,5568,782560,64,1460,53.48,7.47,46.01,541203.78,64,64,262144,262144,0.0247,0.0124,0.0124,246,0,0,Benign,None,Benign,0
1148,UE_3,udp,127.5,-42.27,51.32,5.406,5.406,188,92,96,31531,15806,15725,171.8,163.8,34.78,17.02,17.76,46660.75,64,64,0,0,0,0,0,184,0,0,Benign,None,Benign,0
698,UE_2,tcp,235.5,-52.17,40.72,5.566,5.566,301,72,229,313863,7049,306814,97.9,1339.8,54.08,12.94,41.14,451114.62,64,64,131072,131072,0.0233,0.0117,0.0117,353,0,0,Benign,None,Benign,0
3891,UE_8,udp,403.8,-52.61,40.22,0.313,0.313,939,939,0,654389,654389,0,696.9,0,3000,3000,0,16725597.44,64,0,0,0,0,0,0,0,751,80,UDPFlood,Hping3,Malicious,1
4027,UE_9,tcp,409.2,-55.54,39.29,0.0015,0.0015,1,1,0,44,44,0,44,0,666.67,666.67,0,234666.67,56,0,1024,0,0,0,0,0,1,100,SYNScan,Nmap,Malicious,1
1751,UE_4,udp,116.4,-40.13,53.42,0.215,0.215,3,2,1,200,148,52,74,52.3,13.95,9.3,4.65,7441.86,64,64,0,0,0,0,0,392,0,0,Benign,None,Benign,0
133,UE_1,tcp,146.1,-44.66,49.06,2.815,2.815,70,21,49,64771,4173,60598,198.7,1236.7,24.87,7.46,17.41,184073.89,64,64,65535,65535,0.042,0.021,0.021,143,1,0.05,Benign,None,Benign,0
4651,UE_10,tcp,440.7,-53.71,39.13,36.76,36.76,26,16,10,984,584,400,36.5,40,0.71,0.44,0.27,214.15,64,64,512,16384,0.2046,0.1228,0.0818,128,0,0,SlowrateDoS,Slowloris,Malicious,1
4425,UE_9,tcp,409.2,-55.81,38.14,0.0018,0.0018,1,1,0,44,44,0,44,0,555.56,555.56,0,195555.56,55,0,1024,0,0,0,0,0,1,100,SYNScan,Nmap,Malicious,1
68,UE_1,tcp,146.1,-44.8,47.55,2.825,2.825,53,14,39,35056,2846,32210,203.3,825.9,18.76,4.96,13.81,99273.63,64,64,65535,65535,0.0251,0.0126,0.0126,363,0,0,Benign,None,Benign,0
786,UE_2,tcp,235.5,-53.38,40.1,2.97,2.97,308,35,273,381839,3707,378132,105.9,1385.1,103.7,11.78,91.92,1028522.56,64,64,131072,131072,0.0136,0.0068,0.0068,222,1,0.05,Benign,None,Benign,0
4608,UE_10,tcp,440.7,-54.51,39.53,57.74,57.74,18,12,6,690,450,240,37.5,40,0.31,0.21,0.1,95.6,64,64,512,16384,0.1736,0.1042,0.0694,128,0,0,SlowrateDoS,Slowloris,Malicious,1
1700,UE_4,udp,116.4,-41.24,51.99,0.085,0.085,3,2,1,221,157,64,78.7,63.6,35.29,23.53,11.76,20800,64,64,0,0,0,0,0,247,0,0,Benign,None,Benign,0
3708,UE_8,udp,403.8,-52.35,40.1,0.36,0.36,1492,1492,0,926532,926532,0,621,0,4144.44,4144.44,0,20589600,64,0,0,0,0,0,0,0,1194,80,UDPFlood,Hping3,Malicious,1
1372,UE_3,udp,127.5,-41.64,51.71,4.872,4.872,150,76,74,25551,12327,13224,162.2,178.7,30.79,15.6,15.19,41955.67,64,64,0,0,0,0,0,434,0,0,Benign,None,Benign,0
1569,UE_4,udp,116.4,-40.51,51.87,0.209,0.209,5,4,1,330,267,63,66.8,62.5,23.92,19.14,4.78,12631.58,64,64,0,0,0,0,0,315,0,0,Benign,None,Benign,0
1963,UE_4,udp,116.4,-39.72,52.39,0.091,0.091,6,4,2,472,361,111,90.3,55.6,65.93,43.96,21.98,41494.51,64,64,0,0,0,0,0,248,1,0.05,Benign,None,Benign,0
412,UE_1,tcp,146.1,-44.13,48.07,2.661,2.661,91,32,59,68986,6611,62375,206.6,1057.2,34.2,12.03,22.17,207398.72,64,64,65535,65535,0.0176,0.0088,0.0088,225,0,0,Benign,None,Benign,0
2393,UE_5,tcp,309,-52.3,39.66,11.883,11.883,863,69,794,1163656,4416,1159240,64,1460,72.62,5.81,66.82,783408.9,64,64,262144,262144,0.0246,0.0123,0.0123,343,0,0,Benign,None,Benign,0
1505,UE_4,udp,116.4,-40.8,52.07,0.226,0.226,5,4,1,403,345,58,86.2,57.6,22.12,17.7,4.42,14265.49,64,64,0,0,0,0,0,380,0,0,Benign,None,Benign,0
332,UE_1,tcp,146.1,-44.57,47.86,4.131,4.131,50,23,27,34626,3627,30999,157.7,1148.1,12.1,5.57,6.54,67055.92,64,64,65535,65535,0.0265,0.0133,0.0133,210,0,0,Benign,None,Benign,0
2506,UE_6,tcp,321,-51.73,39.56,1.003,1.003,68,34,34,33106,16555,16551,486.9,486.8,67.8,33.9,33.9,264055.83,64,64,65535,65535,0.0382,0.0191,0.0191,408,0,0,Benign,None,Benign,0
743,UE_2,tcp,235.5,-52.57,40.95,5.367,5.367,409,79,330,414244,8872,405372,112.3,1228.4,76.21,14.72,61.49,617468.23,64,64,131072,131072,0.0179,0.009,0.009,283,1,0.05,Benign,None,Benign,0
3765,UE_8,udp,403.8,-53.46,41.65,0.342,0.342,792,792,0,594158,594158,0,750.2,0,2315.79,2315.79,0,13898432.75,64,0,0,0,0,0,0,0,634,80,UDPFlood,Hping3,Malicious,1
879,UE_2,tcp,235.5,-52.93,41.19,5.512,5.512,458,32,426,517557,3162,514395,98.8,1207.5,83.09,5.81,77.29,751171.26,64,64,131072,131072,0.0238,0.0119,0.0119,487,0,0,Benign,None,Benign,0
1275,UE_3,udp,127.5,-41.95,51.93,2.447,2.447,233,116,117,40113,19790,20323,170.6,173.7,95.22,47.4,47.81,131141.81,64,64,0,0,0,0,0,315,0,0,Benign,None,Benign,0
188,UE_1,tcp,146.1,-44.3,47.16,3.483,3.483,74,15,59,59649,2802,56847,186.8,963.5,21.25,4.31,16.94,137006.03,64,64,65535,65535,0.0195,0.0098,0.0098,420,0,0,Benign,None,Benign,0
107,UE_1,tcp,146.1,-44,47.63,4.271,4.271,70,26,44,45507,5234,40273,201.3,915.3,16.39,6.09,10.3,85239.05,64,64,65535,65535,0.0203,0.0102,0.0102,509,0,0,Benign,None,Benign,0
1837,UE_4,udp,116.4,-40.43,52.15,0.142,0.142,2,1,1,141,80,61,79.6,61.2,14.08,7.04,7.04,7943.66,64,64,0,0,0,0,0,374,0,0,Benign,None,Benign,0
4526,UE_10,tcp,440.7,-54.13,39.61,64.25,64.25,16,8,8,525,205,320,25.6,40,0.25,0.12,0.12,65.37,64,64,512,16384,0.1023,0.0614,0.0409,128,0,0,SlowrateDoS,Slowloris,Malicious,1
1727,UE_4,udp,116.4,-40.39,52.49,0.215,0.215,4,3,1,329,273,56,91.1,55.9,18.6,13.95,4.65,12241.86,64,64,0,0,0,0,0,157,0,0,Benign,None,Benign,0
2225,UE_5,tcp,309,-52.72,39.38,11.875,11.875,387,64,323,475676,4096,471580,64,1460,32.59,5.39,27.2,320455.41,64,64,262144,262144,0.0127,0.0064,0.0064,252,1,0.05,Benign,None,Benign,0
171,UE_1,tcp,146.1,-43.86,48.42,2.608,2.608,46,21,25,30636,5013,25623,238.7,1024.9,17.64,8.05,9.59,93975.46,64,64,65535,65535,0.0208,0.0104,0.0104,245,0,0,Benign,None,Benign,0
1410,UE_3,udp,127.5,-41.51,50.79,4.841,4.841,266,131,135,46117,23423,22694,178.8,168.1,54.95,27.06,27.89,76210.7,64,64,0,0,0,0,0,346,1,0.05,Benign,None,Benign,0
2427,UE_5,tcp,309,-53.56,39.76,11.141,11.141,397,85,312,460960,5440,455520,64,1460,35.63,7.63,28,331000.81,64,64,262144,262144,0.0215,0.0108,0.0108,414,0,0,Benign,None,Benign,0
4812,UE_10,tcp,440.7,-55.22,39.84,33.31,33.31,17,13,4,594,434,160,33.4,40,0.51,0.39,0.12,142.66,64,64,512,16384,0.1525,0.0915,0.061,128,0,0,SlowrateDoS,Slowloris,Malicious,1
3478,UE_7,tcp,413,-59.88,33.82,0.0904,0.0904,940,940,0,37600,37600,0,40,0,10398.23,10398.23,0,3327433.63,128,0,1024,0,0,0,0,0,940,100,SYNFlood,Hping3,Malicious,1
2634,UE_6,tcp,321,-50.87,39.8,1.377,1.377,53,22,31,31512,10382,21130,471.9,681.6,38.49,15.98,22.51,183076.25,64,64,65535,65535,0.0255,0.0128,0.0128,281,1,0.05,Benign,None,Benign,0
2082,UE_5,tcp,309,-52.56,40.35,8.185,8.185,733,59,674,987816,3776,984040,64,1460,89.55,7.21,82.35,965489.07,64,64,262144,262144,0.0134,0.0067,0.0067,328,0,0,Benign,None,Benign,0
3815,UE_8,udp,403.8,-52.91,41.44,0.309,0.309,773,773,0,731567,731567,0,946.4,0,2501.62,2501.62,0,18940245.95,64,0,0,0,0,0,0,0,618,80,UDPFlood,Hping3,Malicious,1
4569,UE_10,tcp,440.7,-53.21,38.07,33.37,33.37,23,19,4,684,524,160,27.6,40,0.69,0.57,0.12,163.98,64,64,512,16384,0.1327,0.0796,0.0531,128,0,0,SlowrateDoS,Slowloris,Malicious,1
1800,UE_4,udp,116.4,-39.72,52.28,0.159,0.159,2,1,1,140,91,49,90.5,49,12.58,6.29,6.29,7044.03,64,64,0,0,0,0,0,417,0,0,Benign,None,Benign,0
687,UE_2,tcp,235.5,-51.5,40.53,6.924,6.924,303,32,271,377779,3392,374387,106,1381.5,43.76,4.62,39.14,436486.42,64,64,131072,131072,0.0228,0.0114,0.0114,208,0,0,Benign,None,Benign,0
484,UE_1,tcp,146.1,-44.72,48.68,1.95,1.95,59,31,28,39718,6104,33614,196.9,1200.5,30.26,15.9,14.36,162945.64,64,64,65535,65535,0.0204,0.0102,0.0102,359,1,0.05,Benign,None,Benign,0
4762,UE_10,tcp,440.7,-54.25,38.98,27.82,27.82,22,13,9,710,350,360,26.9,40,0.79,0.47,0.32,204.17,64,64,512,16384,0.1258,0.0755,0.0503,128,0,0,SlowrateDoS,Slowloris,Malicious,1
2893,UE_6,tcp,321,-51.89,39.59,1.892,1.892,82,33,49,39414,15688,23726,475.4,484.2,43.34,17.44,25.9,166655.39,64,64,65535,65535,0.0327,0.0164,0.0164,368,0,0,Benign,None,Benign,0
3871,UE_8,udp,403.8,-51.53,40.52,0.585,0.585,1754,1754,0,1271475,1271475,0,724.9,0,2998.29,2998.29,0,17387692.31,64,0,0,0,0,0,0,0,1403,80,UDPFlood,Hping3,Malicious,1
177,UE_1,tcp,146.1,-45.02,48.34,2.549,2.549,48,27,21,28602,4280,24322,158.5,1158.2,18.83,10.59,8.24,89766.97,64,64,65535,65535,0.0172,0.0086,0.0086,185,1,0.05,Benign,None,Benign,0
1302,UE_3,udp,127.5,-41.51,51.9,5.119,5.119,198,98,100,33653,16533,17120,168.7,171.2,38.68,19.14,19.54,52593.08,64,64,0,0,0,0,0,287,1,0.05,Benign,None,Benign,0
498,UE_1,tcp,146.1,-44.74,47.85,2.739,2.739,79,32,47,66192,6192,60000,193.5,1276.6,28.84,11.68,17.16,193331.87,64,64,65535,65535,0.0366,0.0183,0.0183,143,0,0,Benign,None,Benign,0
2998,UE_6,tcp,321,-51.93,39.8,1.993,1.993,77,45,32,33834,15143,18691,336.5,584.1,38.64,22.58,16.06,135811.34,64,64,65535,65535,0.0259,0.013,0.013,257,0,0,Benign,None,Benign,0
4802,UE_10,tcp,440.7,-53.61,39.12,46.25,46.25,20,8,12,778,298,480,37.2,40,0.43,0.17,0.26,134.57,64,64,512,16384,0.1752,0.1051,0.0701,128,0,0,SlowrateDoS,Slowloris,Malicious,1
517,UE_2,tcp,235.5,-51.87,40.83,8.956,8.956,474,39,435,562351,3463,558888,88.8,1284.8,52.93,4.35,48.57,502323.36,64,64,131072,131072,0.0251,0.0126,0.0126,436,0,0,Benign,None,Benign,0
128,UE_1,tcp,146.1,-45.51,48.41,4.245,4.245,53,11,42,54321,2430,51891,220.9,1235.5,12.49,2.59,9.89,102371.73,64,64,65535,65535,0.0364,0.0182,0.0182,399,0,0,Benign,None,Benign,0
4681,UE_10,tcp,440.7,-54.04,39.39,35.21,35.21,29,20,9,914,554,360,27.7,40,0.82,0.57,0.26,207.67,64,64,512,16384,0.1376,0.0826,0.055,128,0,0,SlowrateDoS,Slowloris,Malicious,1
2156,UE_5,tcp,309,-52.51,39.87,4.116,4.116,839,65,774,1134200,4160,1130040,64,1460,203.84,15.79,188.05,2204470.36,64,64,262144,262144,0.0186,0.0093,0.0093,128,0,0,Benign,None,Benign,0
2258,UE_5,tcp,309,-53.44,39.81,4.903,4.903,848,93,755,1108252,5952,1102300,64,1460,172.96,18.97,153.99,1808283.91,64,64,262144,262144,0.0228,0.0114,0.0114,344,1,0.05,Benign,None,Benign,0
1538,UE_4,udp,116.4,-40.38,52.22,0.142,0.142,2,1,1,124,68,56,68.1,56,14.08,7.04,7.04,6985.92,64,64,0,0,0,0,0,230,1,0.05,Benign,None,Benign,0
403,UE_1,tcp,146.1,-43.82,47.87,1.004,1.004,82,35,47,53438,8215,45223,234.7,962.2,81.67,34.86,46.81,425800.8,64,64,65535,65535,0.0353,0.0177,0.0177,461,0,0,Benign,None,Benign,0
875,UE_2,tcp,235.5,-52.15,41.36,2.324,2.324,247,36,211,303059,3460,299599,96.1,1419.9,106.28,15.49,90.79,1043232.36,64,64,131072,131072,0.0169,0.0085,0.0085,287,1,0.05,Benign,None,Benign,0
2930,UE_6,tcp,321,-50.98,39.19,1.074,1.074,69,24,45,30609,10327,20282,430.3,450.7,64.25,22.35,41.9,228000,64,64,65535,65535,0.0397,0.0199,0.0199,131,0,0,Benign,None,Benign,0
2747,UE_6,tcp,321,-51.38,39.99,1.576,1.576,49,29,20,21270,10426,10844,359.5,542.2,31.09,18.4,12.69,107969.54,64,64,65535,65535,0.0227,0.0114,0.0114,417,0,0,Benign,None,Benign,0
1595,UE_4,udp,116.4,-39.94,50.85,0.222,0.222,3,1,2,194,83,111,83.1,55.3,13.51,4.5,9.01,6990.99,64,64,0,0,0,0,0,397,0,0,Benign,None,Benign,0
3670,UE_8,udp,403.8,-52.27,40.24,0.528,0.528,589,589,0,408884,408884,0,694.2,0,1115.53,1115.53,0,6195212.12,64,0,0,0,0,0,0,0,471,80,UDPFlood,Hping3,Malicious,1
285,UE_1,tcp,146.1,-44.29,47.93,1.328,1.328,33,11,22,25862,2685,23177,244.1,1053.5,24.85,8.28,16.57,155795.18,64,64,65535,65535,0.0273,0.0137,0.0137,255,1,0.05,Benign,None,Benign,0
313,UE_1,tcp,146.1,-43.89,47.86,1.704,1.704,45,23,22,32378,4579,27799,199.1,1263.6,26.41,13.5,12.91,152009.39,64,64,65535,65535,0.0182,0.0091,0.0091,298,0,0,Benign,None,Benign,0
3243,UE_7,tcp,413,-60.24,33.59,0.0185,0.0185,918,918,0,36720,36720,0,40,0,49621.62,49621.62,0,15878918.92,128,0,1024,0,0,0,0,0,918,100,SYNFlood,Hping3,Malicious,1
4156,UE_9,tcp,409.2,-55.61,38.75,0.0023,0.0023,1,1,0,44,44,0,44,0,434.78,434.78,0,153043.48,49,0,1024,0,0,0,0,0,1,100,SYNScan,Nmap,Malicious,1
3031,UE_7,tcp,413,-60.25,34.18,0.0547,0.0547,373,373,0,14920,14920,0,40,0,6819.01,6819.01,0,2182084.1,128,0,1024,0,0,0,0,0,373,100,SYNFlood,Hping3,Malicious,1
3578,UE_8,udp,403.8,-52.08,40.11,0.309,0.309,1338,1338,0,756104,756104,0,565.1,0,4330.1,4330.1,0,19575508.09,64,0,0,0,0,0,0,0,1070,80,UDPFlood,Hping3,Malicious,1
1435,UE_3,udp,127.5,-42.1,51.68,3.49,3.49,183,90,93,29582,14535,15047,161.5,161.8,52.44,25.79,26.65,67809.74,64,64,0,0,0,0,0,291,1,0.05,Benign,None,Benign,0
3086,UE_7,tcp,413,-60.26,33.32,0.0623,0.0623,740,740,0,29600,29600,0,40,0,11878.01,11878.01,0,3800963.08,128,0,1024,0,0,0,0,0,740,100,SYNFlood,Hping3,Malicious,1
2226,UE_5,tcp,309,-53.61,40.19,10.173,10.173,404,41,363,532604,2624,529980,64,1460,39.71,4.03,35.68,418837.31,64,64,262144,262144,0.0174,0.0087,0.0087,352,0,0,Benign,None,Benign,0
2042,UE_5,tcp,309,-53.31,39.61,6.924,6.924,519,74,445,654436,4736,649700,64,1460,74.96,10.69,64.27,756136.34,64,64,262144,262144,0.0132,0.0066,0.0066,367,0,0,Benign,None,Benign,0
1153,UE_3,udp,127.5,-42.11,51.18,3.073,3.073,106,51,55,17821,8339,9482,163.5,172.4,34.49,16.6,17.9,46393.75,64,64,0,0,0,0,0,448,1,0.05,Benign,None,Benign,0
3139,UE_7,tcp,413,-59.35,33.47,0.0829,0.0829,484,484,0,19360,19360,0,40,0,5838.36,5838.36,0,1868275.03,128,0,1024,0,0,0,0,0,484,100,SYNFlood,Hping3,Malicious,1
3673,UE_8,udp,403.8,-52.4,40.85,0.312,0.312,1355,1355,0,1073025,1073025,0,791.9,0,4342.95,4342.95,0,27513461.54,64,0,0,0,0,0,0,0,1084,80,UDPFlood,Hping3,Malicious,1
1677,UE_4,udp,116.4,-40.58,52.27,0.232,0.232,3,2,1,196,137,59,68.5,58.9,12.93,8.62,4.31,6758.62,64,64,0,0,0,0,0,188,1,0.05,Benign,None,Benign,0
4466,UE_9,tcp,409.2,-55.24,38.63,0.0021,0.0021,1,1,0,44,44,0,44,0,476.19,476.19,0,167619.05,60,0,1024,0,0,0,0,0,1,100,SYNScan,Nmap,Malicious,1
2136,UE_5,tcp,309,-53.45,40.16,4.921,4.921,381,53,328,482272,3392,478880,64,1460,77.42,10.77,66.65,784022.76,64,64,262144,262144,0.0156,0.0078,0.0078,386,0,0,Benign,None,Benign,0
4789,UE_10,tcp,440.7,-54.22,39.67,35.23,35.23,24,17,7,697,417,280,24.5,40,0.68,0.48,0.2,158.27,64,64,512,16384,0.142,0.0852,0.0568,128,0,0,SlowrateDoS,Slowloris,Malicious,1
2437,UE_5,tcp,309,-52.26,40.8,10.46,10.46,536,48,488,715552,3072,712480,64,1460,51.24,4.59,46.65,547267.3,64,64,262144,262144,0.0138,0.0069,0.0069,265,0,0,Benign,None,Benign,0
116,UE_1,tcp,146.1,-44.16,47.84,4.352,4.352,63,18,45,42687,4378,38309,243.2,851.3,14.48,4.14,10.34,78468.75,64,64,65535,65535,0.0431,0.0216,0.0216,420,0,0,Benign,None,Benign,0
1219,UE_3,udp,127.5,-42.3,51.43,3.266,3.266,242,123,119,42036,20652,21384,167.9,179.7,74.1,37.66,36.44,102966.32,64,64,0,0,0,0,0,265,1,0.05,Benign,None,Benign,0
4354,UE_9,tcp,409.2,-55.6,38.31,0.0022,0.0022,1,1,0,44,44,0,44,0,454.55,454.55,0,160000,49,0,1024,0,0,0,0,0,1,100,SYNScan,Nmap,Malicious,1
4392,UE_9,tcp,409.2,-55.24,37.9,0.0019,0.0019,1,1,0,44,44,0,44,0,526.32,526.32,0,185263.16,48,0,1024,0,0,0,0,0,1,100,SYNScan,Nmap,Malicious,1
213,UE_1,tcp,146.1,-44.22,48.54,1.068,1.068,57,19,38,47046,4273,42773,224.9,1125.6,53.37,17.79,35.58,352404.49,64,64,65535,65535,0.0336,0.0168,0.0168,166,0,0,Benign,None,Benign,0
78,UE_1,tcp,146.1,-44.27,47.35,2.761,2.761,85,28,57,56129,6180,49949,220.7,876.3,30.79,10.14,20.64,162633.83,64,64,65535,65535,0.0323,0.0162,0.0162,463,1,0.05,Benign,None,Benign,0
3668,UE_8,udp,403.8,-52.62,41.38,0.155,0.155,2186,2186,0,1218258,1218258,0,557.3,0,14103.23,14103.23,0,62877832.26,64,0,0,0,0,0,0,0,1749,80,UDPFlood,Hping3,Malicious,1
126,UE_1,tcp,146.1,-43.58,48.15,3.31,3.31,44,24,20,25560,4382,21178,182.6,1058.9,13.29,7.25,6.04,61776.44,64,64,65535,65535,0.0176,0.0088,0.0088,320,0,0,Benign,None,Benign,0
1562,UE_4,udp,116.4,-39.74,52.37,0.134,0.134,5,3,2,380,260,120,86.7,60.2,37.31,22.39,14.93,22686.57,64,64,0,0,0,0,0,505,1,0.05,Benign,None,Benign,0
2212,UE_5,tcp,309,-53.02,39.46,12.251,12.251,863,43,820,1199952,2752,1197200,64,1460,70.44,3.51,66.93,783578.16,64,64,262144,262144,0.0197,0.0099,0.0099,308,0,0,Benign,None,Benign,0
1834,UE_4,udp,116.4,-40.94,51.98,0.134,0.134,3,2,1,211,151,60,75.6,60.1,22.39,14.93,7.46,12597.01,64,64,0,0,0,0,0,156,0,0,Benign,None,Benign,0
418,UE_1,tcp,146.1,-44.36,48.14,0.666,0.666,70,22,48,49641,3854,45787,175.2,953.9,105.11,33.03,72.07,596288.29,64,64,65535,65535,0.0334,0.0167,0.0167,373,1,0.05,Benign,None,Benign,0
855,UE_2,tcp,235.5,-52.6,40.8,7.122,7.122,349,74,275,409619,8614,401005,116.4,1458.2,49,10.39,38.61,460116.82,64,64,131072,131072,0.0121,0.0061,0.0061,392,0,0,Benign,None,Benign,0
2000,UE_4,udp,116.4,-40.42,52.04,0.122,0.122,3,2,1,197,140,57,69.8,56.9,24.59,16.39,8.2,12918.03,64,64,0,0,0,0,0,335,0,0,Benign,None,Benign,0
3791,UE_8,udp,403.8,-51.5,40.58,0.183,0.183,1065,1065,0,764883,764883,0,718.2,0,5819.67,5819.67,0,33437508.2,64,0,0,0,0,0,0,0,852,80,UDPFlood,Hping3,Malicious,1
325,UE_1,tcp,146.1,-44.58,48.77,3.92,3.92,71,32,39,43805,5043,38762,157.6,993.9,18.11,8.16,9.95,89397.96,64,64,65535,65535,0.0391,0.0196,0.0196,301,0,0,Benign,None,Benign,0
3073,UE_7,tcp,413,-59.34,34.78,0.0592,0.0592,784,784,0,31360,31360,0,40,0,13243.24,13243.24,0,4237837.84,128,0,1024,0,0,0,0,0,784,100,SYNFlood,Hping3,Malicious,1
3009,UE_7,tcp,413,-60.27,34.01,0.1092,0.1092,270,270,0,10800,10800,0,40,0,2472.53,2472.53,0,791208.79,128,0,1024,0,0,0,0,0,270,100,SYNFlood,Hping3,Malicious,1
2206,UE_5,tcp,309,-52.8,39.2,9.163,9.163,853,47,806,1179768,3008,1176760,64,1460,93.09,5.13,87.96,1030027.72,64,64,262144,262144,0.0269,0.0135,0.0135,183,0,0,Benign,None,Benign,0
1900,UE_4,udp,116.4,-40.11,52.38,0.059,0.059,4,2,2,288,174,114,87.1,56.8,67.8,33.9,33.9,39050.85,64,64,0,0,0,0,0,509,1,0.05,Benign,None,Benign,0
3719,UE_8,udp,403.8,-51.76,40.94,0.376,0.376,2405,2405,0,1855939,1855939,0,771.7,0,6396.28,6396.28,0,39488063.83,64,0,0,0,0,0,0,0,1924,80,UDPFlood,Hping3,Malicious,1
999,UE_2,tcp,235.5,-51.33,41.72,5.279,5.279,349,56,293,416122,5482,410640,97.9,1401.5,66.11,10.61,55.5,630607.31,64,64,131072,131072,0.0205,0.0103,0.0103,305,1,0.05,Benign,None,Benign,0
4882,UE_10,tcp,440.7,-54.22,39.49,26.17,26.17,22,18,4,833,673,160,37.4,40,0.84,0.69,0.15,254.64,64,64,512,16384,0.2124,0.1274,0.085,128,0,0,SlowrateDoS,Slowloris,Malicious,1
1844,UE_4,udp,116.4,-41.15,52.59,0.178,0.178,6,4,2,378,270,108,67.6,54.1,33.71,22.47,11.24,16988.76,64,64,0,0,0,0,0,176,1,0.05,Benign,None,Benign,0
2598,UE_6,tcp,321,-51.79,39.04,2.322,2.322,63,24,39,32785,10200,22585,425,579.1,27.13,10.34,16.8,112954.35,64,64,65535,65535,0.024,0.012,0.012,343,1,0.05,Benign,None,Benign,0
2707,UE_6,tcp,321,-51.87,39.97,0.818,0.818,61,22,39,23779,6919,16860,314.5,432.3,74.57,26.89,47.68,232557.46,64,64,65535,65535,0.0362,0.0181,0.0181,373,0,0,Benign,None,Benign,0
4083,UE_9,tcp,409.2,-55.55,39.22,0.0011,0.0011,1,1,0,44,44,0,44,0,909.09,909.09,0,320000,49,0,1024,0,0,0,0,0,1,100,SYNScan,Nmap,Malicious,1
4259,UE_9,tcp,409.2,-54.75,38.86,0.0019,0.0019,1,1,0,44,44,0,44,0,526.32,526.32,0,185263.16,59,0,1024,0,0,0,0,0,1,100,SYNScan,Nmap,Malicious,1
1366,UE_3,udp,127.5,-42.05,51.78,4.096,4.096,193,96,97,34490,17088,17402,178,179.4,47.12,23.44,23.68,67363.28,64,64,0,0,0,0,0,223,0,0,Benign,None,Benign,0
3378,UE_7,tcp,413,-60.37,33.65,0.0607,0.0607,875,875,0,35000,35000,0,40,0,14415.16,14415.16,0,4612850.08,128,0,1024,0,0,0,0,0,875,100,SYNFlood,Hping3,Malicious,1
4049,UE_9,tcp,409.2,-55.14,38.37,0.0023,0.0023,1,1,0,44,44,0,44,0,434.78,434.78,0,153043.48,54,0,1024,0,0,0,0,0,1,100,SYNScan,Nmap,Malicious,1
1281,UE_3,udp,127.5,-42.05,51.12,4.018,4.018,284,140,144,48710,24892,23818,177.8,165.4,70.68,34.84,35.84,96983.57,64,64,0,0,0,0,0,443,0,0,Benign,None,Benign,0
3983,UE_8,udp,403.8,-51.14,40.09,0.199,0.199,2278,2278,0,2295085,2295085,0,1007.5,0,11447.24,11447.24,0,92264723.62,64,0,0,0,0,0,0,0,1822,80,UDPFlood,Hping3,Malicious,1
2125,UE_5,tcp,309,-53.09,38.68,12.532,12.532,731,98,633,930452,6272,924180,64,1460,58.33,7.82,50.51,593968.72,64,64,262144,262144,0.0211,0.0106,0.0106,265,1,0.05,Benign,None,Benign,0
4218,UE_9,tcp,409.2,-54.66,38.94,0.0026,0.0026,1,1,0,44,44,0,44,0,384.62,384.62,0,135384.62,57,0,1024,0,0,0,0,0,1,100,SYNScan,Nmap,Malicious,1
2081,UE_5,tcp,309,-53.05,39.7,6.653,6.653,950,93,857,1257172,5952,1251220,64,1460,142.79,13.98,128.81,1511705.4,64,64,262144,262144,0.0124,0.0062,0.0062,166,1,0.05,Benign,None,Benign,0
369,UE_1,tcp,146.1,-44.93,48.84,1.99,1.99,56,34,22,24804,5413,19391,159.2,881.4,28.14,17.09,11.06,99714.57,64,64,65535,65535,0.0329,0.0165,0.0165,488,0,0,Benign,None,Benign,0
1046,UE_3,udp,127.5,-42.05,50.92,4.847,4.847,143,74,69,24152,13098,11054,177,160.2,29.5,15.27,14.24,39863.01,64,64,0,0,0,0,0,224,1,0.05,Benign,None,Benign,0
1151,UE_3,udp,127.5,-42.24,50.53,3.376,3.376,139,69,70,24243,12392,11851,179.6,169.3,41.17,20.44,20.73,57447.87,64,64,0,0,0,0,0,387,0,0,Benign,None,Benign,0
4344,UE_9,tcp,409.2,-55.29,39.29,0.0023,0.0023,1,1,0,44,44,0,44,0,434.78,434.78,0,153043.48,46,0,1024,0,0,0,0,0,1,100,SYNScan,Nmap,Malicious,1
865,UE_2,tcp,235.5,-53.01,40.97,2.542,2.542,458,66,392,544144,6046,538098,91.6,1372.7,180.17,25.96,154.21,1712490.95,64,64,131072,131072,0.0185,0.0093,0.0093,414,0,0,Benign,None,Benign,0
1873,UE_4,udp,116.4,-40.11,51.73,0.242,0.242,2,1,1,132,78,54,77.9,53.7,8.26,4.13,4.13,4363.64,64,64,0,0,0,0,0,489,0,0,Benign,None,Benign,0
1190,UE_3,udp,127.5,-41.97,51.69,3.808,3.808,247,122,125,43318,21143,22175,173.3,177.4,64.86,32.04,32.83,91004.2,64,64,0,0,0,0,0,389,0,0,Benign,None,Benign,0
4590,UE_10,tcp,440.7,-54.28,38.56,48.56,48.56,14,9,5,520,320,200,35.5,40,0.29,0.19,0.1,85.67,64,64,512,16384,0.127,0.0762,0.0508,128,0,0,SlowrateDoS,Slowloris,Malicious,1
3275,UE_7,tcp,413,-60.61,34.7,0.0321,0.0321,761,761,0,30440,30440,0,40,0,23707.17,23707.17,0,7586292.83,128,0,1024,0,0,0,0,0,761,100,SYNFlood,Hping3,Malicious,1
370,UE_1,tcp,146.1,-44.83,48.98,1.487,1.487,69,22,47,60266,4952,55314,225.1,1176.9,46.4,14.79,31.61,324228.65,64,64,65535,65535,0.0323,0.0162,0.0162,299,0,0,Benign,None,Benign,0
4288,UE_9,tcp,409.2,-55.53,39.59,0.0025,0.0025,1,1,0,44,44,0,44,0,400,400,0,140800,50,0,1024,0,0,0,0,0,1,100,SYNScan,Nmap,Malicious,1
2432,UE_5,tcp,309,-53.02,40.67,8.075,8.075,885,42,843,1233468,2688,1230780,64,1460,109.6,5.2,104.4,1222011.64,64,64,262144,262144,0.0243,0.0122,0.0122,316,0,0,Benign,None,Benign,0
1752,UE_4,udp,116.4,-40.51,51.9,0.109,0.109,3,1,2,211,86,125,85.5,62.4,27.52,9.17,18.35,15486.24,64,64,0,0,0,0,0,371,1,0.05,Benign,None,Benign,0
2795,UE_6,tcp,321,-52.03,39.46,3.191,3.191,69,29,40,38974,11658,27316,402,682.9,21.62,9.09,12.54,97709.81,64,64,65535,65535,0.03,0.015,0.015,428,0,0,Benign,None,Benign,0
2518,UE_6,tcp,321,-51.12,40.09,1.532,1.532,66,34,32,30610,11189,19421,329.1,606.9,43.08,22.19,20.89,159843.34,64,64,65535,65535,0.0232,0.0116,0.0116,380,0,0,Benign,None,Benign,0
1630,UE_4,udp,116.4,-40.77,51.86,0.183,0.183,3,2,1,179,129,50,64.5,49.7,16.39,10.93,5.46,7825.14,64,64,0,0,0,0,0,478,1,0.05,Benign,None,Benign,0
616,UE_2,tcp,235.5,-51.34,40.6,2.41,2.41,242,55,187,246734,5280,241454,96,1291.2,100.41,22.82,77.59,819034.02,64,64,131072,131072,0.0255,0.0128,0.0128,257,0,0,Benign,None,Benign,0
3763,UE_8,udp,403.8,-52.15,40.19,0.36,0.36,1005,1005,0,1028417,1028417,0,1023.3,0,2791.67,2791.67,0,22853711.11,64,0,0,0,0,0,0,0,804,80,UDPFlood,Hping3,Malicious,1
798,UE_2,tcp,235.5,-53.47,41.64,8.841,8.841,489,47,442,566854,5602,561252,119.2,1269.8,55.31,5.32,49.99,512932.02,64,64,131072,131072,0.0108,0.0054,0.0054,166,0,0,Benign,None,Benign,0
4331,UE_9,tcp,409.2,-56.28,37.9,0.0035,0.0035,1,1,0,44,44,0,44,0,285.71,285.71,0,100571.43,57,0,1024,0,0,0,0,0,1,100,SYNScan,Nmap,Malicious,1
4622,UE_10,tcp,440.7,-54.04,40.11,54.32,54.32,20,14,6,743,503,240,35.9,40,0.37,0.26,0.11,109.43,64,64,512,16384,0.2198,0.1319,0.0879,128,0,0,SlowrateDoS,Slowloris,Malicious,1
143,UE_1,tcp,146.1,-43.33,48.89,2.971,2.971,75,32,43,59313,4896,54417,153,1265.5,25.24,10.77,14.47,159711.88,64,64,65535,65535,0.0357,0.0179,0.0179,391,0,0,Benign,None,Benign,0
2789,UE_6,tcp,321,-50.51,39.91,1.025,1.025,74,29,45,29058,9825,19233,338.8,427.4,72.2,28.29,43.9,226794.15,64,64,65535,65535,0.0282,0.0141,0.0141,465,0,0,Benign,None,Benign,0
88,UE_1,tcp,146.1,-44.67,48.45,4.085,4.085,33,10,23,20414,1708,18706,170.8,813.3,8.08,2.45,5.63,39978.46,64,64,65535,65535,0.0204,0.0102,0.0102,206,0,0,Benign,None,Benign,0
147,UE_1,tcp,146.1,-44.13,48.12,1.993,1.993,38,15,23,29239,3155,26084,210.3,1134.1,19.07,7.53,11.54,117366.78,64,64,65535,65535,0.0336,0.0168,0.0168,300,0,0,Benign,None,Benign,0
1907,UE_4,udp,116.4,-39.77,52.25,0.153,0.153,3,1,2,178,69,109,69,54.6,19.61,6.54,13.07,9307.19,64,64,0,0,0,0,0,431,0,0,Benign,None,Benign,0
4968,UE_10,tcp,440.7,-54.82,40.12,28.79,28.79,15,8,7,486,206,280,25.7,40,0.52,0.28,0.24,135.05,64,64,512,16384,0.2095,0.1257,0.0838,128,0,0,SlowrateDoS,Slowloris,Malicious,1
4736,UE_10,tcp,440.7,-53.69,38.89,57.82,57.82,18,11,7,594,314,280,28.5,40,0.31,0.19,0.12,82.19,64,64,512,16384,0.1469,0.0881,0.0588,128,0,0,SlowrateDoS,Slowloris,Malicious,1
2185,UE_5,tcp,309,-52.69,39.53,6.929,6.929,391,82,309,456388,5248,451140,64,1460,56.43,11.83,44.6,526930.87,64,64,262144,262144,0.0142,0.0071,0.0071,499,1,0.05,Benign,None,Benign,0
667,UE_2,tcp,235.5,-52.93,40.6,8.621,8.621,380,51,329,427917,4264,423653,83.6,1287.7,44.08,5.92,38.16,397092.68,64,64,131072,131072,0.0118,0.0059,0.0059,425,0,0,Benign,None,Benign,0
2627,UE_6,tcp,321,-50.51,39.63,1.548,1.548,75,39,36,35274,17893,17381,458.8,482.8,48.45,25.19,23.26,182294.57,64,64,65535,65535,0.0327,0.0164,0.0164,224,1,0.05,Benign,None,Benign,0
335,UE_1,tcp,146.1,-45.25,48.7,0.625,0.625,37,16,21,23162,3806,19356,237.9,921.7,59.2,25.6,33.6,296473.6,64,64,65535,65535,0.0317,0.0159,0.0159,269,0,0,Benign,None,Benign,0
326,UE_1,tcp,146.1,-43.93,48,2.058,2.058,83,24,59,70089,3761,66328,156.7,1124.2,40.33,11.66,28.67,272454.81,64,64,65535,65535,0.0172,0.0086,0.0086,153,1,0.05,Benign,None,Benign,0
1227,UE_3,udp,127.5,-41.41,50.76,1.383,1.383,197,97,100,34573,17053,17520,175.8,175.2,142.44,70.14,72.31,199988.43,64,64,0,0,0,0,0,443,1,0.05,Benign,None,Benign,0
3733,UE_8,udp,403.8,-52.17,39.92,0.493,0.493,1115,1115,0,697990,697990,0,626,0,2261.66,2261.66,0,11326409.74,64,0,0,0,0,0,0,0,892,80,UDPFlood,Hping3,Malicious,1
3188,UE_7,tcp,413,-59.31,34.32,0.0817,0.0817,583,583,0,23320,23320,0,40,0,7135.86,7135.86,0,2283476.13,128,0,1024,0,0,0,0,0,583,100,SYNFlood,Hping3,Malicious,1
4779,UE_10,tcp,440.7,-54,38.48,63.44,63.44,24,15,9,947,587,360,39.1,40,0.38,0.24,0.14,119.42,64,64,512,16384,0.2194,0.1316,0.0878,128,0,0,SlowrateDoS,Slowloris,Malicious,1
3626,UE_8,udp,403.8,-51.75,40.58,0.477,0.477,1928,1928,0,1013357,1013357,0,525.6,0,4041.93,4041.93,0,16995505.24,64,0,0,0,0,0,0,0,1542,80,UDPFlood,Hping3,Malicious,1
3917,UE_8,udp,403.8,-52.23,40.07,0.144,0.144,2063,2063,0,1221090,1221090,0,591.9,0,14326.39,14326.39,0,67838333.33,64,0,0,0,0,0,0,0,1650,80,UDPFlood,Hping3,Malicious,1
1433,UE_3,udp,127.5,-42.42,51.38,2.001,2.001,126,61,65,20848,10077,10771,165.2,165.7,62.97,30.48,32.48,83350.32,64,64,0,0,0,0,0,255,0,0,Benign,None,Benign,0
1224,UE_3,udp,127.5,-42.94,51.08,4.061,4.061,208,105,103,34073,17315,16758,164.9,162.7,51.22,25.86,25.36,67122.38,64,64,0,0,0,0,0,369,0,0,Benign,None,Benign,0
142,UE_1,tcp,146.1,-43.83,47.71,0.876,0.876,65,27,38,40161,6394,33767,236.8,888.6,74.2,30.82,43.38,366767.12,64,64,65535,65535,0.0358,0.0179,0.0179,387,1,0.05,Benign,None,Benign,0
400,UE_1,tcp,146.1,-44.59,49.01,4.409,4.409,77,30,47,64190,6234,57956,207.8,1233.1,17.46,6.8,10.66,116470.86,64,64,65535,65535,0.0237,0.0119,0.0119,188,1,0.05,Benign,None,Benign,0
3914,UE_8,udp,403.8,-51.91,41.25,0.449,0.449,936,936,0,630583,630583,0,673.7,0,2084.63,2084.63,0,11235331.85,64,0,0,0,0,0,0,0,749,80,UDPFlood,Hping3,Malicious,1
2910,UE_6,tcp,321,-51.93,39.93,1.86,1.86,59,39,20,25564,17082,8482,438,424.1,31.72,20.97,10.75,109952.69,64,64,65535,65535,0.0259,0.013,0.013,512,0,0,Benign,None,Benign,0
4476,UE_9,tcp,409.2,-55.55,37.7,0.005,0.005,2,1,1,84,44,40,44,40,400,200,200,134400,46,55,1024,0,0.0144,0,0,0,0,0,SYNScan,Nmap,Malicious,1
2021,UE_5,tcp,309,-52.58,39.96,10.7,10.7,520,78,442,650312,4992,645320,64,1460,48.6,7.29,41.31,486214.58,64,64,262144,262144,0.0251,0.0126,0.0126,372,1,0.05,Benign,None,Benign,0
1488,UE_3,udp,127.5,-42.68,51.78,5.574,5.574,293,148,145,47748,24316,23432,164.3,161.6,52.57,26.55,26.01,68529.6,64,64,0,0,0,0,0,278,0,0,Benign,None,Benign,0
1097,UE_3,udp,127.5,-42.72,50.49,4.308,4.308,160,81,79,27225,13511,13714,166.8,173.6,37.14,18.8,18.34,50557.1,64,64,0,0,0,0,0,135,0,0,Benign,None,Benign,0
17,UE_1,tcp,146.1,-43.67,48.04,2.721,2.721,52,23,29,39873,3664,36209,159.3,1248.6,19.11,8.45,10.66,117230.43,64,64,65535,65535,0.042,0.021,0.021,382,1,0.05,Benign,None,Benign,0
3799,UE_8,udp,403.8,-51.3,40.62,0.356,0.356,2407,2407,0,1892383,1892383,0,786.2,0,6761.24,6761.24,0,42525460.67,64,0,0,0,0,0,0,0,1926,80,UDPFlood,Hping3,Malicious,1
4015,UE_9,tcp,409.2,-54.84,39.1,0.0055,0.0055,1,1,0,44,44,0,44,0,181.82,181.82,0,64000,56,0,1024,0,0,0,0,0,1,100,SYNScan,Nmap,Malicious,1
1568,UE_4,udp,116.4,-40.99,51.67,0.233,0.233,3,1,2,197,84,113,84.4,56.3,12.88,4.29,8.58,6763.95,64,64,0,0,0,0,0,273,1,0.05,Benign,None,Benign,0
2717,UE_6,tcp,321,-50.79,39.74,1.14,1.14,84,36,48,36829,14951,21878,415.3,455.8,73.68,31.58,42.11,258449.12,64,64,65535,65535,0.0232,0.0116,0.0116,406,1,0.05,Benign,None,Benign,0
3088,UE_7,tcp,413,-60.59,33.3,0.0191,0.0191,839,839,0,33560,33560,0,40,0,43926.7,43926.7,0,14056544.5,128,0,1024,0,0,0,0,0,839,100,SYNFlood,Hping3,Malicious,1
1564,UE_4,udp,116.4,-40.28,51.48,0.156,0.156,3,2,1,198,147,51,73.6,50.5,19.23,12.82,6.41,10153.85,64,64,0,0,0,0,0,256,0,0,Benign,None,Benign,0
4247,UE_9,tcp,409.2,-55.91,39.42,0.0018,0.0018,1,1,0,44,44,0,44,0,555.56,555.56,0,195555.56,56,0,1024,0,0,0,0,0,1,100,SYNScan,Nmap,Malicious,1
4806,UE_10,tcp,440.7,-53.89,40.18,61.28,61.28,23,15,8,890,570,320,38,40,0.38,0.24,0.13,116.19,64,64,512,16384,0.1398,0.0839,0.0559,128,0,0,SlowrateDoS,Slowloris,Malicious,1
435,UE_1,tcp,146.1,-44.15,48.68,0.695,0.695,33,12,21,24505,2022,22483,168.5,1070.6,47.48,17.27,30.22,282071.94,64,64,65535,65535,0.0344,0.0172,0.0172,342,1,0.05,Benign,None,Benign,0
4948,UE_10,tcp,440.7,-54.77,39.04,46.28,46.28,21,9,12,819,339,480,37.7,40,0.45,0.19,0.26,141.57,64,64,512,16384,0.2257,0.1354,0.0903,128,0,0,SlowrateDoS,Slowloris,Malicious,1
5,UE_1,tcp,146.1,-44.76,48.86,2.671,2.671,65,13,52,69305,2048,67257,157.5,1293.4,24.34,4.87,19.47,207577.69,64,64,65535,65535,0.0382,0.0191,0.0191,265,0,0,Benign,None,Benign,0
4826,UE_10,tcp,440.7,-53.9,39.32,36.99,36.99,29,18,11,996,556,440,30.9,40,0.78,0.49,0.3,215.41,64,64,512,16384,0.1362,0.0817,0.0545,128,0,0,SlowrateDoS,Slowloris,Malicious,1
1027,UE_3,udp,127.5,-42.09,51.95,2.406,2.406,287,146,141,49488,25433,24055,174.2,170.6,119.29,60.68,58.6,164548.63,64,64,0,0,0,0,0,247,1,0.05,Benign,None,Benign,0
1931,UE_4,udp,116.4,-39.88,52.22,0.111,0.111,5,4,1,419,369,50,92.2,50.4,45.05,36.04,9.01,30198.2,64,64,0,0,0,0,0,305,0,0,Benign,None,Benign,0
1983,UE_4,udp,116.4,-39.75,52.49,0.136,0.136,5,4,1,423,365,58,91.2,58.2,36.76,29.41,7.35,24882.35,64,64,0,0,0,0,0,227,1,0.05,Benign,None,Benign,0
582,UE_2,tcp,235.5,-52.51,39.96,5.542,5.542,287,67,220,305198,7538,297660,112.5,1353,51.79,12.09,39.7,440560.09,64,64,131072,131072,0.0142,0.0071,0.0071,290,1,0.05,Benign,None,Benign,0
1423,UE_3,udp,127.5,-41.64,51.46,4.414,4.414,258,127,131,44454,21057,23397,165.8,178.6,58.45,28.77,29.68,80569.1,64,64,0,0,0,0,0,133,0,0,Benign,None,Benign,0
2713,UE_6,tcp,321,-52.06,38.88,1.902,1.902,66,26,40,37804,10244,27560,394,689,34.7,13.67,21.03,159007.36,64,64,65535,65535,0.0288,0.0144,0.0144,367,0,0,Benign,None,Benign,0
2398,UE_5,tcp,309,-52.83,39.49,4.953,4.953,723,78,645,946692,4992,941700,64,1460,145.97,15.75,130.22,1529080.56,64,64,262144,262144,0.0205,0.0103,0.0103,309,1,0.05,Benign,None,Benign,0
3710,UE_8,udp,403.8,-52.6,40.3,0.269,0.269,826,826,0,593564,593564,0,718.6,0,3070.63,3070.63,0,17652460.97,64,0,0,0,0,0,0,0,661,80,UDPFlood,Hping3,Malicious,1
4342,UE_9,tcp,409.2,-55.19,38.37,0.0055,0.0055,1,1,0,44,44,0,44,0,181.82,181.82,0,64000,53,0,1024,0,0,0,0,0,1,100,SYNScan,Nmap,Malicious,1
2175,UE_5,tcp,309,-51.56,39.85,4.325,4.325,878,86,792,1161824,5504,1156320,64,1460,203.01,19.88,183.12,2149038.61,64,64,262144,262144,0.0139,0.007,0.007,239,1,0.05,Benign,None,Benign,0
3074,UE_7,tcp,413,-59.96,33.65,0.0687,0.0687,357,357,0,14280,14280,0,40,0,5196.51,5196.51,0,1662882.1,128,0,1024,0,0,0,0,0,357,100,SYNFlood,Hping3,Malicious,1
4845,UE_10,tcp,440.7,-54.51,39.62,51.31,51.31,19,9,10,632,232,400,25.8,40,0.37,0.18,0.19,98.54,64,64,512,16384,0.1892,0.1135,0.0757,128,0,0,SlowrateDoS,Slowloris,Malicious,1
3122,UE_7,tcp,413,-59.43,33.97,0.0845,0.0845,542,542,0,21680,21680,0,40,0,6414.2,6414.2,0,2052544.38,128,0,1024,0,0,0,0,0,542,100,SYNFlood,Hping3,Malicious,1
542,UE_2,tcp,235.5,-52.47,40.52,9.812,9.812,468,78,390,481900,6997,474903,89.7,1217.7,47.7,7.95,39.75,392906.64,64,64,131072,131072,0.0163,0.0082,0.0082,269,0,0,Benign,None,Benign,0
1653,UE_4,udp,116.4,-41.57,52.31,0.103,0.103,4,3,1,300,244,56,81.4,55.8,38.83,29.13,9.71,23300.97,64,64,0,0,0,0,0,432,0,0,Benign,None,Benign,0
36,UE_1,tcp,146.1,-44.16,47.52,0.593,0.593,62,31,31,40616,5016,35600,161.8,1148.4,104.55,52.28,52.28,547939.29,64,64,65535,65535,0.0339,0.017,0.017,250,1,0.05,Benign,None,Benign,0
4923,UE_10,tcp,440.7,-54.74,38.76,48.15,48.15,24,18,6,793,553,240,30.7,40,0.5,0.37,0.12,131.75,64,64,512,16384,0.1632,0.0979,0.0653,128,0,0,SlowrateDoS,Slowloris,Malicious,1
4629,UE_10,tcp,440.7,-53.38,39.88,52.12,52.12,17,11,6,659,419,240,38.1,40,0.33,0.21,0.12,101.15,64,64,512,16384,0.1678,0.1007,0.0671,128,0,0,SlowrateDoS,Slowloris,Malicious,1
1676,UE_4,udp,116.4,-40.55,52.44,0.22,0.22,6,4,2,406,292,114,73,57.2,27.27,18.18,9.09,14763.64,64,64,0,0,0,0,0,147,0,0,Benign,None,Benign,0
3512,UE_8,udp,403.8,-52.54,41.11,0.454,0.454,2239,2239,0,1199656,1199656,0,535.8,0,4931.72,4931.72,0,21139312.78,64,0,0,0,0,0,0,0,1791,80,UDPFlood,Hping3,Malicious,1
2456,UE_5,tcp,309,-53.3,39.42,9.857,9.857,867,96,771,1131804,6144,1125660,64,1460,87.96,9.74,78.22,918578.88,64,64,262144,262144,0.0229,0.0115,0.0115,373,1,0.05,Benign,None,Benign,0
3582,UE_8,udp,403.8,-52.72,41.14,0.456,0.456,1324,1324,0,1315394,1315394,0,993.5,0,2903.51,2903.51,0,23077087.72,64,0,0,0,0,0,0,0,1059,80,UDPFlood,Hping3,Malicious,1
4039,UE_9,tcp,409.2,-54.9,38.66,0.0016,0.0016,1,1,0,44,44,0,44,0,625,625,0,220000,48,0,1024,0,0,0,0,0,1,100,SYNScan,Nmap,Malicious,1
4207,UE_9,tcp,409.2,-55.25,38.8,0.0023,0.0023,2,1,1,84,44,40,44,40,869.57,434.78,434.78,292173.91,45,55,1024,0,0.0086,0,0,0,0,0,SYNScan,Nmap,Malicious,1
3178,UE_7,tcp,413,-60,34.68,0.0927,0.0927,988,988,0,39520,39520,0,40,0,10658.04,10658.04,0,3410571.74,128,0,1024,0,0,0,0,0,988,100,SYNFlood,Hping3,Malicious,1
2235,UE_5,tcp,309,-53.05,40.16,8.515,8.515,441,97,344,508448,6208,502240,64,1460,51.79,11.39,40.4,477696.3,64,64,262144,262144,0.0126,0.0063,0.0063,156,0,0,Benign,None,Benign,0
4973,UE_10,tcp,440.7,-54.05,38.36,55.27,55.27,25,17,8,988,668,320,39.3,40,0.45,0.31,0.14,143.01,64,64,512,16384,0.1669,0.1001,0.0668,128,0,0,SlowrateDoS,Slowloris,Malicious,1
3248,UE_7,tcp,413,-59.21,34.09,0.0743,0.0743,903,903,0,36120,36120,0,40,0,12153.43,12153.43,0,3889098.25,128,0,1024,0,0,0,0,0,903,100,SYNFlood,Hping3,Malicious,1
4824,UE_10,tcp,440.7,-54.91,38.72,57.03,57.03,21,17,4,750,590,160,34.7,40,0.37,0.3,0.07,105.21,64,64,512,16384,0.1714,0.1028,0.0686,128,0,0,SlowrateDoS,Slowloris,Malicious,1
926,UE_2,tcp,235.5,-52.43,40.35,7.188,7.188,279,66,213,297339,7616,289723,115.4,1360.2,38.81,9.18,29.63,330928.21,64,64,131072,131072,0.0186,0.0093,0.0093,437,0,0,Benign,None,Benign,0
1293,UE_3,udp,127.5,-42.43,50.61,1.61,1.61,117,61,56,20424,10669,9755,174.9,174.2,72.67,37.89,34.78,101485.71,64,64,0,0,0,0,0,382,0,0,Benign,None,Benign,0
3130,UE_7,tcp,413,-59.15,34.06,0.0617,0.0617,229,229,0,9160,9160,0,40,0,3711.51,3711.51,0,1187682.33,128,0,1024,0,0,0,0,0,229,100,SYNFlood,Hping3,Malicious,1
4903,UE_10,tcp,440.7,-53.55,39.68,52.35,52.35,27,19,8,814,494,320,26,40,0.52,0.36,0.15,124.39,64,64,512,16384,0.0892,0.0535,0.0357,128,0,0,SlowrateDoS,Slowloris,Malicious,1
2348,UE_5,tcp,309,-52.82,40.84,4.51,4.51,665,89,576,846656,5696,840960,64,1460,147.45,19.73,127.72,1501828.82,64,64,262144,262144,0.0131,0.0066,0.0066,416,0,0,Benign,None,Benign,0
3309,UE_7,tcp,413,-59.85,34.02,0.0173,0.0173,529,529,0,21160,21160,0,40,0,30578.03,30578.03,0,9784971.1,128,0,1024,0,0,0,0,0,529,100,SYNFlood,Hping3,Malicious,1
4828,UE_10,tcp,440.7,-53.94,38.82,43.56,43.56,18,13,5,617,417,200,32.1,40,0.41,0.3,0.11,113.31,64,64,512,16384,0.1489,0.0893,0.0596,128,0,0,SlowrateDoS,Slowloris,Malicious,1
3259,UE_7,tcp,413,-59.86,33.98,0.0901,0.0901,466,466,0,18640,18640,0,40,0,5172.03,5172.03,0,1655049.94,128,0,1024,0,0,0,0,0,466,100,SYNFlood,Hping3,Malicious,1
2825,UE_6,tcp,321,-52.11,39.64,1.333,1.333,60,25,35,30392,10690,19702,427.6,562.9,45.01,18.75,26.26,182397.6,64,64,65535,65535,0.0318,0.0159,0.0159,412,1,0.05,Benign,None,Benign,0
2376,UE_5,tcp,309,-53.29,40.3,5.91,5.91,841,76,765,1121764,4864,1116900,64,1460,142.3,12.86,129.44,1518462.27,64,64,262144,262144,0.0188,0.0094,0.0094,502,0,0,Benign,None,Benign,0
3366,UE_7,tcp,413,-59.37,33.64,0.0971,0.0971,917,917,0,36680,36680,0,40,0,9443.87,9443.87,0,3022039.13,128,0,1024,0,0,0,0,0,917,100,SYNFlood,Hping3,Malicious,1
4173,UE_9,tcp,409.2,-55.73,39.02,0.0039,0.0039,1,1,0,44,44,0,44,0,256.41,256.41,0,90256.41,46,0,1024,0,0,0,0,0,1,100,SYNScan,Nmap,Malicious,1
4613,UE_10,tcp,440.7,-54.07,38.72,34.88,34.88,17,10,7,629,349,280,34.9,40,0.49,0.29,0.2,144.27,64,64,512,16384,0.1549,0.0929,0.062,128,0,0,SlowrateDoS,Slowloris,Malicious,1
1744,UE_4,udp,116.4,-40.73,52.88,0.079,0.079,2,1,1,128,66,62,65.5,62.4,25.32,12.66,12.66,12962.03,64,64,0,0,0,0,0,399,0,0,Benign,None,Benign,0
1993,UE_4,udp,116.4,-40.7,51.94,0.051,0.051,6,4,2,446,318,128,79.5,63.9,117.65,78.43,39.22,69960.78,64,64,0,0,0,0,0,250,0,0,Benign,None,Benign,0
255,UE_1,tcp,146.1,-44.15,48.1,4.055,4.055,61,23,38,47069,4798,42271,208.6,1112.4,15.04,5.67,9.37,92861.16,64,64,65535,65535,0.0172,0.0086,0.0086,377,0,0,Benign,None,Benign,0
2836,UE_6,tcp,321,-51.6,39.79,2.126,2.126,51,21,30,21253,9007,12246,428.9,408.2,23.99,9.88,14.11,79973.66,64,64,65535,65535,0.0348,0.0174,0.0174,450,0,0,Benign,None,Benign,0
3817,UE_8,udp,403.8,-52.97,40.29,0.453,0.453,1311,1311,0,892922,892922,0,681.1,0,2894.04,2894.04,0,15769041.94,64,0,0,0,0,0,0,0,1049,80,UDPFlood,Hping3,Malicious,1
2111,UE_5,tcp,309,-52.51,40.69,5.303,5.303,384,65,319,469900,4160,465740,64,1460,72.41,12.26,60.15,708881.77,64,64,262144,262144,0.014,0.007,0.007,172,1,0.05,Benign,None,Benign,0
3945,UE_8,udp,403.8,-52.28,41.18,0.209,0.209,726,726,0,611800,611800,0,842.7,0,3473.68,3473.68,0,23418181.82,64,0,0,0,0,0,0,0,581,80,UDPFlood,Hping3,Malicious,1
3696,UE_8,udp,403.8,-51.83,40.39,0.154,0.154,1817,1817,0,958104,958104,0,527.3,0,11798.7,11798.7,0,49771636.36,64,0,0,0,0,0,0,0,1454,80,UDPFlood,Hping3,Malicious,1
1693,UE_4,udp,116.4,-39.88,53.08,0.09,0.09,3,1,2,196,94,102,94,51,33.33,11.11,22.22,17422.22,64,64,0,0,0,0,0,476,0,0,Benign,None,Benign,0
1521,UE_4,udp,116.4,-39.84,53.22,0.217,0.217,4,3,1,250,194,56,64.5,55.7,18.43,13.82,4.61,9216.59,64,64,0,0,0,0,0,309,0,0,Benign,None,Benign,0
4588,UE_10,tcp,440.7,-53.52,39.47,64.29,64.29,21,14,7,672,392,280,28,40,0.33,0.22,0.11,83.62,64,64,512,16384,0.2275,0.1365,0.091,128,0,0,SlowrateDoS,Slowloris,Malicious,1
4787,UE_10,tcp,440.7,-54.23,39.3,57.09,57.09,23,19,4,711,551,160,29,40,0.4,0.33,0.07,99.63,64,64,512,16384,0.1248,0.0749,0.0499,128,0,0,SlowrateDoS,Slowloris,Malicious,1
2857,UE_6,tcp,321,-51.49,39.29,2.028,2.028,68,28,40,40898,13538,27360,483.5,684,33.53,13.81,19.72,161333.33,64,64,65535,65535,0.0242,0.0121,0.0121,418,0,0,Benign,None,Benign,0
854,UE_2,tcp,235.5,-52.45,41.07,6.164,6.164,338,63,275,398415,6842,391573,108.6,1423.9,54.83,10.22,44.61,517086.31,64,64,131072,131072,0.0131,0.0066,0.0066,331,0,0,Benign,None,Benign,0
1299,UE_3,udp,127.5,-41.71,51.35,2.495,2.495,174,86,88,29206,14809,14397,172.2,163.6,69.74,34.47,35.27,93646.49,64,64,0,0,0,0,0,369,1,0.05,Benign,None,Benign,0
3776,UE_8,udp,403.8,-53.16,41.15,0.176,0.176,690,690,0,583947,583947,0,846.3,0,3920.45,3920.45,0,26543045.45,64,0,0,0,0,0,0,0,552,80,UDPFlood,Hping3,Malicious,1
145,UE_1,tcp,146.1,-44.73,49.05,3.454,3.454,68,32,36,46663,5846,40817,182.7,1133.8,19.69,9.26,10.42,108078.75,64,64,65535,65535,0.0392,0.0196,0.0196,429,0,0,Benign,None,Benign,0
3033,UE_7,tcp,413,-59.52,33.64,0.0923,0.0923,458,458,0,18320,18320,0,40,0,4962.08,4962.08,0,1587865.66,128,0,1024,0,0,0,0,0,458,100,SYNFlood,Hping3,Malicious,1
3159,UE_7,tcp,413,-59.96,34.3,0.0749,0.0749,737,737,0,29480,29480,0,40,0,9839.79,9839.79,0,3148731.64,128,0,1024,0,0,0,0,0,737,100,SYNFlood,Hping3,Malicious,1
1256,UE_3,udp,127.5,-41.41,50.18,5.504,5.504,163,81,82,27694,13770,13924,170,169.8,29.61,14.72,14.9,40252.91,64,64,0,0,0,0,0,403,0,0,Benign,None,Benign,0
1945,UE_4,udp,116.4,-40.37,53.06,0.131,0.131,6,4,2,444,319,125,79.8,62.6,45.8,30.53,15.27,27114.5,64,64,0,0,0,0,0,207,0,0,Benign,None,Benign,0
3857,UE_8,udp,403.8,-51.99,40.08,0.533,0.533,2164,2164,0,1943056,1943056,0,897.9,0,4060.04,4060.04,0,29164067.54,64,0,0,0,0,0,0,0,1731,80,UDPFlood,Hping3,Malicious,1
4650,UE_10,tcp,440.7,-53.76,38.39,28.97,28.97,23,11,12,759,279,480,25.4,40,0.79,0.38,0.41,209.6,64,64,512,16384,0.2024,0.1214,0.081,128,0,0,SlowrateDoS,Slowloris,Malicious,1
4932,UE_10,tcp,440.7,-54.13,39.31,48.35,48.35,31,20,11,974,534,440,26.7,40,0.64,0.41,0.23,161.16,64,64,512,16384,0.2005,0.1203,0.0802,128,0,0,SlowrateDoS,Slowloris,Malicious,1
638,UE_2,tcp,235.5,-53.21,41.56,6.726,6.726,499,66,433,585189,7610,577579,115.3,1333.9,74.19,9.81,64.38,696032.11,64,64,131072,131072,0.0255,0.0128,0.0128,423,0,0,Benign,None,Benign,0
1192,UE_3,udp,127.5,-41.25,51.03,2.975,2.975,132,67,65,22917,11223,11694,167.5,179.9,44.37,22.52,21.85,61625.55,64,64,0,0,0,0,0,311,0,0,Benign,None,Benign,0
2246,UE_5,tcp,309,-54.01,40.35,9.379,9.379,416,81,335,494284,5184,489100,64,1460,44.35,8.64,35.72,421609.13,64,64,262144,262144,0.0183,0.0092,0.0092,150,0,0,Benign,None,Benign,0
2028,UE_5,tcp,309,-52.89,39.97,9.445,9.445,860,88,772,1132752,5632,1127120,64,1460,91.05,9.32,81.74,959451.14,64,64,262144,262144,0.0149,0.0075,0.0075,314,1,0.05,Benign,None,Benign,0
4375,UE_9,tcp,409.2,-55.74,38.67,0.0034,0.0034,1,1,0,44,44,0,44,0,294.12,294.12,0,103529.41,56,0,1024,0,0,0,0,0,1,100,SYNScan,Nmap,Malicious,1
1203,UE_3,udp,127.5,-42.19,50.91,4.459,4.459,119,62,57,21024,11129,9895,179.5,173.6,26.69,13.9,12.78,37719.67,64,64,0,0,0,0,0,153,1,0.05,Benign,None,Benign,0
1352,UE_3,udp,127.5,-41.73,51.49,1.849,1.849,216,108,108,37087,18857,18230,174.6,168.8,116.82,58.41,58.41,160462.95,64,64,0,0,0,0,0,387,0,0,Benign,None,Benign,0
2749,UE_6,tcp,321,-51.51,40.37,2.076,2.076,61,28,33,34360,11438,22922,408.5,694.6,29.38,13.49,15.9,132408.48,64,64,65535,65535,0.0403,0.0202,0.0202,399,0,0,Benign,None,Benign,0
2527,UE_6,tcp,321,-51.98,40.08,2.413,2.413,49,19,30,29356,9154,20202,481.8,673.4,20.31,7.87,12.43,97326.15,64,64,65535,65535,0.0344,0.0172,0.0172,434,0,0,Benign,None,Benign,0
4233,UE_9,tcp,409.2,-55.5,38.2,0.0035,0.0035,1,1,0,44,44,0,44,0,285.71,285.71,0,100571.43,49,0,1024,0,0,0,0,0,1,100,SYNScan,Nmap,Malicious,1
4348,UE_9,tcp,409.2,-55.35,38.39,0.0036,0.0036,1,1,0,44,44,0,44,0,277.78,277.78,0,97777.78,48,0,1024,0,0,0,0,0,1,100,SYNScan,Nmap,Malicious,1
4164,UE_9,tcp,409.2,-55.3,38.32,0.0043,0.0043,2,1,1,84,44,40,44,40,465.12,232.56,232.56,156279.07,47,55,1024,0,0.0106,0,0,0,0,0,SYNScan,Nmap,Malicious,1
4244,UE_9,tcp,409.2,-55.31,38.73,0.004,0.004,1,1,0,44,44,0,44,0,250,250,0,88000,46,0,1024,0,0,0,0,0,1,100,SYNScan,Nmap,Malicious,1
3358,UE_7,tcp,413,-59.25,33.44,0.0244,0.0244,807,807,0,32280,32280,0,40,0,33073.77,33073.77,0,10583606.56,128,0,1024,0,0,0,0,0,807,100,SYNFlood,Hping3,Malicious,1
1755,UE_4,udp,116.4,-40.18,52.25,0.191,0.191,4,3,1,290,227,63,75.6,63,20.94,15.71,5.24,12146.6,64,64,0,0,0,0,0,130,1,0.05,Benign,None,Benign,0
563,UE_2,tcp,235.5,-51.8,40.13,4.289,4.289,306,62,244,302258,7335,294923,118.3,1208.7,71.35,14.46,56.89,563782.7,64,64,131072,131072,0.0216,0.0108,0.0108,415,1,0.05,Benign,None,Benign,0
4889,UE_10,tcp,440.7,-53.02,38.82,33.16,33.16,22,15,7,795,515,280,34.3,40,0.66,0.45,0.21,191.8,64,64,512,16384,0.1433,0.086,0.0573,128,0,0,SlowrateDoS,Slowloris,Malicious,1
3970,UE_8,udp,403.8,-52.26,39.62,0.291,0.291,1781,1781,0,993798,993798,0,558,0,6120.27,6120.27,0,27320907.22,64,0,0,0,0,0,0,0,1425,80,UDPFlood,Hping3,Malicious,1
86,UE_1,tcp,146.1,-44.59,46.81,3.136,3.136,39,10,29,34672,1731,32941,173.1,1135.9,12.44,3.19,9.25,88448.98,64,64,65535,65535,0.0156,0.0078,0.0078,188,1,0.05,Benign,None,Benign,0
80,UE_1,tcp,146.1,-43.86,48.75,2.096,2.096,44,11,33,29009,2533,26476,230.3,802.3,20.99,5.25,15.74,110721.37,64,64,65535,65535,0.025,0.0125,0.0125,327,0,0,Benign,None,Benign,0
3996,UE_8,udp,403.8,-52.36,39.83,0.14,0.14,1845,1845,0,1244084,1244084,0,674.3,0,13178.57,13178.57,0,71090514.29,64,0,0,0,0,0,0,0,1476,80,UDPFlood,Hping3,Malicious,1
4192,UE_9,tcp,409.2,-54.38,38.3,0.0012,0.0012,1,1,0,44,44,0,44,0,833.33,833.33,0,293333.33,58,0,1024,0,0,0,0,0,1,100,SYNScan,Nmap,Malicious,1
2489,UE_5,tcp,309,-51.95,40,9.887,9.887,563,48,515,754972,3072,751900,64,1460,56.94,4.85,52.09,610880.55,64,64,262144,262144,0.0256,0.0128,0.0128,220,0,0,Benign,None,Benign,0
1887,UE_4,udp,116.4,-40.05,52.66,0.098,0.098,3,2,1,247,190,57,95.1,57.2,30.61,20.41,10.2,20163.27,64,64,0,0,0,0,0,301,0,0,Benign,None,Benign,0
2543,UE_6,tcp,321,-51.16,40.37,1.54,1.54,60,23,37,31234,11406,19828,495.9,535.9,38.96,14.94,24.03,162254.55,64,64,65535,65535,0.0434,0.0217,0.0217,278,1,0.05,Benign,None,Benign,0
2831,UE_6,tcp,321,-50.64,39.35,1.019,1.019,49,25,24,23557,10523,13034,420.9,543.1,48.09,24.53,23.55,184942.1,64,64,65535,65535,0.0201,0.0101,0.0101,408,0,0,Benign,None,Benign,0
4007,UE_9,tcp,409.2,-56.12,38.88,0.0035,0.0035,1,1,0,44,44,0,44,0,285.71,285.71,0,100571.43,46,0,1024,0,0,0,0,0,1,100,SYNScan,Nmap,Malicious,1
952,UE_2,tcp,235.5,-52.94,40.17,3.156,3.156,470,36,434,545237,4039,541198,112.2,1247,148.92,11.41,137.52,1382096.32,64,64,131072,131072,0.0181,0.0091,0.0091,233,0,0,Benign,None,Benign,0
984,UE_2,tcp,235.5,-53.45,40.3,6.467,6.467,343,76,267,329076,8649,320427,113.8,1200.1,53.04,11.75,41.29,407083.35,64,64,131072,131072,0.0134,0.0067,0.0067,271,0,0,Benign,None,Benign,0
1447,UE_3,udp,127.5,-41.48,51.02,2.484,2.484,209,106,103,35395,18688,16707,176.3,162.2,84.14,42.67,41.47,113993.56,64,64,0,0,0,0,0,244,1,0.05,Benign,None,Benign,0
3579,UE_8,udp,403.8,-52.31,41.05,0.25,0.25,1365,1365,0,1370460,1370460,0,1004,0,5460,5460,0,43854720,64,0,0,0,0,0,0,0,1092,80,UDPFlood,Hping3,Malicious,1
3980,UE_8,udp,403.8,-52.24,40.63,0.393,0.393,2044,2044,0,1441429,1441429,0,705.2,0,5201.02,5201.02,0,29342066.16,64,0,0,0,0,0,0,0,1635,80,UDPFlood,Hping3,Malicious,1
1322,UE_3,udp,127.5,-41.74,50.89,1.312,1.312,102,53,49,17275,9254,8021,174.6,163.7,77.74,40.4,37.35,105335.37,64,64,0,0,0,0,0,506,1,0.05,Benign,None,Benign,0
2388,UE_5,tcp,309,-52.68,39.17,12.224,12.224,854,83,771,1130972,5312,1125660,64,1460,69.86,6.79,63.07,740164.92,64,64,262144,262144,0.0133,0.0067,0.0067,442,0,0,Benign,None,Benign,0
2650,UE_6,tcp,321,-51.46,40.35,1.202,1.202,61,23,38,33383,8561,24822,372.2,653.2,50.75,19.13,31.61,222183.03,64,64,65535,65535,0.0379,0.019,0.019,463,0,0,Benign,None,Benign,0
4131,UE_9,tcp,409.2,-56.47,38.36,0.0017,0.0017,1,1,0,44,44,0,44,0,588.24,588.24,0,207058.82,54,0,1024,0,0,0,0,0,1,100,SYNScan,Nmap,Malicious,1
3766,UE_8,udp,403.8,-52.75,40.03,0.579,0.579,1224,1224,0,655819,655819,0,535.8,0,2113.99,2113.99,0,9061402.42,64,0,0,0,0,0,0,0,979,80,UDPFlood,Hping3,Malicious,1
4128,UE_9,tcp,409.2,-55.11,38.89,0.0059,0.0059,2,1,1,84,44,40,44,40,338.98,169.49,169.49,113898.31,58,55,1024,0,0.0075,0,0,0,0,0,SYNScan,Nmap,Malicious,1
4529,UE_10,tcp,440.7,-54.66,39.54,57.91,57.91,19,12,7,590,310,280,25.8,40,0.33,0.21,0.12,81.51,64,64,512,16384,0.1029,0.0617,0.0412,128,0,0,SlowrateDoS,Slowloris,Malicious,1
3584,UE_8,udp,403.8,-51.86,41.22,0.494,0.494,806,806,0,509150,509150,0,631.7,0,1631.58,1631.58,0,8245344.13,64,0,0,0,0,0,0,0,645,80,UDPFlood,Hping3,Malicious,1
626,UE_2,tcp,235.5,-52.62,40.91,8.47,8.47,355,48,307,395047,5126,389921,106.8,1270.1,41.91,5.67,36.25,373125.86,64,64,131072,131072,0.0156,0.0078,0.0078,269,0,0,Benign,None,Benign,0
1555,UE_4,udp,116.4,-40.86,51.8,0.184,0.184,3,2,1,188,136,52,67.8,51.9,16.3,10.87,5.43,8173.91,64,64,0,0,0,0,0,157,0,0,Benign,None,Benign,0
2971,UE_6,tcp,321,-50.99,40.06,1.214,1.214,84,40,44,40311,16916,23395,422.9,531.7,69.19,32.95,36.24,265640.86,64,64,65535,65535,0.0207,0.0104,0.0104,349,0,0,Benign,None,Benign,0
2748,UE_6,tcp,321,-52.21,39.75,2.166,2.166,60,29,31,23583,9819,13764,338.6,444,27.7,13.39,14.31,87102.49,64,64,65535,65535,0.0398,0.0199,0.0199,409,1,0.05,Benign,None,Benign,0
1549,UE_4,udp,116.4,-41.52,52.41,0.111,0.111,4,3,1,285,227,58,75.7,58.3,36.04,27.03,9.01,20540.54,64,64,0,0,0,0,0,166,1,0.05,Benign,None,Benign,0
1050,UE_3,udp,127.5,-41.83,51.2,4.699,4.699,242,121,121,42484,21006,21478,173.6,177.5,51.5,25.75,25.75,72328.58,64,64,0,0,0,0,0,366,0,0,Benign,None,Benign,0
723,UE_2,tcp,235.5,-52.87,40.09,6.033,6.033,292,57,235,340185,6720,333465,117.9,1419,48.4,9.45,38.95,451098.96,64,64,131072,131072,0.0244,0.0122,0.0122,367,0,0,Benign,None,Benign,0
303,UE_1,tcp,146.1,-45.51,48.6,2.896,2.896,72,26,46,41744,4594,37150,176.7,807.6,24.86,8.98,15.88,115314.92,64,64,65535,65535,0.044,0.022,0.022,242,0,0,Benign,None,Benign,0
2018,UE_5,tcp,309,-53.26,39.23,12.97,12.97,437,50,387,568220,3200,565020,64,1460,33.69,3.86,29.84,350482.65,64,64,262144,262144,0.0257,0.0129,0.0129,176,0,0,Benign,None,Benign,0
3541,UE_8,udp,403.8,-51.74,40.78,0.335,0.335,1937,1937,0,1203846,1203846,0,621.5,0,5782.09,5782.09,0,28748561.19,64,0,0,0,0,0,0,0,1550,80,UDPFlood,Hping3,Malicious,1
3448,UE_7,tcp,413,-60.04,34.26,0.0162,0.0162,265,265,0,10600,10600,0,40,0,16358.02,16358.02,0,5234567.9,128,0,1024,0,0,0,0,0,265,100,SYNFlood,Hping3,Malicious,1
4202,UE_9,tcp,409.2,-55.65,37.27,0.0045,0.0045,2,1,1,84,44,40,44,40,444.44,222.22,222.22,149333.33,57,55,1024,0,0.0133,0,0,0,0,0,SYNScan,Nmap,Malicious,1
2364,UE_5,tcp,309,-53.45,39.24,11.015,11.015,635,54,581,851716,3456,848260,64,1460,57.65,4.9,52.75,618586.29,64,64,262144,262144,0.0257,0.0129,0.0129,470,0,0,Benign,None,Benign,0
4934,UE_10,tcp,440.7,-54.58,38.68,58.65,58.65,24,16,8,915,595,320,37.2,40,0.41,0.27,0.14,124.81,64,64,512,16384,0.1875,0.1125,0.075,128,0,0,SlowrateDoS,Slowloris,Malicious,1
2871,UE_6,tcp,321,-52.08,39.53,1.616,1.616,78,35,43,34935,14648,20287,418.5,471.8,48.27,21.66,26.61,172945.54,64,64,65535,65535,0.02,0.01,0.01,429,0,0,Benign,None,Benign,0
2801,UE_6,tcp,321,-51.39,40.52,1.217,1.217,45,20,25,19508,9050,10458,452.5,418.3,36.98,16.43,20.54,128236.65,64,64,65535,65535,0.0449,0.0225,0.0225,281,0,0,Benign,None,Benign,0
2668,UE_6,tcp,321,-51.84,39.75,1.057,1.057,60,31,29,27776,13398,14378,432.2,495.8,56.76,29.33,27.44,210225.17,64,64,65535,65535,0.0308,0.0154,0.0154,285,0,0,Benign,None,Benign,0
2820,UE_6,tcp,321,-50.68,39.65,1.32,1.32,48,23,25,24612,7802,16810,339.2,672.4,36.36,17.42,18.94,149163.64,64,64,65535,65535,0.0433,0.0217,0.0217,486,1,0.05,Benign,None,Benign,0
4626,UE_10,tcp,440.7,-54.56,39.6,30.5,30.5,26,18,8,1035,715,320,39.7,40,0.85,0.59,0.26,271.48,64,64,512,16384,0.1435,0.0861,0.0574,128,0,0,SlowrateDoS,Slowloris,Malicious,1
3267,UE_7,tcp,413,-59.92,33.74,0.0638,0.0638,799,799,0,31960,31960,0,40,0,12523.51,12523.51,0,4007523.51,128,0,1024,0,0,0,0,0,799,100,SYNFlood,Hping3,Malicious,1
3557,UE_8,udp,403.8,-52.57,41.18,0.32,0.32,1092,1092,0,753917,753917,0,690.4,0,3412.5,3412.5,0,18847925,64,0,0,0,0,0,0,0,874,80,UDPFlood,Hping3,Malicious,1
959,UE_2,tcp,235.5,-52.42,40.48,3.994,3.994,347,41,306,446587,4203,442384,102.5,1445.7,86.88,10.27,76.61,894515.77,64,64,131072,131072,0.0139,0.007,0.007,238,0,0,Benign,None,Benign,0
3697,UE_8,udp,403.8,-52.26,40.43,0.337,0.337,536,536,0,288582,288582,0,538.4,0,1590.5,1590.5,0,6850611.28,64,0,0,0,0,0,0,0,429,80,UDPFlood,Hping3,Malicious,1
978,UE_2,tcp,235.5,-51.31,41.72,7.682,7.682,307,35,272,356390,3987,352403,113.9,1295.6,39.96,4.56,35.41,371142.93,64,64,131072,131072,0.0218,0.0109,0.0109,509,0,0,Benign,None,Benign,0
891,UE_2,tcp,235.5,-52.41,41.31,6.571,6.571,218,33,185,238657,3429,235228,103.9,1271.5,33.18,5.02,28.15,290557.91,64,64,131072,131072,0.0116,0.0058,0.0058,355,1,0.05,Benign,None,Benign,0
3140,UE_7,tcp,413,-59.49,33.7,0.0806,0.0806,978,978,0,39120,39120,0,40,0,12134,12134,0,3882878.41,128,0,1024,0,0,0,0,0,978,100,SYNFlood,Hping3,Malicious,1
1644,UE_4,udp,116.4,-41.17,51.52,0.113,0.113,3,1,2,189,71,118,70.5,59,26.55,8.85,17.7,13380.53,64,64,0,0,0,0,0,140,0,0,Benign,None,Benign,0
3600,UE_8,udp,403.8,-52.67,40.65,0.222,0.222,1122,1122,0,905117,905117,0,806.7,0,5054.05,5054.05,0,32616828.83,64,0,0,0,0,0,0,0,898,80,UDPFlood,Hping3,Malicious,1
4278,UE_9,tcp,409.2,-55.85,38.38,0.0013,0.0013,1,1,0,44,44,0,44,0,769.23,769.23,0,270769.23,57,0,1024,0,0,0,0,0,1,100,SYNScan,Nmap,Malicious,1
1889,UE_4,udp,116.4,-40.26,51.62,0.175,0.175,2,1,1,128,77,51,77.4,50.6,11.43,5.71,5.71,5851.43,64,64,0,0,0,0,0,144,0,0,Benign,None,Benign,0
4326,UE_9,tcp,409.2,-54.56,38.27,0.0019,0.0019,1,1,0,44,44,0,44,0,526.32,526.32,0,185263.16,47,0,1024,0,0,0,0,0,1,100,SYNScan,Nmap,Malicious,1
3757,UE_8,udp,403.8,-52.76,41.25,0.189,0.189,1570,1570,0,1377361,1377361,0,877.3,0,8306.88,8306.88,0,58300994.71,64,0,0,0,0,0,0,0,1256,80,UDPFlood,Hping3,Malicious,1
3439,UE_7,tcp,413,-59.57,34.48,0.0843,0.0843,340,340,0,13600,13600,0,40,0,4033.21,4033.21,0,1290628.71,128,0,1024,0,0,0,0,0,340,100,SYNFlood,Hping3,Malicious,1
2488,UE_5,tcp,309,-53.36,40.22,6.233,6.233,676,69,607,890636,4416,886220,64,1460,108.45,11.07,97.38,1143123.38,64,64,262144,262144,0.018,0.009,0.009,452,0,0,Benign,None,Benign,0
1348,UE_3,udp,127.5,-41.39,50.32,1.851,1.851,143,69,74,23609,11081,12528,160.6,169.3,77.26,37.28,39.98,102037.82,64,64,0,0,0,0,0,457,1,0.05,Benign,None,Benign,0
4219,UE_9,tcp,409.2,-55.09,38.94,0.0051,0.0051,1,1,0,44,44,0,44,0,196.08,196.08,0,69019.61,57,0,1024,0,0,0,0,0,1,100,SYNScan,Nmap,Malicious,1
4751,UE_10,tcp,440.7,-54.26,39.51,51.31,51.31,27,17,10,1010,610,400,35.9,40,0.53,0.33,0.19,157.47,64,64,512,16384,0.1812,0.1087,0.0725,128,0,0,SlowrateDoS,Slowloris,Malicious,1
1539,UE_4,udp,116.4,-40.34,51.77,0.205,0.205,5,4,1,409,353,56,88.3,55.8,24.39,19.51,4.88,15960.98,64,64,0,0,0,0,0,155,1,0.05,Benign,None,Benign,0
4552,UE_10,tcp,440.7,-54.37,39.01,38.24,38.24,20,14,6,751,511,240,36.5,40,0.52,0.37,0.16,157.11,64,64,512,16384,0.1864,0.1118,0.0746,128,0,0,SlowrateDoS,Slowloris,Malicious,1
1283,UE_3,udp,127.5,-41.59,51.8,2.549,2.549,146,74,72,25542,13194,12348,178.3,171.5,57.28,29.03,28.25,80163.2,64,64,0,0,0,0,0,490,0,0,Benign,None,Benign,0
1338,UE_3,udp,127.5,-42.18,51.29,4.274,4.274,103,54,49,17177,9234,7943,171,162.1,24.1,12.63,11.46,32151.61,64,64,0,0,0,0,0,497,0,0,Benign,None,Benign,0
2135,UE_5,tcp,309,-53.44,40.85,6.914,6.914,457,69,388,570896,4416,566480,64,1460,66.1,9.98,56.12,660568.12,64,64,262144,262144,0.025,0.0125,0.0125,494,0,0,Benign,None,Benign,0
4563,UE_10,tcp,440.7,-54.25,39.37,45.03,45.03,20,14,6,692,452,240,32.3,40,0.44,0.31,0.13,122.94,64,64,512,16384,0.1523,0.0914,0.0609,128,0,0,SlowrateDoS,Slowloris,Malicious,1
2798,UE_6,tcp,321,-51.91,40.16,1.831,1.831,42,20,22,16125,6944,9181,347.2,417.3,22.94,10.92,12.02,70453.3,64,64,65535,65535,0.0355,0.0178,0.0178,266,0,0,Benign,None,Benign,0
2864,UE_6,tcp,321,-52.23,39.93,2.454,2.454,48,19,29,25632,8371,17261,440.6,595.2,19.56,7.74,11.82,83559.9,64,64,65535,65535,0.0223,0.0112,0.0112,174,0,0,Benign,None,Benign,0
4983,UE_10,tcp,440.7,-54.09,38.88,42.8,42.8,29,20,9,1074,714,360,35.7,40,0.68,0.47,0.21,200.75,64,64,512,16384,0.1979,0.1187,0.0792,128,0,0,SlowrateDoS,Slowloris,Malicious,1
2582,UE_6,tcp,321,-51.44,39.99,1.942,1.942,61,34,27,25659,13155,12504,386.9,463.1,31.41,17.51,13.9,105701.34,64,64,65535,65535,0.0419,0.021,0.021,199,0,0,Benign,None,Benign,0
375,UE_1,tcp,146.1,-44.56,47.82,3.704,3.704,55,12,43,39311,2357,36954,196.4,859.4,14.85,3.24,11.61,84904.97,64,64,65535,65535,0.0444,0.0222,0.0222,132,1,0.05,Benign,None,Benign,0
4815,UE_10,tcp,440.7,-53.8,39.86,31.99,31.99,31,19,12,1079,599,480,31.5,40,0.97,0.59,0.38,269.83,64,64,512,16384,0.1997,0.1198,0.0799,128,0,0,SlowrateDoS,Slowloris,Malicious,1
233,UE_1,tcp,146.1,-44.04,48.7,0.766,0.766,48,23,25,28753,3478,25275,151.2,1011,62.66,30.03,32.64,300292.43,64,64,65535,65535,0.0239,0.012,0.012,174,1,0.05,Benign,None,Benign,0
2350,UE_5,tcp,309,-52.31,39.5,10.467,10.467,456,91,365,538724,5824,532900,64,1460,43.57,8.69,34.87,411750.45,64,64,262144,262144,0.0242,0.0121,0.0121,316,0,0,Benign,None,Benign,0
1383,UE_3,udp,127.5,-41.35,51.32,2.41,2.41,205,105,100,35532,18722,16810,178.3,168.1,85.06,43.57,41.49,117948.55,64,64,0,0,0,0,0,459,1,0.05,Benign,None,Benign,0
1545,UE_4,udp,116.4,-40.06,52.86,0.238,0.238,4,3,1,290,230,60,76.8,60.1,16.81,12.61,4.2,9747.9,64,64,0,0,0,0,0,385,1,0.05,Benign,None,Benign,0
1428,UE_3,udp,127.5,-42.27,51.61,4.081,4.081,138,68,70,23722,11920,11802,175.3,168.6,33.82,16.66,17.15,46502.33,64,64,0,0,0,0,0,155,1,0.05,Benign,None,Benign,0
1605,UE_4,udp,116.4,-40.02,52.44,0.067,0.067,5,3,2,305,201,104,67,52.2,74.63,44.78,29.85,36417.91,64,64,0,0,0,0,0,331,0,0,Benign,None,Benign,0
4320,UE_9,tcp,409.2,-54.9,38.66,0.0053,0.0053,1,1,0,44,44,0,44,0,188.68,188.68,0,66415.09,52,0,1024,0,0,0,0,0,1,100,SYNScan,Nmap,Malicious,1
3965,UE_8,udp,403.8,-51.97,39.94,0.533,0.533,1122,1122,0,625403,625403,0,557.4,0,2105.07,2105.07,0,9386911.82,64,0,0,0,0,0,0,0,898,80,UDPFlood,Hping3,Malicious,1
4036,UE_9,tcp,409.2,-54.6,38.22,0.0034,0.0034,1,1,0,44,44,0,44,0,294.12,294.12,0,103529.41,60,0,1024,0,0,0,0,0,1,100,SYNScan,Nmap,Malicious,1
3644,UE_8,udp,403.8,-51.66,40.82,0.297,0.297,1801,1801,0,1624862,1624862,0,902.2,0,6063.97,6063.97,0,43767326.6,64,0,0,0,0,0,0,0,1441,80,UDPFlood,Hping3,Malicious,1
3786,UE_8,udp,403.8,-52.03,40.6,0.147,0.147,1122,1122,0,1017430,1017430,0,906.8,0,7632.65,7632.65,0,55370340.14,64,0,0,0,0,0,0,0,898,80,UDPFlood,Hping3,Malicious,1
53,UE_1,tcp,146.1,-44.04,48.37,3.186,3.186,74,23,51,67177,4646,62531,202,1226.1,23.23,7.22,16.01,168680.48,64,64,65535,65535,0.0316,0.0158,0.0158,265,0,0,Benign,None,Benign,0
1551,UE_4,udp,116.4,-40.38,51.29,0.193,0.193,4,3,1,289,235,54,78.3,53.7,20.73,15.54,5.18,11979.27,64,64,0,0,0,0,0,189,0,0,Benign,None,Benign,0
1147,UE_3,udp,127.5,-42.13,50.36,4.06,4.06,255,129,126,44513,22614,21899,175.3,173.8,62.81,31.77,31.03,87710.34,64,64,0,0,0,0,0,193,0,0,Benign,None,Benign,0
3184,UE_7,tcp,413,-59.91,34.46,0.074,0.074,533,533,0,21320,21320,0,40,0,7202.7,7202.7,0,2304864.86,128,0,1024,0,0,0,0,0,533,100,SYNFlood,Hping3,Malicious,1
3291,UE_7,tcp,413,-59.47,33.38,0.1091,0.1091,685,685,0,27400,27400,0,40,0,6278.64,6278.64,0,2009165.9,128,0,1024,0,0,0,0,0,685,100,SYNFlood,Hping3,Malicious,1
511,UE_2,tcp,235.5,-52.62,41.57,6.988,6.988,279,36,243,352193,3172,349021,88.1,1436.3,39.93,5.15,34.77,403197.48,64,64,131072,131072,0.0252,0.0126,0.0126,377,1,0.05,Benign,None,Benign,0
4765,UE_10,tcp,440.7,-53.72,38.88,37.59,37.59,24,13,11,938,498,440,38.3,40,0.64,0.35,0.29,199.63,64,64,512,16384,0.1227,0.0736,0.0491,128,0,0,SlowrateDoS,Slowloris,Malicious,1
1110,UE_3,udp,127.5,-42.23,51.35,4.588,4.588,247,126,121,43659,22327,21332,177.2,176.3,53.84,27.46,26.37,76127.29,64,64,0,0,0,0,0,488,0,0,Benign,None,Benign,0
2535,UE_6,tcp,321,-51.87,39.64,2.404,2.404,83,38,45,42233,18415,23818,484.6,529.3,34.53,15.81,18.72,140542.43,64,64,65535,65535,0.0446,0.0223,0.0223,265,1,0.05,Benign,None,Benign,0
636,UE_2,tcp,235.5,-51.92,40.88,9.526,9.526,288,32,256,337226,3658,333568,114.3,1303,30.23,3.36,26.87,283204.7,64,64,131072,131072,0.014,0.007,0.007,249,0,0,Benign,None,Benign,0
2677,UE_6,tcp,321,-51.76,39.76,1.089,1.089,40,18,22,19957,7897,12060,438.7,548.2,36.73,16.53,20.2,146607.9,64,64,65535,65535,0.0354,0.0177,0.0177,219,0,0,Benign,None,Benign,0
2638,UE_6,tcp,321,-50.51,40.18,1.687,1.687,88,40,48,48616,19576,29040,489.4,605,52.16,23.71,28.45,230544.16,64,64,65535,65535,0.0253,0.0127,0.0127,490,1,0.05,Benign,None,Benign,0
3205,UE_7,tcp,413,-60.5,33.78,0.017,0.017,674,674,0,26960,26960,0,40,0,39647.06,39647.06,0,12687058.82,128,0,1024,0,0,0,0,0,674,100,SYNFlood,Hping3,Malicious,1
1391,UE_3,udp,127.5,-42.18,51.31,5.696,5.696,133,68,65,22556,11519,11037,169.4,169.8,23.35,11.94,11.41,31679.78,64,64,0,0,0,0,0,221,0,0,Benign,None,Benign,0
3898,UE_8,udp,403.8,-51.26,40.74,0.227,0.227,2018,2018,0,1381926,1381926,0,684.8,0,8889.87,8889.87,0,48702237.89,64,0,0,0,0,0,0,0,1614,80,UDPFlood,Hping3,Malicious,1
804,UE_2,tcp,235.5,-52.12,41,3.528,3.528,378,52,326,480804,5855,474949,112.6,1456.9,107.14,14.74,92.4,1090258.5,64,64,131072,131072,0.0178,0.0089,0.0089,476,0,0,Benign,None,Benign,0
2702,UE_6,tcp,321,-51.6,40.41,2.501,2.501,50,27,23,26869,11983,14886,443.8,647.2,19.99,10.8,9.2,85946.42,64,64,65535,65535,0.0382,0.0191,0.0191,384,0,0,Benign,None,Benign,0
3861,UE_8,udp,403.8,-51.9,41.55,0.469,0.469,1256,1256,0,1282125,1282125,0,1020.8,0,2678.04,2678.04,0,21869936.03,64,0,0,0,0,0,0,0,1005,80,UDPFlood,Hping3,Malicious,1
993,UE_2,tcp,235.5,-52.31,40.88,8.55,8.55,444,36,408,594181,4172,590009,115.9,1446.1,51.93,4.21,47.72,555958.83,64,64,131072,131072,0.0179,0.009,0.009,253,0,0,Benign,None,Benign,0
3862,UE_8,udp,403.8,-52.02,41.3,0.435,0.435,2479,2479,0,2311668,2311668,0,932.5,0,5698.85,5698.85,0,42513434.48,64,0,0,0,0,0,0,0,1983,80,UDPFlood,Hping3,Malicious,1
2055,UE_5,tcp,309,-53.02,40.22,6.38,6.38,432,61,371,545564,3904,541660,64,1460,67.71,9.56,58.15,684092.79,64,64,262144,262144,0.0142,0.0071,0.0071,154,1,0.05,Benign,None,Benign,0
3375,UE_7,tcp,413,-58.88,33.7,0.0364,0.0364,617,617,0,24680,24680,0,40,0,16950.55,16950.55,0,5424175.82,128,0,1024,0,0,0,0,0,617,100,SYNFlood,Hping3,Malicious,1
1270,UE_3,udp,127.5,-41.71,50.87,5.783,5.783,144,70,74,24953,11648,13305,166.4,179.8,24.9,12.1,12.8,34519.11,64,64,0,0,0,0,0,506,0,0,Benign,None,Benign,0
1088,UE_3,udp,127.5,-41.58,50.64,5.748,5.748,164,84,80,27224,14288,12936,170.1,161.7,28.53,14.61,13.92,37890.05,64,64,0,0,0,0,0,441,0,0,Benign,None,Benign,0
1762,UE_4,udp,116.4,-39.67,52.75,0.09,0.09,6,4,2,455,334,121,83.5,60.3,66.67,44.44,22.22,40444.44,64,64,0,0,0,0,0,309,0,0,Benign,None,Benign,0
4885,UE_10,tcp,440.7,-53.24,39.82,41.43,41.43,17,12,5,495,295,200,24.6,40,0.41,0.29,0.12,95.58,64,64,512,16384,0.1246,0.0748,0.0498,128,0,0,SlowrateDoS,Slowloris,Malicious,1
4054,UE_9,tcp,409.2,-55.42,39.52,0.0021,0.0021,1,1,0,44,44,0,44,0,476.19,476.19,0,167619.05,60,0,1024,0,0,0,0,0,1,100,SYNScan,Nmap,Malicious,1
3747,UE_8,udp,403.8,-51.76,40.84,0.151,0.151,1731,1731,0,1770294,1770294,0,1022.7,0,11463.58,11463.58,0,93790410.6,64,0,0,0,0,0,0,0,1385,80,UDPFlood,Hping3,Malicious,1
837,UE_2,tcp,235.5,-53.21,40.18,9.887,9.887,234,45,189,259639,3960,255679,88,1352.8,23.67,4.55,19.12,210085.16,64,64,131072,131072,0.0113,0.0057,0.0057,247,0,0,Benign,None,Benign,0
4158,UE_9,tcp,409.2,-55.49,38.18,0.0051,0.0051,1,1,0,44,44,0,44,0,196.08,196.08,0,69019.61,50,0,1024,0,0,0,0,0,1,100,SYNScan,Nmap,Malicious,1
1964,UE_4,udp,116.4,-40.81,52,0.18,0.18,3,1,2,206,96,110,95.7,54.9,16.67,5.56,11.11,9155.56,64,64,0,0,0,0,0,414,1,0.05,Benign,None,Benign,0
2495,UE_5,tcp,309,-52.7,39.8,5.544,5.544,477,85,392,577760,5440,572320,64,1460,86.04,15.33,70.71,833708.51,64,64,262144,262144,0.0179,0.009,0.009,305,1,0.05,Benign,None,Benign,0
784,UE_2,tcp,235.5,-52.64,40.95,5.924,5.924,459,43,416,527553,4433,523120,103.1,1257.5,77.48,7.26,70.22,712428.09,64,64,131072,131072,0.0154,0.0077,0.0077,454,1,0.05,Benign,None,Benign,0
3226,UE_7,tcp,413,-59.14,33.99,0.025,0.025,551,551,0,22040,22040,0,40,0,22040,22040,0,7052800,128,0,1024,0,0,0,0,0,551,100,SYNFlood,Hping3,Malicious,1
4625,UE_10,tcp,440.7,-52.81,38.48,42.77,42.77,19,12,7,616,336,280,28,40,0.44,0.28,0.16,115.22,64,64,512,16384,0.2248,0.1349,0.0899,128,0,0,SlowrateDoS,Slowloris,Malicious,1
1235,UE_3,udp,127.5,-41.45,51.57,3.169,3.169,215,109,106,37700,19489,18211,178.8,171.8,67.84,34.4,33.45,95171.98,64,64,0,0,0,0,0,364,0,0,Benign,None,Benign,0
3938,UE_8,udp,403.8,-52.7,40.73,0.392,0.392,745,745,0,720713,720713,0,967.4,0,1900.51,1900.51,0,14708428.57,64,0,0,0,0,0,0,0,596,80,UDPFlood,Hping3,Malicious,1
3630,UE_8,udp,403.8,-51.95,41.17,0.214,0.214,930,930,0,793476,793476,0,853.2,0,4345.79,4345.79,0,29662654.21,64,0,0,0,0,0,0,0,744,80,UDPFlood,Hping3,Malicious,1
3120,UE_7,tcp,413,-60.43,34.68,0.085,0.085,506,506,0,20240,20240,0,40,0,5952.94,5952.94,0,1904941.18,128,0,1024,0,0,0,0,0,506,100,SYNFlood,Hping3,Malicious,1
4286,UE_9,tcp,409.2,-55.43,38.51,0.0041,0.0041,1,1,0,44,44,0,44,0,243.9,243.9,0,85853.66,47,0,1024,0,0,0,0,0,1,100,SYNScan,Nmap,Malicious,1
1808,UE_4,udp,116.4,-40.73,51.81,0.186,0.186,4,2,2,262,151,111,75.5,55.7,21.51,10.75,10.75,11268.82,64,64,0,0,0,0,0,252,0,0,Benign,None,Benign,0
3076,UE_7,tcp,413,-59.54,33.94,0.0518,0.0518,524,524,0,20960,20960,0,40,0,10115.83,10115.83,0,3237065.64,128,0,1024,0,0,0,0,0,524,100,SYNFlood,Hping3,Malicious,1
3571,UE_8,udp,403.8,-51.72,40.84,0.347,0.347,1208,1208,0,810206,810206,0,670.7,0,3481.27,3481.27,0,18679100.86,64,0,0,0,0,0,0,0,966,80,UDPFlood,Hping3,Malicious,1
3149,UE_7,tcp,413,-59.64,33.74,0.1097,0.1097,525,525,0,21000,21000,0,40,0,4785.78,4785.78,0,1531449.41,128,0,1024,0,0,0,0,0,525,100,SYNFlood,Hping3,Malicious,1
1381,UE_3,udp,127.5,-41.22,51.35,3.963,3.963,203,99,104,35483,17325,18158,175,174.6,51.22,24.98,26.24,71628.56,64,64,0,0,0,0,0,434,0,0,Benign,None,Benign,0
2344,UE_5,tcp,309,-53.2,39.78,11.631,11.631,922,51,871,1274924,3264,1271660,64,1460,79.27,4.38,74.89,876914.45,64,64,262144,262144,0.0129,0.0065,0.0065,380,1,0.05,Benign,None,Benign,0
2914,UE_6,tcp,321,-51.62,39.99,2.185,2.185,90,40,50,41971,17796,24175,444.9,483.5,41.19,18.31,22.88,153669.57,64,64,65535,65535,0.0375,0.0188,0.0188,465,0,0,Benign,None,Benign,0
407,UE_1,tcp,146.1,-44.3,47.8,4.361,4.361,67,11,56,62877,2285,60592,207.7,1082,15.36,2.52,12.84,115344.19,64,64,65535,65535,0.03,0.015,0.015,241,0,0,Benign,None,Benign,0
2533,UE_6,tcp,321,-52.13,40.21,1.43,1.43,68,29,39,35529,13790,21739,475.5,557.4,47.55,20.28,27.27,198763.64,64,64,65535,65535,0.0293,0.0147,0.0147,274,1,0.05,Benign,None,Benign,0
1921,UE_4,udp,116.4,-39.69,51.67,0.171,0.171,3,2,1,229,181,48,90.5,48.2,17.54,11.7,5.85,10713.45,64,64,0,0,0,0,0,304,0,0,Benign,None,Benign,0
1965,UE_4,udp,116.4,-40.19,52.4,0.073,0.073,5,3,2,402,278,124,92.5,62,68.49,41.1,27.4,44054.79,64,64,0,0,0,0,0,411,1,0.05,Benign,None,Benign,0
3570,UE_8,udp,403.8,-51.65,40.19,0.101,0.101,653,653,0,489032,489032,0,748.9,0,6465.35,6465.35,0,38735207.92,64,0,0,0,0,0,0,0,522,80,UDPFlood,Hping3,Malicious,1
1218,UE_3,udp,127.5,-42,51.13,5.384,5.384,205,104,101,35689,18408,17281,177,171.1,38.08,19.32,18.76,53029.72,64,64,0,0,0,0,0,419,0,0,Benign,None,Benign,0
1862,UE_4,udp,116.4,-40.37,52.51,0.239,0.239,2,1,1,130,69,61,68.9,60.7,8.37,4.18,4.18,4351.46,64,64,0,0,0,0,0,284,0,0,Benign,None,Benign,0
3508,UE_8,udp,403.8,-52.9,40.84,0.524,0.524,848,848,0,721478,721478,0,850.8,0,1618.32,1618.32,0,11014931.3,64,0,0,0,0,0,0,0,678,80,UDPFlood,Hping3,Malicious,1
785,UE_2,tcp,235.5,-52.07,40.7,8.369,8.369,348,50,298,395365,5760,389605,115.2,1307.4,41.58,5.97,35.61,377932.85,64,64,131072,131072,0.0207,0.0104,0.0104,509,0,0,Benign,None,Benign,0
4873,UE_10,tcp,440.7,-54.39,40.88,60.07,60.07,19,11,8,596,276,320,25.1,40,0.32,0.18,0.13,79.37,64,64,512,16384,0.223,0.1338,0.0892,128,0,0,SlowrateDoS,Slowloris,Malicious,1
3174,UE_7,tcp,413,-59.64,33.78,0.0444,0.0444,518,518,0,20720,20720,0,40,0,11666.67,11666.67,0,3733333.33,128,0,1024,0,0,0,0,0,518,100,SYNFlood,Hping3,Malicious,1
125,UE_1,tcp,146.1,-44.45,48.5,3.94,3.94,51,30,21,23846,5943,17903,198.1,852.5,12.94,7.61,5.33,48418.27,64,64,65535,65535,0.0223,0.0112,0.0112,240,1,0.05,Benign,None,Benign,0
4709,UE_10,tcp,440.7,-54.74,39.49,63.36,63.36,14,8,6,473,233,240,29.1,40,0.22,0.13,0.09,59.72,64,64,512,16384,0.1949,0.1169,0.078,128,0,0,SlowrateDoS,Slowloris,Malicious,1
767,UE_2,tcp,235.5,-52.12,42.03,5.397,5.397,390,77,313,394872,7785,387087,101.1,1236.7,72.26,14.27,58,585320.73,64,64,131072,131072,0.01,0.005,0.005,181,0,0,Benign,None,Benign,0
4557,UE_10,tcp,440.7,-54.32,40.51,50.77,50.77,19,15,4,696,536,160,35.7,40,0.37,0.3,0.08,109.67,64,64,512,16384,0.1829,0.1097,0.0732,128,0,0,SlowrateDoS,Slowloris,Malicious,1
1014,UE_3,udp,127.5,-41.75,51.35,4.152,4.152,155,80,75,26562,14224,12338,177.8,164.5,37.33,19.27,18.06,51179.19,64,64,0,0,0,0,0,193,0,0,Benign,None,Benign,0
1668,UE_4,udp,116.4,-39.69,52.89,0.144,0.144,6,4,2,375,262,113,65.4,56.7,41.67,27.78,13.89,20833.33,64,64,0,0,0,0,0,318,0,0,Benign,None,Benign,0
1105,UE_3,udp,127.5,-42,51.63,5.375,5.375,288,143,145,49900,25540,24360,178.6,168,53.58,26.6,26.98,74269.77,64,64,0,0,0,0,0,497,0,0,Benign,None,Benign,0
4919,UE_10,tcp,440.7,-54.29,39.42,36.75,36.75,30,19,11,1139,699,440,36.8,40,0.82,0.52,0.3,247.95,64,64,512,16384,0.145,0.087,0.058,128,0,0,SlowrateDoS,Slowloris,Malicious,1
1858,UE_4,udp,116.4,-39.92,51.71,0.073,0.073,4,3,1,263,209,54,69.7,53.7,54.79,41.1,13.7,28821.92,64,64,0,0,0,0,0,388,0,0,Benign,None,Benign,0
1658,UE_4,udp,116.4,-39.93,51.93,0.154,0.154,3,2,1,203,149,54,74.7,54.3,19.48,12.99,6.49,10545.45,64,64,0,0,0,0,0,309,0,0,Benign,None,Benign,0
201,UE_1,tcp,146.1,-44.43,49.62,0.956,0.956,42,13,29,37810,2276,35534,175.1,1225.3,43.93,13.6,30.33,316401.67,64,64,65535,65535,0.0318,0.0159,0.0159,362,0,0,Benign,None,Benign,0
3895,UE_8,udp,403.8,-51.69,40.49,0.449,0.449,2211,2211,0,2217854,2217854,0,1003.1,0,4924.28,4924.28,0,39516329.62,64,0,0,0,0,0,0,0,1769,80,UDPFlood,Hping3,Malicious,1
1795,UE_4,udp,116.4,-40.51,51.94,0.055,0.055,6,4,2,472,352,120,88,60.2,109.09,72.73,36.36,68654.55,64,64,0,0,0,0,0,345,1,0.05,Benign,None,Benign,0
2006,UE_5,tcp,309,-53.51,39.96,4.224,4.224,859,88,771,1131292,5632,1125660,64,1460,203.36,20.83,182.53,2142598.48,64,64,262144,262144,0.0123,0.0062,0.0062,303,0,0,Benign,None,Benign,0
4287,UE_9,tcp,409.2,-55.64,38.46,0.0031,0.0031,1,1,0,44,44,0,44,0,322.58,322.58,0,113548.39,53,0,1024,0,0,0,0,0,1,100,SYNScan,Nmap,Malicious,1
3613,UE_8,udp,403.8,-51.47,40.74,0.498,0.498,1828,1828,0,1619060,1619060,0,885.7,0,3670.68,3670.68,0,26008995.98,64,0,0,0,0,0,0,0,1462,80,UDPFlood,Hping3,Malicious,1
1268,UE_3,udp,127.5,-42.49,51.04,4.965,4.965,259,131,128,42664,21838,20826,166.7,162.7,52.17,26.38,25.78,68743.61,64,64,0,0,0,0,0,152,0,0,Benign,None,Benign,0
946,UE_2,tcp,235.5,-52.5,40.84,9.513,9.513,236,64,172,252533,6298,246235,98.4,1431.6,24.81,6.73,18.08,212368.76,64,64,131072,131072,0.0119,0.006,0.006,252,0,0,Benign,None,Benign,0
1330,UE_3,udp,127.5,-42.2,51.35,5.907,5.907,209,102,107,36406,17146,19260,168.1,180,35.38,17.27,18.11,49305.57,64,64,0,0,0,0,0,196,0,0,Benign,None,Benign,0
823,UE_2,tcp,235.5,-52.9,41.15,2.144,2.144,336,33,303,422121,3920,418201,118.8,1380.2,156.72,15.39,141.32,1575078.36,64,64,131072,131072,0.0114,0.0057,0.0057,454,0,0,Benign,None,Benign,0
1060,UE_3,udp,127.5,-42.26,50.8,4.742,4.742,274,137,137,46279,23975,22304,175,162.8,57.78,28.89,28.89,78075.07,64,64,0,0,0,0,0,377,1,0.05,Benign,None,Benign,0
2925,UE_6,tcp,321,-52.33,40.92,3.07,3.07,68,31,37,30726,10391,20335,335.2,549.6,22.15,10.1,12.05,80067.75,64,64,65535,65535,0.043,0.0215,0.0215,254,0,0,Benign,None,Benign,0
2141,UE_5,tcp,309,-53.31,39.9,6.87,6.87,619,90,529,778100,5760,772340,64,1460,90.1,13.1,77,906084.43,64,64,262144,262144,0.0244,0.0122,0.0122,217,1,0.05,Benign,None,Benign,0
2424,UE_5,tcp,309,-52.85,40.03,4.782,4.782,940,75,865,1267700,4800,1262900,64,1460,196.57,15.68,180.89,2120786.28,64,64,262144,262144,0.0212,0.0106,0.0106,379,1,0.05,Benign,None,Benign,0
4383,UE_9,tcp,409.2,-54.46,38.91,0.004,0.004,1,1,0,44,44,0,44,0,250,250,0,88000,54,0,1024,0,0,0,0,0,1,100,SYNScan,Nmap,Malicious,1
1881,UE_4,udp,116.4,-39.96,52.84,0.175,0.175,4,3,1,333,270,63,89.9,63.2,22.86,17.14,5.71,15222.86,64,64,0,0,0,0,0,401,0,0,Benign,None,Benign,0
3893,UE_8,udp,403.8,-52.36,41.1,0.505,0.505,1058,1058,0,947333,947333,0,895.4,0,2095.05,2095.05,0,15007255.45,64,0,0,0,0,0,0,0,846,80,UDPFlood,Hping3,Malicious,1
1086,UE_3,udp,127.5,-41.7,51.2,5.343,5.343,154,79,75,26869,13991,12878,177.1,171.7,28.82,14.79,14.04,40230.58,64,64,0,0,0,0,0,457,0,0,Benign,None,Benign,0
3265,UE_7,tcp,413,-59.97,34.31,0.0235,0.0235,440,440,0,17600,17600,0,40,0,18723.4,18723.4,0,5991489.36,128,0,1024,0,0,0,0,0,440,100,SYNFlood,Hping3,Malicious,1
2595,UE_6,tcp,321,-51.75,39.21,2.593,2.593,55,21,34,25622,7415,18207,353.1,535.5,21.21,8.1,13.11,79049.75,64,64,65535,65535,0.0392,0.0196,0.0196,417,0,0,Benign,None,Benign,0
1592,UE_4,udp,116.4,-40.67,52.4,0.111,0.111,5,3,2,315,206,109,68.8,54.4,45.05,27.03,18.02,22702.7,64,64,0,0,0,0,0,342,1,0.05,Benign,None,Benign,0
850,UE_2,tcp,235.5,-52.87,41.26,8.176,8.176,273,72,201,283836,8345,275491,115.9,1370.6,33.39,8.81,24.58,277726.03,64,64,131072,131072,0.0276,0.0138,0.0138,153,0,0,Benign,None,Benign,0
1440,UE_3,udp,127.5,-42,50.68,4.134,4.134,111,57,54,18234,9508,8726,166.8,161.6,26.85,13.79,13.06,35285.92,64,64,0,0,0,0,0,138,0,0,Benign,None,Benign,0
3966,UE_8,udp,403.8,-52.01,40.8,0.253,0.253,1312,1312,0,686176,686176,0,523,0,5185.77,5185.77,0,21697264.82,64,0,0,0,0,0,0,0,1050,80,UDPFlood,Hping3,Malicious,1
2854,UE_6,tcp,321,-51.02,40.16,1.767,1.767,73,29,44,30148,12055,18093,415.7,411.2,41.31,16.41,24.9,136493.49,64,64,65535,65535,0.0411,0.0206,0.0206,399,1,0.05,Benign,None,Benign,0
827,UE_2,tcp,235.5,-52.64,40.52,9.225,9.225,363,74,289,401483,8125,393358,109.8,1361.1,39.35,8.02,31.33,348169.54,64,64,131072,131072,0.0261,0.0131,0.0131,445,0,0,Benign,None,Benign,0
3651,UE_8,udp,403.8,-52.2,40.99,0.476,0.476,1814,1814,0,1855359,1855359,0,1022.8,0,3810.92,3810.92,0,31182504.2,64,0,0,0,0,0,0,0,1451,80,UDPFlood,Hping3,Malicious,1
3511,UE_8,udp,403.8,-52.12,40.82,0.482,0.482,639,639,0,485896,485896,0,760.4,0,1325.73,1325.73,0,8064663.9,64,0,0,0,0,0,0,0,511,80,UDPFlood,Hping3,Malicious,1
4851,UE_10,tcp,440.7,-53.79,38.16,54.18,54.18,22,13,9,737,377,360,29,40,0.41,0.24,0.17,108.82,64,64,512,16384,0.1039,0.0623,0.0416,128,0,0,SlowrateDoS,Slowloris,Malicious,1
3232,UE_7,tcp,413,-59.96,33.69,0.0382,0.0382,920,920,0,36800,36800,0,40,0,24083.77,24083.77,0,7706806.28,128,0,1024,0,0,0,0,0,920,100,SYNFlood,Hping3,Malicious,1
629,UE_2,tcp,235.5,-52.33,40.5,4.29,4.29,386,42,344,491006,4452,486554,106,1414.4,89.98,9.79,80.19,915628.9,64,64,131072,131072,0.0184,0.0092,0.0092,201,0,0,Benign,None,Benign,0
929,UE_2,tcp,235.5,-53.02,41.41,2.899,2.899,460,47,413,508125,4141,503984,88.1,1220.3,158.68,16.21,142.46,1402207.66,64,64,131072,131072,0.0258,0.0129,0.0129,378,1,0.05,Benign,None,Benign,0
3090,UE_7,tcp,413,-60.64,33.78,0.0339,0.0339,599,599,0,23960,23960,0,40,0,17669.62,17669.62,0,5654277.29,128,0,1024,0,0,0,0,0,599,100,SYNFlood,Hping3,Malicious,1
1902,UE_4,udp,116.4,-40.93,52.38,0.216,0.216,5,4,1,378,318,60,79.6,59.7,23.15,18.52,4.63,14000,64,64,0,0,0,0,0,269,1,0.05,Benign,None,Benign,0
1335,UE_3,udp,127.5,-42.12,50.87,1.532,1.532,287,141,146,46546,23025,23521,163.3,161.1,187.34,92.04,95.3,243060.05,64,64,0,0,0,0,0,265,0,0,Benign,None,Benign,0
3152,UE_7,tcp,413,-58.74,34.47,0.0433,0.0433,344,344,0,13760,13760,0,40,0,7944.57,7944.57,0,2542263.28,128,0,1024,0,0,0,0,0,344,100,SYNFlood,Hping3,Malicious,1
4318,UE_9,tcp,409.2,-54.5,38.46,0.0015,0.0015,1,1,0,44,44,0,44,0,666.67,666.67,0,234666.67,47,0,1024,0,0,0,0,0,1,100,SYNScan,Nmap,Malicious,1
1890,UE_4,udp,116.4,-40.41,51.84,0.1,0.1,2,1,1,153,93,60,93.3,59.6,20,10,10,12240,64,64,0,0,0,0,0,145,0,0,Benign,None,Benign,0
2484,UE_5,tcp,309,-52.32,40.38,10.908,10.908,500,49,451,661596,3136,658460,64,1460,45.84,4.49,41.35,485218.92,64,64,262144,262144,0.0238,0.0119,0.0119,330,0,0,Benign,None,Benign,0
1606,UE_4,udp,116.4,-40.06,51.85,0.169,0.169,3,2,1,191,131,60,65.6,59.9,17.75,11.83,5.92,9041.42,64,64,0,0,0,0,0,379,0,0,Benign,None,Benign,0
1376,UE_3,udp,127.5,-41.78,51,4.289,4.289,216,108,108,36893,19105,17788,176.9,164.7,50.36,25.18,25.18,68814.18,64,64,0,0,0,0,0,267,1,0.05,Benign,None,Benign,0
2221,UE_5,tcp,309,-52.5,39.76,4.759,4.759,543,96,447,658764,6144,652620,64,1460,114.1,20.17,93.93,1107399.03,64,64,262144,262144,0.0157,0.0079,0.0079,448,1,0.05,Benign,None,Benign,0
1468,UE_3,udp,127.5,-42.53,50.84,4.779,4.779,259,132,127,44551,22440,22111,170,174.1,54.2,27.62,26.57,74577.95,64,64,0,0,0,0,0,153,1,0.05,Benign,None,Benign,0
1812,UE_4,udp,116.4,-40.31,52.02,0.144,0.144,2,1,1,121,69,52,69.2,51.7,13.89,6.94,6.94,6722.22,64,64,0,0,0,0,0,316,0,0,Benign,None,Benign,0
3014,UE_7,tcp,413,-60.08,33.11,0.0219,0.0219,448,448,0,17920,17920,0,40,0,20456.62,20456.62,0,6546118.72,128,0,1024,0,0,0,0,0,448,100,SYNFlood,Hping3,Malicious,1
1681,UE_4,udp,116.4,-40.48,52.1,0.193,0.193,6,4,2,474,366,108,91.5,53.8,31.09,20.73,10.36,19647.67,64,64,0,0,0,0,0,376,0,0,Benign,None,Benign,0
2208,UE_5,tcp,309,-52.6,39.71,5.188,5.188,424,93,331,489212,5952,483260,64,1460,81.73,17.93,63.8,754374.71,64,64,262144,262144,0.0237,0.0119,0.0119,321,1,0.05,Benign,None,Benign,0
1717,UE_4,udp,116.4,-40.1,52.35,0.248,0.248,2,1,1,118,67,51,66.9,50.6,8.06,4.03,4.03,3806.45,64,64,0,0,0,0,0,378,0,0,Benign,None,Benign,0
4580,UE_10,tcp,440.7,-53.71,38.81,47.22,47.22,29,18,11,955,515,440,28.6,40,0.61,0.38,0.23,161.8,64,64,512,16384,0.0956,0.0574,0.0382,128,0,0,SlowrateDoS,Slowloris,Malicious,1
4850,UE_10,tcp,440.7,-54.99,39.48,48.53,48.53,28,19,9,1116,756,360,39.8,40,0.58,0.39,0.19,183.97,64,64,512,16384,0.0846,0.0508,0.0338,128,0,0,SlowrateDoS,Slowloris,Malicious,1
4716,UE_10,tcp,440.7,-53.56,39.6,45.35,45.35,24,12,12,922,442,480,36.8,40,0.53,0.26,0.26,162.65,64,64,512,16384,0.1372,0.0823,0.0549,128,0,0,SlowrateDoS,Slowloris,Malicious,1
4542,UE_10,tcp,440.7,-54.09,39.88,59.13,59.13,20,13,7,687,407,280,31.3,40,0.34,0.22,0.12,92.95,64,64,512,16384,0.1779,0.1067,0.0712,128,0,0,SlowrateDoS,Slowloris,Malicious,1
2177,UE_5,tcp,309,-53.07,40.08,3.178,3.178,770,85,685,1005540,5440,1000100,64,1460,242.29,26.75,215.54,2531252.36,64,64,262144,262144,0.0129,0.0065,0.0065,155,0,0,Benign,None,Benign,0
2233,UE_5,tcp,309,-53.54,40.5,7.929,7.929,402,82,320,472448,5248,467200,64,1460,50.7,10.34,40.36,476678.52,64,64,262144,262144,0.0234,0.0117,0.0117,338,1,0.05,Benign,None,Benign,0
1282,UE_3,udp,127.5,-42.36,50.73,4.246,4.246,112,58,54,18780,9460,9320,163.1,172.6,26.38,13.66,12.72,35383.89,64,64,0,0,0,0,0,235,1,0.05,Benign,None,Benign,0
1588,UE_4,udp,116.4,-40.45,51.37,0.194,0.194,5,4,1,423,370,53,92.4,53.2,25.77,20.62,5.15,17443.3,64,64,0,0,0,0,0,380,1,0.05,Benign,None,Benign,0
2151,UE_5,tcp,309,-53.35,39.37,9.091,9.091,744,53,691,1012252,3392,1008860,64,1460,81.84,5.83,76.01,890772.85,64,64,262144,262144,0.0235,0.0118,0.0118,420,0,0,Benign,None,Benign,0
241,UE_1,tcp,146.1,-44.76,48.71,1.862,1.862,50,24,26,32773,4930,27843,205.4,1070.9,26.85,12.89,13.96,140807.73,64,64,65535,65535,0.0379,0.019,0.019,277,0,0,Benign,None,Benign,0
2016,UE_5,tcp,309,-53.89,39.88,12.961,12.961,430,92,338,499368,5888,493480,64,1460,33.18,7.1,26.08,308228.07,64,64,262144,262144,0.0263,0.0132,0.0132,370,1,0.05,Benign,None,Benign,0
2908,UE_6,tcp,321,-52.5,39.21,2.809,2.809,66,45,21,25955,17393,8562,386.5,407.7,23.5,16.02,7.48,73919.54,64,64,65535,65535,0.0233,0.0117,0.0117,253,0,0,Benign,None,Benign,0
4619,UE_10,tcp,440.7,-54.72,39.67,59.21,59.21,22,17,5,766,566,200,33.3,40,0.37,0.29,0.08,103.5,64,64,512,16384,0.1936,0.1162,0.0774,128,0,0,SlowrateDoS,Slowloris,Malicious,1
672,UE_2,tcp,235.5,-53.13,41.77,5.439,5.439,415,44,371,544937,4316,540621,98.1,1457.2,76.3,8.09,68.21,801525.28,64,64,131072,131072,0.0111,0.0056,0.0056,372,0,0,Benign,None,Benign,0
1272,UE_3,udp,127.5,-41.51,51.58,3.958,3.958,97,51,46,16322,8787,7535,172.3,163.8,24.51,12.89,11.62,32990.4,64,64,0,0,0,0,0,283,0,0,Benign,None,Benign,0
527,UE_2,tcp,235.5,-52.67,41.08,9.099,9.099,326,75,251,369536,7845,361691,104.6,1441,35.83,8.24,27.59,324902.52,64,64,131072,131072,0.0292,0.0146,0.0146,311,0,0,Benign,None,Benign,0
3446,UE_7,tcp,413,-60.36,33.36,0.0451,0.0451,848,848,0,33920,33920,0,40,0,18802.66,18802.66,0,6016851.44,128,0,1024,0,0,0,0,0,848,100,SYNFlood,Hping3,Malicious,1
4777,UE_10,tcp,440.7,-53.1,39.92,50.22,50.22,29,17,12,1050,570,480,33.5,40,0.58,0.34,0.24,167.26,64,64,512,16384,0.0953,0.0572,0.0381,128,0,0,SlowrateDoS,Slowloris,Malicious,1
212,UE_1,tcp,146.1,-43.96,47.68,2.337,2.337,59,19,40,43127,4423,38704,232.8,967.6,25.25,8.13,17.12,147632.01,64,64,65535,65535,0.0202,0.0101,0.0101,309,1,0.05,Benign,None,Benign,0
445,UE_1,tcp,146.1,-44.32,48.11,1.919,1.919,73,30,43,54626,5283,49343,176.1,1147.5,38.04,15.63,22.41,227726.94,64,64,65535,65535,0.032,0.016,0.016,413,0,0,Benign,None,Benign,0
4143,UE_9,tcp,409.2,-55.38,39.04,0.002,0.002,1,1,0,44,44,0,44,0,500,500,0,176000,50,0,1024,0,0,0,0,0,1,100,SYNScan,Nmap,Malicious,1
69,UE_1,tcp,146.1,-44.98,47.59,3.739,3.739,63,16,47,55213,3616,51597,226,1097.8,16.85,4.28,12.57,118134.26,64,64,65535,65535,0.0291,0.0146,0.0146,509,0,0,Benign,None,Benign,0
3761,UE_8,udp,403.8,-52.82,40.6,0.443,0.443,993,993,0,732040,732040,0,737.2,0,2241.53,2241.53,0,13219683.97,64,0,0,0,0,0,0,0,794,80,UDPFlood,Hping3,Malicious,1
4168,UE_9,tcp,409.2,-54.78,39.78,0.0053,0.0053,1,1,0,44,44,0,44,0,188.68,188.68,0,66415.09,49,0,1024,0,0,0,0,0,1,100,SYNScan,Nmap,Malicious,1
697,UE_2,tcp,235.5,-52.43,41.34,6.83,6.83,217,55,162,217118,6567,210551,119.4,1299.7,31.77,8.05,23.72,254310.98,64,64,131072,131072,0.013,0.0065,0.0065,497,1,0.05,Benign,None,Benign,0
3916,UE_8,udp,403.8,-51.65,41.05,0.17,0.17,1195,1195,0,1002486,1002486,0,838.9,0,7029.41,7029.41,0,47175811.76,64,0,0,0,0,0,0,0,956,80,UDPFlood,Hping3,Malicious,1
314,UE_1,tcp,146.1,-43.88,48.27,1.138,1.138,36,14,22,27266,2360,24906,168.6,1132.1,31.63,12.3,19.33,191676.63,64,64,65535,65535,0.0415,0.0208,0.0208,380,0,0,Benign,None,Benign,0
4740,UE_10,tcp,440.7,-54.9,39.03,50.12,50.12,17,8,9,674,314,360,39.3,40,0.34,0.16,0.18,107.58,64,64,512,16384,0.1993,0.1196,0.0797,128,0,0,SlowrateDoS,Slowloris,Malicious,1
1350,UE_3,udp,127.5,-42.32,51.06,2.352,2.352,107,54,53,18038,9531,8507,176.5,160.5,45.49,22.96,22.53,61353.74,64,64,0,0,0,0,0,403,0,0,Benign,None,Benign,0
799,UE_2,tcp,235.5,-52.37,40.86,2.249,2.249,265,74,191,244226,6297,237929,85.1,1245.7,117.83,32.9,84.93,868745.22,64,64,131072,131072,0.0292,0.0146,0.0146,166,1,0.05,Benign,None,Benign,0
4266,UE_9,tcp,409.2,-55.5,38.26,0.0043,0.0043,1,1,0,44,44,0,44,0,232.56,232.56,0,81860.47,50,0,1024,0,0,0,0,0,1,100,SYNScan,Nmap,Malicious,1
4578,UE_10,tcp,440.7,-53.8,39.49,54.35,54.35,21,11,10,737,337,400,30.6,40,0.39,0.2,0.18,108.48,64,64,512,16384,0.2051,0.1231,0.082,128,0,0,SlowrateDoS,Slowloris,Malicious,1
967,UE_2,tcp,235.5,-52.8,40.41,5.757,5.757,443,69,374,522749,7190,515559,104.2,1378.5,76.95,11.99,64.96,726418.62,64,64,131072,131072,0.0104,0.0052,0.0052,181,1,0.05,Benign,None,Benign,0
1075,UE_3,udp,127.5,-42.42,50.63,3.633,3.633,191,95,96,33893,16863,17030,177.5,177.4,52.57,26.15,26.42,74633.64,64,64,0,0,0,0,0,427,0,0,Benign,None,Benign,0
3665,UE_8,udp,403.8,-51.94,41.16,0.565,0.565,2007,2007,0,1838211,1838211,0,915.9,0,3552.21,3552.21,0,26027766.37,64,0,0,0,0,0,0,0,1606,80,UDPFlood,Hping3,Malicious,1
1578,UE_4,udp,116.4,-40.5,52.23,0.228,0.228,5,3,2,349,226,123,75.2,61.3,21.93,13.16,8.77,12245.61,64,64,0,0,0,0,0,413,1,0.05,Benign,None,Benign,0
762,UE_2,tcp,235.5,-52.44,40.99,9.718,9.718,199,33,166,225953,3878,222075,117.5,1337.8,20.48,3.4,17.08,186007.82,64,64,131072,131072,0.0223,0.0112,0.0112,350,1,0.05,Benign,None,Benign,0
2589,UE_6,tcp,321,-51.39,40.25,3.206,3.206,69,44,25,27633,14476,13157,329,526.3,21.52,13.72,7.8,68953.21,64,64,65535,65535,0.0212,0.0106,0.0106,171,0,0,Benign,None,Benign,0
4069,UE_9,tcp,409.2,-55.64,37.38,0.0024,0.0024,1,1,0,44,44,0,44,0,416.67,416.67,0,146666.67,59,0,1024,0,0,0,0,0,1,100,SYNScan,Nmap,Malicious,1
2938,UE_6,tcp,321,-51.3,39.98,1.332,1.332,82,33,49,44856,12276,32580,372,664.9,61.56,24.77,36.79,269405.41,64,64,65535,65535,0.0237,0.0119,0.0119,295,0,0,Benign,None,Benign,0
4721,UE_10,tcp,440.7,-55.03,39.09,51.42,51.42,14,9,5,492,292,200,32.4,40,0.27,0.18,0.1,76.55,64,64,512,16384,0.0866,0.052,0.0346,128,0,0,SlowrateDoS,Slowloris,Malicious,1
3573,UE_8,udp,403.8,-52.58,40.74,0.581,0.581,541,541,0,332282,332282,0,614.2,0,931.15,931.15,0,4575311.53,64,0,0,0,0,0,0,0,433,80,UDPFlood,Hping3,Malicious,1
3252,UE_7,tcp,413,-59.64,33.7,0.0467,0.0467,272,272,0,10880,10880,0,40,0,5824.41,5824.41,0,1863811.56,128,0,1024,0,0,0,0,0,272,100,SYNFlood,Hping3,Malicious,1
600,UE_2,tcp,235.5,-52.8,41.25,6.049,6.049,502,71,431,630836,7136,623700,100.5,1447.1,82.99,11.74,71.25,834301.21,64,64,131072,131072,0.0207,0.0104,0.0104,420,0,0,Benign,None,Benign,0
1103,UE_3,udp,127.5,-41.68,51.18,5.634,5.634,237,120,117,40528,20556,19972,171.3,170.7,42.07,21.3,20.77,57547.75,64,64,0,0,0,0,0,463,0,0,Benign,None,Benign,0
1280,UE_3,udp,127.5,-42.14,50.56,3.192,3.192,211,105,106,35345,17378,17967,165.5,169.5,66.1,32.89,33.21,88583.96,64,64,0,0,0,0,0,140,1,0.05,Benign,None,Benign,0
2521,UE_6,tcp,321,-51.78,39.6,2.249,2.249,63,26,37,28062,10080,17982,387.7,486,28.01,11.56,16.45,99820.36,64,64,65535,65535,0.0224,0.0112,0.0112,217,0,0,Benign,None,Benign,0
261,UE_1,tcp,146.1,-44.17,49.14,0.921,0.921,76,30,46,49724,4644,45080,154.8,980,82.52,32.57,49.95,431913.14,64,64,65535,65535,0.0437,0.0219,0.0219,398,0,0,Benign,None,Benign,0
3318,UE_7,tcp,413,-60.38,34.18,0.1031,0.1031,724,724,0,28960,28960,0,40,0,7022.31,7022.31,0,2247138.7,128,0,1024,0,0,0,0,0,724,100,SYNFlood,Hping3,Malicious,1
666,UE_2,tcp,235.5,-52.36,41.47,7.671,7.671,479,72,407,504797,6955,497842,96.6,1223.2,62.44,9.39,53.06,526447.14,64,64,131072,131072,0.0188,0.0094,0.0094,165,0,0,Benign,None,Benign,0
3117,UE_7,tcp,413,-59.01,34.01,0.0902,0.0902,280,280,0,11200,11200,0,40,0,3104.21,3104.21,0,993348.12,128,0,1024,0,0,0,0,0,280,100,SYNFlood,Hping3,Malicious,1
776,UE_2,tcp,235.5,-52.63,40.61,9.524,9.524,396,76,320,422871,7159,415712,94.2,1299.1,41.58,7.98,33.6,355204.54,64,64,131072,131072,0.0182,0.0091,0.0091,326,0,0,Benign,None,Benign,0
1310,UE_3,udp,127.5,-41.96,51.59,3.925,3.925,236,117,119,40700,20779,19921,177.6,167.4,60.13,29.81,30.32,82955.41,64,64,0,0,0,0,0,258,0,0,Benign,None,Benign,0
4956,UE_10,tcp,440.7,-54.18,39.16,38.62,38.62,17,10,7,583,303,280,30.3,40,0.44,0.26,0.18,120.77,64,64,512,16384,0.1456,0.0874,0.0582,128,0,0,SlowrateDoS,Slowloris,Malicious,1
808,UE_2,tcp,235.5,-52.8,41.12,9.711,9.711,293,57,236,331198,4834,326364,84.8,1382.9,30.17,5.87,24.3,272843.58,64,64,131072,131072,0.0229,0.0115,0.0115,152,0,0,Benign,None,Benign,0
2273,UE_5,tcp,309,-52.05,40.6,10.544,10.544,454,54,400,587456,3456,584000,64,1460,43.06,5.12,37.94,445717.75,64,64,262144,262144,0.0234,0.0117,0.0117,363,0,0,Benign,None,Benign,0
1333,UE_3,udp,127.5,-41.13,50.33,4.127,4.127,266,132,134,47311,23338,23973,176.8,178.9,64.45,31.98,32.47,91710.2,64,64,0,0,0,0,0,337,1,0.05,Benign,None,Benign,0
4291,UE_9,tcp,409.2,-55.19,39.36,0.0012,0.0012,1,1,0,44,44,0,44,0,833.33,833.33,0,293333.33,53,0,1024,0,0,0,0,0,1,100,SYNScan,Nmap,Malicious,1
1956,UE_4,udp,116.4,-40.51,52.44,0.212,0.212,3,1,2,178,81,97,81.1,48.3,14.15,4.72,9.43,6716.98,64,64,0,0,0,0,0,397,1,0.05,Benign,None,Benign,0
27,UE_1,tcp,146.1,-44.97,48.45,2.671,2.671,61,17,44,38626,2603,36023,153.1,818.7,22.84,6.36,16.47,115690,64,64,65535,65535,0.0397,0.0199,0.0199,141,0,0,Benign,None,Benign,0
244,UE_1,tcp,146.1,-44.24,48.48,0.658,0.658,64,22,42,57646,3802,53844,172.8,1282,97.26,33.43,63.83,700863.22,64,64,65535,65535,0.0423,0.0212,0.0212,205,0,0,Benign,None,Benign,0
2361,UE_5,tcp,309,-53.03,40.44,8.203,8.203,851,72,779,1141948,4608,1137340,64,1460,103.74,8.78,94.97,1113688.16,64,64,262144,262144,0.0265,0.0133,0.0133,242,0,0,Benign,None,Benign,0
381,UE_1,tcp,146.1,-44.34,47.04,1.145,1.145,86,27,59,73854,5567,68287,206.2,1157.4,75.11,23.58,51.53,516010.48,64,64,65535,65535,0.0171,0.0086,0.0086,311,0,0,Benign,None,Benign,0
4414,UE_9,tcp,409.2,-55.03,38.31,0.005,0.005,1,1,0,44,44,0,44,0,200,200,0,70400,57,0,1024,0,0,0,0,0,1,100,SYNScan,Nmap,Malicious,1
3814,UE_8,udp,403.8,-51.97,40.62,0.195,0.195,1466,1466,0,1445476,1445476,0,986,0,7517.95,7517.95,0,59301579.49,64,0,0,0,0,0,0,0,1173,80,UDPFlood,Hping3,Malicious,1
4103,UE_9,tcp,409.2,-55.92,39.59,0.0027,0.0027,1,1,0,44,44,0,44,0,370.37,370.37,0,130370.37,45,0,1024,0,0,0,0,0,1,100,SYNScan,Nmap,Malicious,1
1231,UE_3,udp,127.5,-43.03,50.47,3.437,3.437,128,63,65,21614,10830,10784,171.9,165.9,37.24,18.33,18.91,50308.99,64,64,0,0,0,0,0,224,0,0,Benign,None,Benign,0
413,UE_1,tcp,146.1,-44.32,48.08,1.461,1.461,44,12,32,30345,1916,28429,159.7,888.4,30.12,8.21,21.9,166160.16,64,64,65535,65535,0.0446,0.0223,0.0223,361,0,0,Benign,None,Benign,0
620,UE_2,tcp,235.5,-52.43,40.63,2.689,2.689,255,53,202,248305,4956,243349,93.5,1204.7,94.83,19.71,75.12,738728.15,64,64,131072,131072,0.018,0.009,0.009,435,1,0.05,Benign,None,Benign,0
3726,UE_8,udp,403.8,-52.94,40.55,0.269,0.269,727,727,0,700610,700610,0,963.7,0,2702.6,2702.6,0,20835985.13,64,0,0,0,0,0,0,0,582,80,UDPFlood,Hping3,Malicious,1
141,UE_1,tcp,146.1,-43.83,48.73,2.562,2.562,69,22,47,41913,3608,38305,164,815,26.93,8.59,18.35,130875.88,64,64,65535,65535,0.0242,0.0121,0.0121,462,0,0,Benign,None,Benign,0
4759,UE_10,tcp,440.7,-54.96,38.96,49.14,49.14,22,16,6,778,538,240,33.6,40,0.45,0.33,0.12,126.66,64,64,512,16384,0.1964,0.1178,0.0786,128,0,0,SlowrateDoS,Slowloris,Malicious,1
4568,UE_10,tcp,440.7,-53.92,40.17,58.8,58.8,18,11,7,643,363,280,33,40,0.31,0.19,0.12,87.48,64,64,512,16384,0.1494,0.0896,0.0598,128,0,0,SlowrateDoS,Slowloris,Malicious,1
2003,UE_5,tcp,309,-52.82,39.47,11.832,11.832,829,99,730,1072136,6336,1065800,64,1460,70.06,8.37,61.7,724906.02,64,64,262144,262144,0.0222,0.0111,0.0111,147,1,0.05,Benign,None,Benign,0
415,UE_1,tcp,146.1,-44.08,47.95,1.013,1.013,73,25,48,61985,5503,56482,220.1,1176.7,72.06,24.68,47.38,489516.29,64,64,65535,65535,0.0412,0.0206,0.0206,179,0,0,Benign,None,Benign,0
4704,UE_10,tcp,440.7,-53.1,39.21,63.68,63.68,28,19,9,924,564,360,29.7,40,0.44,0.3,0.14,116.08,64,64,512,16384,0.1364,0.0818,0.0546,128,0,0,SlowrateDoS,Slowloris,Malicious,1
2728,UE_6,tcp,321,-50.31,39.95,3.16,3.16,62,42,20,29270,20446,8824,486.8,441.2,19.62,13.29,6.33,74101.27,64,64,65535,65535,0.021,0.0105,0.0105,475,1,0.05,Benign,None,Benign,0
2076,UE_5,tcp,309,-52.42,39.51,9.659,9.659,651,70,581,852740,4480,848260,64,1460,67.4,7.25,60.15,706276.01,64,64,262144,262144,0.0195,0.0098,0.0098,148,1,0.05,Benign,None,Benign,0
361,UE_1,tcp,146.1,-44.95,49,3.542,3.542,53,14,39,45544,2702,42842,193,1098.5,14.96,3.95,11.01,102866.18,64,64,65535,65535,0.045,0.0225,0.0225,308,0,0,Benign,None,Benign,0
4082,UE_9,tcp,409.2,-55.11,38.76,0.0011,0.0011,1,1,0,44,44,0,44,0,909.09,909.09,0,320000,48,0,1024,0,0,0,0,0,1,100,SYNScan,Nmap,Malicious,1
1857,UE_4,udp,116.4,-41.16,50.86,0.075,0.075,4,2,2,285,182,103,91.2,51.7,53.33,26.67,26.67,30400,64,64,0,0,0,0,0,231,0,0,Benign,None,Benign,0
2410,UE_5,tcp,309,-52.36,39.21,8.675,8.675,385,71,314,462984,4544,458440,64,1460,44.38,8.18,36.2,426959.31,64,64,262144,262144,0.0261,0.0131,0.0131,510,0,0,Benign,None,Benign,0
1597,UE_4,udp,116.4,-41.18,52.18,0.186,0.186,4,3,1,325,271,54,90.2,53.9,21.51,16.13,5.38,13978.49,64,64,0,0,0,0,0,461,0,0,Benign,None,Benign,0
4178,UE_9,tcp,409.2,-55.85,38.64,0.006,0.006,1,1,0,44,44,0,44,0,166.67,166.67,0,58666.67,50,0,1024,0,0,0,0,0,1,100,SYNScan,Nmap,Malicious,1
4415,UE_9,tcp,409.2,-55.24,38.4,0.0017,0.0017,1,1,0,44,44,0,44,0,588.24,588.24,0,207058.82,47,0,1024,0,0,0,0,0,1,100,SYNScan,Nmap,Malicious,1
4388,UE_9,tcp,409.2,-54.24,39.23,0.0051,0.0051,1,1,0,44,44,0,44,0,196.08,196.08,0,69019.61,53,0,1024,0,0,0,0,0,1,100,SYNScan,Nmap,Malicious,1
4732,UE_10,tcp,440.7,-54,40.03,48.99,48.99,30,18,12,1160,680,480,37.8,40,0.61,0.37,0.24,189.43,64,64,512,16384,0.1637,0.0982,0.0655,128,0,0,SlowrateDoS,Slowloris,Malicious,1
2240,UE_5,tcp,309,-52.78,39.59,3.234,3.234,503,72,431,633868,4608,629260,64,1460,155.53,22.26,133.27,1568009.89,64,64,262144,262144,0.0204,0.0102,0.0102,418,1,0.05,Benign,None,Benign,0
995,UE_2,tcp,235.5,-51.99,41.7,4.661,4.661,209,55,154,198827,4417,194410,80.3,1262.4,44.84,11.8,33.04,341260.67,64,64,131072,131072,0.012,0.006,0.006,408,1,0.05,Benign,None,Benign,0
23,UE_1,tcp,146.1,-44.65,46.93,4.367,4.367,89,35,54,59874,6279,53595,179.4,992.5,20.38,8.01,12.37,109684.45,64,64,65535,65535,0.0405,0.0203,0.0203,485,0,0,Benign,None,Benign,0
3450,UE_7,tcp,413,-59.99,35.11,0.0201,0.0201,373,373,0,14920,14920,0,40,0,18557.21,18557.21,0,5938308.46,128,0,1024,0,0,0,0,0,373,100,SYNFlood,Hping3,Malicious,1
1473,UE_3,udp,127.5,-41.89,51.47,1.914,1.914,133,64,69,22603,11501,11102,179.7,160.9,69.49,33.44,36.05,94474.4,64,64,0,0,0,0,0,304,0,0,Benign,None,Benign,0
4604,UE_10,tcp,440.7,-55.35,39.11,25.62,25.62,18,13,5,690,490,200,37.7,40,0.7,0.51,0.2,215.46,64,64,512,16384,0.1925,0.1155,0.077,128,0,0,SlowrateDoS,Slowloris,Malicious,1
1276,UE_3,udp,127.5,-41.72,51.66,2.244,2.244,240,118,122,41212,19789,21423,167.7,175.6,106.95,52.58,54.37,146923.35,64,64,0,0,0,0,0,353,1,0.05,Benign,None,Benign,0
547,UE_2,tcp,235.5,-52.79,40.97,5.712,5.712,465,36,429,597865,4129,593736,114.7,1384,81.41,6.3,75.11,837345.94,64,64,131072,131072,0.0121,0.0061,0.0061,252,0,0,Benign,None,Benign,0
857,UE_2,tcp,235.5,-53.61,41.19,4.268,4.268,417,65,352,431347,5779,425568,88.9,1209,97.7,15.23,82.47,808522.96,64,64,131072,131072,0.0182,0.0091,0.0091,234,1,0.05,Benign,None,Benign,0
860,UE_2,tcp,235.5,-52.71,40.88,3.246,3.246,354,74,280,345745,7141,338604,96.5,1209.3,109.06,22.8,86.26,852113.37,64,64,131072,131072,0.02,0.01,0.01,334,0,0,Benign,None,Benign,0
4418,UE_9,tcp,409.2,-55.27,38.32,0.0054,0.0054,1,1,0,44,44,0,44,0,185.19,185.19,0,65185.19,48,0,1024,0,0,0,0,0,1,100,SYNScan,Nmap,Malicious,1
4627,UE_10,tcp,440.7,-54.76,38.95,54.48,54.48,27,16,11,843,403,440,25.2,40,0.5,0.29,0.2,123.79,64,64,512,16384,0.1671,0.1003,0.0668,128,0,0,SlowrateDoS,Slowloris,Malicious,1
4601,UE_10,tcp,440.7,-54.53,39.22,64.21,64.21,23,16,7,701,421,280,26.3,40,0.36,0.25,0.11,87.34,64,64,512,16384,0.2246,0.1348,0.0898,128,0,0,SlowrateDoS,Slowloris,Malicious,1
3326,UE_7,tcp,413,-59.96,33.77,0.0734,0.0734,739,739,0,29560,29560,0,40,0,10068.12,10068.12,0,3221798.37,128,0,1024,0,0,0,0,0,739,100,SYNFlood,Hping3,Malicious,1
840,UE_2,tcp,235.5,-52.68,42.1,5.056,5.056,327,78,249,366409,9243,357166,118.5,1434.4,64.68,15.43,49.25,579761.08,64,64,131072,131072,0.0154,0.0077,0.0077,182,0,0,Benign,None,Benign,0
3396,UE_7,tcp,413,-59.41,33.66,0.1029,0.1029,218,218,0,8720,8720,0,40,0,2118.56,2118.56,0,677939.75,128,0,1024,0,0,0,0,0,218,100,SYNFlood,Hping3,Malicious,1
1209,UE_3,udp,127.5,-41.97,51.41,1.246,1.246,244,120,124,42754,21228,21526,176.9,173.6,195.83,96.31,99.52,274504.01,64,64,0,0,0,0,0,510,0,0,Benign,None,Benign,0
158,UE_1,tcp,146.1,-44.86,47.55,1.793,1.793,49,15,34,38377,2354,36023,156.9,1059.5,27.33,8.37,18.96,171230.34,64,64,65535,65535,0.017,0.0085,0.0085,472,0,0,Benign,None,Benign,0
3223,UE_7,tcp,413,-60.39,34.33,0.014,0.014,342,342,0,13680,13680,0,40,0,24428.57,24428.57,0,7817142.86,128,0,1024,0,0,0,0,0,342,100,SYNFlood,Hping3,Malicious,1
2555,UE_6,tcp,321,-51.88,39.09,2.596,2.596,52,26,26,28629,10634,17995,409,692.1,20.03,10.02,10.02,88224.96,64,64,65535,65535,0.0374,0.0187,0.0187,310,0,0,Benign,None,Benign,0
4631,UE_10,tcp,440.7,-54.84,39.55,59.97,59.97,25,17,8,813,493,320,29,40,0.42,0.28,0.13,108.45,64,64,512,16384,0.2131,0.1279,0.0852,128,0,0,SlowrateDoS,Slowloris,Malicious,1
738,UE_2,tcp,235.5,-52.97,40.32,3.686,3.686,275,41,234,323180,3489,319691,85.1,1366.2,74.61,11.12,63.48,701421.6,64,64,131072,131072,0.0115,0.0058,0.0058,136,1,0.05,Benign,None,Benign,0
807,UE_2,tcp,235.5,-52.45,40.69,9.469,9.469,294,74,220,307025,8221,298804,111.1,1358.2,31.05,7.81,23.23,259393.81,64,64,131072,131072,0.0294,0.0147,0.0147,128,0,0,Benign,None,Benign,0
3764,UE_8,udp,403.8,-52.38,40.17,0.412,0.412,1522,1522,0,795854,795854,0,522.9,0,3694.17,3694.17,0,15453475.73,64,0,0,0,0,0,0,0,1218,80,UDPFlood,Hping3,Malicious,1
184,UE_1,tcp,146.1,-44.12,48.39,4.439,4.439,55,34,21,23845,5661,18184,166.5,865.9,12.39,7.66,4.73,42973.64,64,64,65535,65535,0.0368,0.0184,0.0184,196,0,0,Benign,None,Benign,0
3500,UE_7,tcp,413,-59.23,34.38,0.0922,0.0922,447,447,0,17880,17880,0,40,0,4848.16,4848.16,0,1551409.98,128,0,1024,0,0,0,0,0,447,100,SYNFlood,Hping3,Malicious,1
2237,UE_5,tcp,309,-52.62,38.86,10.132,10.132,504,71,433,636724,4544,632180,64,1460,49.74,7.01,42.74,502742.99,64,64,262144,262144,0.0247,0.0124,0.0124,491,0,0,Benign,None,Benign,0
710,UE_2,tcp,235.5,-52.04,40.53,4.163,4.163,377,71,306,399225,6994,392231,98.5,1281.8,90.56,17.06,73.5,767187.12,64,64,131072,131072,0.0216,0.0108,0.0108,498,1,0.05,Benign,None,Benign,0
3947,UE_8,udp,403.8,-52.36,41.83,0.585,0.585,758,758,0,612464,612464,0,808,0,1295.73,1295.73,0,8375576.07,64,0,0,0,0,0,0,0,606,80,UDPFlood,Hping3,Malicious,1
2101,UE_5,tcp,309,-52.85,40.97,12.502,12.502,809,56,753,1102964,3584,1099380,64,1460,64.71,4.48,60.23,705784.03,64,64,262144,262144,0.0156,0.0078,0.0078,228,1,0.05,Benign,None,Benign,0
4169,UE_9,tcp,409.2,-54.82,38.4,0.0049,0.0049,1,1,0,44,44,0,44,0,204.08,204.08,0,71836.73,57,0,1024,0,0,0,0,0,1,100,SYNScan,Nmap,Malicious,1
3003,UE_7,tcp,413,-59.65,35.19,0.0941,0.0941,249,249,0,9960,9960,0,40,0,2646.12,2646.12,0,846758.77,128,0,1024,0,0,0,0,0,249,100,SYNFlood,Hping3,Malicious,1
2062,UE_5,tcp,309,-53.16,40.16,5.888,5.888,867,88,779,1142972,5632,1137340,64,1460,147.25,14.95,132.3,1552951.09,64,64,262144,262144,0.0236,0.0118,0.0118,194,0,0,Benign,None,Benign,0
2700,UE_6,tcp,321,-51.18,39.45,2.343,2.343,79,33,46,30945,9923,21022,300.7,457,33.72,14.08,19.63,105659.41,64,64,65535,65535,0.0255,0.0128,0.0128,465,0,0,Benign,None,Benign,0
4817,UE_10,tcp,440.7,-53.26,38.85,38.32,38.32,21,15,6,804,564,240,37.6,40,0.55,0.39,0.16,167.85,64,64,512,16384,0.135,0.081,0.054,128,0,0,SlowrateDoS,Slowloris,Malicious,1
4676,UE_10,tcp,440.7,-54.08,39.63,55.04,55.04,29,20,9,876,516,360,25.8,40,0.53,0.36,0.16,127.33,64,64,512,16384,0.0933,0.056,0.0373,128,0,0,SlowrateDoS,Slowloris,Malicious,1
2264,UE_5,tcp,309,-53.23,40.58,6.523,6.523,940,70,870,1274680,4480,1270200,64,1460,144.11,10.73,133.37,1563305.23,64,64,262144,262144,0.0261,0.0131,0.0131,278,0,0,Benign,None,Benign,0
3491,UE_7,tcp,413,-60.82,32.82,0.1039,0.1039,446,446,0,17840,17840,0,40,0,4292.59,4292.59,0,1373628.49,128,0,1024,0,0,0,0,0,446,100,SYNFlood,Hping3,Malicious,1
931,UE_2,tcp,235.5,-52.46,41.29,8.246,8.246,204,39,165,205715,4481,201234,114.9,1219.6,24.74,4.73,20.01,199577.98,64,64,131072,131072,0.0149,0.0075,0.0075,432,0,0,Benign,None,Benign,0
3698,UE_8,udp,403.8,-52.93,41.06,0.38,0.38,966,966,0,814435,814435,0,843.1,0,2542.11,2542.11,0,17146000,64,0,0,0,0,0,0,0,773,80,UDPFlood,Hping3,Malicious,1
250,UE_1,tcp,146.1,-44.7,48.68,4.33,4.33,70,10,60,75029,2177,72852,217.7,1214.2,16.17,2.31,13.86,138621.71,64,64,65535,65535,0.0238,0.0119,0.0119,235,0,0,Benign,None,Benign,0
4686,UE_10,tcp,440.7,-54.23,39.74,54.92,54.92,21,12,9,788,428,360,35.7,40,0.38,0.22,0.16,114.79,64,64,512,16384,0.1168,0.0701,0.0467,128,0,0,SlowrateDoS,Slowloris,Malicious,1
3410,UE_7,tcp,413,-58.93,33.27,0.105,0.105,346,346,0,13840,13840,0,40,0,3295.24,3295.24,0,1054476.19,128,0,1024,0,0,0,0,0,346,100,SYNFlood,Hping3,Malicious,1
1739,UE_4,udp,116.4,-40.39,52.27,0.212,0.212,4,3,1,296,237,59,79.1,58.9,18.87,14.15,4.72,11169.81,64,64,0,0,0,0,0,433,0,0,Benign,None,Benign,0
1961,UE_4,udp,116.4,-39.78,51.75,0.167,0.167,4,3,1,270,215,55,71.7,54.9,23.95,17.96,5.99,12934.13,64,64,0,0,0,0,0,214,0,0,Benign,None,Benign,0
2342,UE_5,tcp,309,-53.05,39.5,7.684,7.684,626,45,581,851140,2880,848260,64,1460,81.47,5.86,75.61,886142.63,64,64,262144,262144,0.0132,0.0066,0.0066,357,1,0.05,Benign,None,Benign,0
3041,UE_7,tcp,413,-60.26,34.31,0.0837,0.0837,980,980,0,39200,39200,0,40,0,11708.48,11708.48,0,3746714.46,128,0,1024,0,0,0,0,0,980,100,SYNFlood,Hping3,Malicious,1
2541,UE_6,tcp,321,-51.54,39.93,1.925,1.925,70,41,29,28383,15350,13033,374.4,449.4,36.36,21.3,15.06,117955.32,64,64,65535,65535,0.0252,0.0126,0.0126,500,1,0.05,Benign,None,Benign,0
70,UE_1,tcp,146.1,-44.58,48.18,4.36,4.36,62,13,49,46808,3169,43639,243.8,890.6,14.22,2.98,11.24,85886.24,64,64,65535,65535,0.017,0.0085,0.0085,485,1,0.05,Benign,None,Benign,0
3277,UE_7,tcp,413,-60.6,34.66,0.0398,0.0398,595,595,0,23800,23800,0,40,0,14949.75,14949.75,0,4783919.6,128,0,1024,0,0,0,0,0,595,100,SYNFlood,Hping3,Malicious,1
2963,UE_6,tcp,321,-52.02,40.54,2.422,2.422,73,28,45,39651,13546,26105,483.8,580.1,30.14,11.56,18.58,130969.45,64,64,65535,65535,0.0383,0.0192,0.0192,349,0,0,Benign,None,Benign,0
4212,UE_9,tcp,409.2,-55.5,38.07,0.0029,0.0029,1,1,0,44,44,0,44,0,344.83,344.83,0,121379.31,54,0,1024,0,0,0,0,0,1,100,SYNScan,Nmap,Malicious,1
1587,UE_4,udp,116.4,-39.65,51.65,0.051,0.051,3,2,1,227,168,59,84,58.9,58.82,39.22,19.61,35607.84,64,64,0,0,0,0,0,459,0,0,Benign,None,Benign,0
727,UE_2,tcp,235.5,-52.47,40.94,3.55,3.55,412,40,372,505369,3504,501865,87.6,1349.1,116.06,11.27,104.79,1138859.72,64,64,131072,131072,0.0143,0.0072,0.0072,398,0,0,Benign,None,Benign,0
44,UE_1,tcp,146.1,-43.88,47.74,2.375,2.375,35,11,24,28770,1780,26990,161.8,1124.6,14.74,4.63,10.11,96909.47,64,64,65535,65535,0.0374,0.0187,0.0187,317,0,0,Benign,None,Benign,0
3989,UE_8,udp,403.8,-52.47,41.49,0.557,0.557,586,586,0,531209,531209,0,906.5,0,1052.06,1052.06,0,7629572.71,64,0,0,0,0,0,0,0,469,80,UDPFlood,Hping3,Malicious,1
2822,UE_6,tcp,321,-51.56,39.65,1.78,1.78,70,25,45,32891,11750,21141,470,469.8,39.33,14.04,25.28,147824.72,64,64,65535,65535,0.0279,0.014,0.014,321,1,0.05,Benign,None,Benign,0
3526,UE_8,udp,403.8,-52.29,41.28,0.307,0.307,1409,1409,0,1320233,1320233,0,937,0,4589.58,4589.58,0,34403465.8,64,0,0,0,0,0,0,0,1127,80,UDPFlood,Hping3,Malicious,1
3485,UE_7,tcp,413,-61.23,33.94,0.0583,0.0583,335,335,0,13400,13400,0,40,0,5746.14,5746.14,0,1838765.01,128,0,1024,0,0,0,0,0,335,100,SYNFlood,Hping3,Malicious,1
516,UE_2,tcp,235.5,-52.68,41.28,5.098,5.098,285,44,241,334720,5249,329471,119.3,1367.1,55.9,8.63,47.27,525256.96,64,64,131072,131072,0.0244,0.0122,0.0122,412,0,0,Benign,None,Benign,0
4690,UE_10,tcp,440.7,-54.83,39.51,30.45,30.45,18,8,10,708,308,400,38.5,40,0.59,0.26,0.33,186.01,64,64,512,16384,0.1946,0.1168,0.0778,128,0,0,SlowrateDoS,Slowloris,Malicious,1
2403,UE_5,tcp,309,-52.17,39.6,12.206,12.206,791,86,705,1034804,5504,1029300,64,1460,64.8,7.05,57.76,678226.45,64,64,262144,262144,0.019,0.0095,0.0095,353,1,0.05,Benign,None,Benign,0
2571,UE_6,tcp,321,-51.84,39.6,1.624,1.624,57,33,24,29785,12995,16790,393.8,699.6,35.1,20.32,14.78,146724.14,64,64,65535,65535,0.024,0.012,0.012,440,1,0.05,Benign,None,Benign,0
896,UE_2,tcp,235.5,-52.71,40.07,2.311,2.311,295,63,232,314894,7239,307655,114.9,1326.1,127.65,27.26,100.39,1090070.1,64,64,131072,131072,0.0161,0.0081,0.0081,167,1,0.05,Benign,None,Benign,0
3175,UE_7,tcp,413,-59.89,34.58,0.0751,0.0751,553,553,0,22120,22120,0,40,0,7363.52,7363.52,0,2356324.9,128,0,1024,0,0,0,0,0,553,100,SYNFlood,Hping3,Malicious,1
4720,UE_10,tcp,440.7,-54.05,39.34,44.62,44.62,24,13,11,818,378,440,29.1,40,0.54,0.29,0.25,146.66,64,64,512,16384,0.1494,0.0896,0.0598,128,0,0,SlowrateDoS,Slowloris,Malicious,1
4637,UE_10,tcp,440.7,-54.56,40.24,55.22,55.22,15,11,4,565,405,160,36.8,40,0.27,0.2,0.07,81.85,64,64,512,16384,0.1436,0.0862,0.0574,128,0,0,SlowrateDoS,Slowloris,Malicious,1
1251,UE_3,udp,127.5,-41.92,51.62,2.713,2.713,117,60,57,20226,10200,10026,170,175.9,43.13,22.12,21.01,59641.73,64,64,0,0,0,0,0,467,1,0.05,Benign,None,Benign,0
3292,UE_7,tcp,413,-60.01,33.23,0.0673,0.0673,906,906,0,36240,36240,0,40,0,13462.11,13462.11,0,4307875.19,128,0,1024,0,0,0,0,0,906,100,SYNFlood,Hping3,Malicious,1
4910,UE_10,tcp,440.7,-55.06,39.8,56.82,56.82,25,13,12,934,454,480,34.9,40,0.44,0.23,0.21,131.5,64,64,512,16384,0.1916,0.115,0.0766,128,0,0,SlowrateDoS,Slowloris,Malicious,1
2464,UE_5,tcp,309,-53.16,39.93,5.905,5.905,591,77,514,755368,4928,750440,64,1460,100.08,13.04,87.04,1023360.54,64,64,262144,262144,0.0236,0.0118,0.0118,402,0,0,Benign,None,Benign,0
3234,UE_7,tcp,413,-59.13,33.97,0.1032,0.1032,329,329,0,13160,13160,0,40,0,3187.98,3187.98,0,1020155.04,128,0,1024,0,0,0,0,0,329,100,SYNFlood,Hping3,Malicious,1
273,UE_1,tcp,146.1,-44.14,48.69,0.531,0.531,64,26,38,52850,4248,48602,163.4,1279,120.53,48.96,71.56,796233.52,64,64,65535,65535,0.0309,0.0155,0.0155,151,0,0,Benign,None,Benign,0
1675,UE_4,udp,116.4,-40.91,52.28,0.128,0.128,4,2,2,286,158,128,79.2,63.8,31.25,15.63,15.63,17875,64,64,0,0,0,0,0,359,0,0,Benign,None,Benign,0
2580,UE_6,tcp,321,-51.81,39.9,1.488,1.488,89,39,50,34999,14414,20585,369.6,411.7,59.81,26.21,33.6,188166.67,64,64,65535,65535,0.0209,0.0105,0.0105,285,0,0,Benign,None,Benign,0
1970,UE_4,udp,116.4,-39.97,51.29,0.1,0.1,6,4,2,483,369,114,92.2,57,60,40,20,38640,64,64,0,0,0,0,0,281,1,0.05,Benign,None,Benign,0
2905,UE_6,tcp,321,-51.36,39.6,1.893,1.893,68,36,32,30789,11221,19568,311.7,611.5,35.92,19.02,16.9,130117.27,64,64,65535,65535,0.0326,0.0163,0.0163,426,0,0,Benign,None,Benign,0
458,UE_1,tcp,146.1,-45.25,48.12,4.002,4.002,72,17,55,69034,4007,65027,235.7,1182.3,17.99,4.25,13.74,137999,64,64,65535,65535,0.0194,0.0097,0.0097,250,1,0.05,Benign,None,Benign,0
3638,UE_8,udp,403.8,-52.66,40.8,0.369,0.369,828,828,0,524869,524869,0,633.9,0,2243.9,2243.9,0,11379273.71,64,0,0,0,0,0,0,0,662,80,UDPFlood,Hping3,Malicious,1
551,UE_2,tcp,235.5,-53.05,40.28,3.085,3.085,308,43,265,365117,5061,360056,117.7,1358.7,99.84,13.94,85.9,946818.8,64,64,131072,131072,0.0267,0.0134,0.0134,146,0,0,Benign,None,Benign,0
121,UE_1,tcp,146.1,-44.72,48.89,1.42,1.42,36,15,21,23898,3228,20670,215.2,984.3,25.35,10.56,14.79,134636.62,64,64,65535,65535,0.0409,0.0205,0.0205,285,1,0.05,Benign,None,Benign,0
4423,UE_9,tcp,409.2,-54.43,38.85,0.0019,0.0019,1,1,0,44,44,0,44,0,526.32,526.32,0,185263.16,55,0,1024,0,0,0,0,0,1,100,SYNScan,Nmap,Malicious,1
2779,UE_6,tcp,321,-50.97,39.16,2.319,2.319,71,37,34,32854,12920,19934,349.2,586.3,30.62,15.96,14.66,113338.51,64,64,65535,65535,0.0335,0.0168,0.0168,272,0,0,Benign,None,Benign,0
2944,UE_6,tcp,321,-50.84,40.22,3.287,3.287,49,20,29,26521,8544,17977,427.2,619.9,14.91,6.08,8.82,64547.61,64,64,65535,65535,0.0334,0.0167,0.0167,481,1,0.05,Benign,None,Benign,0
4439,UE_9,tcp,409.2,-55.1,38.78,0.0037,0.0037,1,1,0,44,44,0,44,0,270.27,270.27,0,95135.14,55,0,1024,0,0,0,0,0,1,100,SYNScan,Nmap,Malicious,1
4226,UE_9,tcp,409.2,-54.35,38.81,0.0032,0.0032,1,1,0,44,44,0,44,0,312.5,312.5,0,110000,56,0,1024,0,0,0,0,0,1,100,SYNScan,Nmap,Malicious,1
4279,UE_9,tcp,409.2,-55.54,38.23,0.0053,0.0053,2,1,1,84,44,40,44,40,377.36,188.68,188.68,126792.45,49,55,1024,0,0.0112,0,0,0,0,0,SYNScan,Nmap,Malicious,1
1061,UE_3,udp,127.5,-42.27,50.97,5.371,5.371,122,63,59,20316,10534,9782,167.2,165.8,22.71,11.73,10.98,30260.29,64,64,0,0,0,0,0,324,1,0.05,Benign,None,Benign,0
4047,UE_9,tcp,409.2,-54.69,39.62,0.0046,0.0046,1,1,0,44,44,0,44,0,217.39,217.39,0,76521.74,51,0,1024,0,0,0,0,0,1,100,SYNScan,Nmap,Malicious,1
2985,UE_6,tcp,321,-52.46,39.38,2.435,2.435,66,36,30,29853,14220,15633,395,521.1,27.1,14.78,12.32,98079.67,64,64,65535,65535,0.0437,0.0219,0.0219,415,0,0,Benign,None,Benign,0
2586,UE_6,tcp,321,-50.53,39.65,2.389,2.389,70,36,34,34170,11200,22970,311.1,675.6,29.3,15.07,14.23,114424.45,64,64,65535,65535,0.0445,0.0223,0.0223,273,0,0,Benign,None,Benign,0
4464,UE_9,tcp,409.2,-54.83,38.1,0.002,0.002,2,1,1,84,44,40,44,40,1000,500,500,336000,47,55,1024,0,0.0139,0,0,0,0,0,SYNScan,Nmap,Malicious,1
2153,UE_5,tcp,309,-53.06,39,6.851,6.851,915,46,869,1271684,2944,1268740,64,1460,133.56,6.71,126.84,1484961.61,64,64,262144,262144,0.02,0.01,0.01,464,0,0,Benign,None,Benign,0
4760,UE_10,tcp,440.7,-54.51,39.43,30.87,30.87,20,8,12,710,230,480,28.8,40,0.65,0.26,0.39,184,64,64,512,16384,0.1218,0.0731,0.0487,128,0,0,SlowrateDoS,Slowloris,Malicious,1
1866,UE_4,udp,116.4,-39.72,52.55,0.071,0.071,6,4,2,403,305,98,76.3,48.9,84.51,56.34,28.17,45408.45,64,64,0,0,0,0,0,185,1,0.05,Benign,None,Benign,0
3552,UE_8,udp,403.8,-51.78,40.99,0.13,0.13,715,715,0,653367,653367,0,913.8,0,5500,5500,0,40207200,64,0,0,0,0,0,0,0,572,80,UDPFlood,Hping3,Malicious,1
4121,UE_9,tcp,409.2,-55.08,37.8,0.0059,0.0059,2,1,1,84,44,40,44,40,338.98,169.49,169.49,113898.31,59,55,1024,0,0.0138,0,0,0,0,0,SYNScan,Nmap,Malicious,1
1369,UE_3,udp,127.5,-41.91,51.19,5.94,5.94,231,116,115,38660,19650,19010,169.4,165.3,38.89,19.53,19.36,52067.34,64,64,0,0,0,0,0,145,0,0,Benign,None,Benign,0
4489,UE_9,tcp,409.2,-54.94,39.01,0.0043,0.0043,1,1,0,44,44,0,44,0,232.56,232.56,0,81860.47,55,0,1024,0,0,0,0,0,1,100,SYNScan,Nmap,Malicious,1
2791,UE_6,tcp,321,-51.38,38.62,1.255,1.255,48,22,26,20024,6910,13114,314.1,504.4,38.25,17.53,20.72,127643.03,64,64,65535,65535,0.0445,0.0223,0.0223,294,0,0,Benign,None,Benign,0
3068,UE_7,tcp,413,-59.86,34.11,0.0489,0.0489,773,773,0,30920,30920,0,40,0,15807.77,15807.77,0,5058486.71,128,0,1024,0,0,0,0,0,773,100,SYNFlood,Hping3,Malicious,1
4886,UE_10,tcp,440.7,-53.47,40.06,57.5,57.5,17,12,5,602,402,200,33.5,40,0.3,0.21,0.09,83.76,64,64,512,16384,0.177,0.1062,0.0708,128,0,0,SlowrateDoS,Slowloris,Malicious,1
4944,UE_10,tcp,440.7,-54.22,39.34,49.86,49.86,26,18,8,846,526,320,29.2,40,0.52,0.36,0.16,135.74,64,64,512,16384,0.1532,0.0919,0.0613,128,0,0,SlowrateDoS,Slowloris,Malicious,1
1781,UE_4,udp,116.4,-40.45,52.34,0.132,0.132,6,4,2,400,284,116,71.1,57.9,45.45,30.3,15.15,24242.42,64,64,0,0,0,0,0,184,0,0,Benign,None,Benign,0
173,UE_1,tcp,146.1,-43.9,47.94,0.548,0.548,76,16,60,80471,3683,76788,230.2,1279.8,138.69,29.2,109.49,1174759.12,64,64,65535,65535,0.0296,0.0148,0.0148,334,0,0,Benign,None,Benign,0
1387,UE_3,udp,127.5,-41.99,50.47,3.781,3.781,179,90,89,29855,14805,15050,164.5,169.1,47.34,23.8,23.54,63168.47,64,64,0,0,0,0,0,265,0,0,Benign,None,Benign,0
3574,UE_8,udp,403.8,-52.27,41.1,0.206,0.206,2363,2363,0,1987283,1987283,0,841,0,11470.87,11470.87,0,77176038.83,64,0,0,0,0,0,0,0,1890,80,UDPFlood,Hping3,Malicious,1
4443,UE_9,tcp,409.2,-55.92,38.74,0.0056,0.0056,1,1,0,44,44,0,44,0,178.57,178.57,0,62857.14,58,0,1024,0,0,0,0,0,1,100,SYNScan,Nmap,Malicious,1
3700,UE_8,udp,403.8,-52.46,40.76,0.466,0.466,1074,1074,0,1090325,1090325,0,1015.2,0,2304.72,2304.72,0,18718025.75,64,0,0,0,0,0,0,0,859,80,UDPFlood,Hping3,Malicious,1
609,UE_2,tcp,235.5,-53.24,40.79,8.415,8.415,311,53,258,372815,4468,368347,84.3,1427.7,36.96,6.3,30.66,354429,64,64,131072,131072,0.0257,0.0129,0.0129,487,0,0,Benign,None,Benign,0
3671,UE_8,udp,403.8,-52.02,41.55,0.534,0.534,2291,2291,0,1246762,1246762,0,544.2,0,4290.26,4290.26,0,18678082.4,64,0,0,0,0,0,0,0,1833,80,UDPFlood,Hping3,Malicious,1
2478,UE_5,tcp,309,-52.46,39.93,4.065,4.065,763,89,674,989736,5696,984040,64,1460,187.7,21.89,165.81,1947819.93,64,64,262144,262144,0.0149,0.0075,0.0075,431,0,0,Benign,None,Benign,0
127,UE_1,tcp,146.1,-44.5,47.26,1.031,1.031,72,24,48,48727,5522,43205,230.1,900.1,69.84,23.28,46.56,378095.05,64,64,65535,65535,0.02,0.01,0.01,158,0,0,Benign,None,Benign,0
3197,UE_7,tcp,413,-59.56,34.14,0.058,0.058,657,657,0,26280,26280,0,40,0,11327.59,11327.59,0,3624827.59,128,0,1024,0,0,0,0,0,657,100,SYNFlood,Hping3,Malicious,1
1124,UE_3,udp,127.5,-41.29,51.7,5.951,5.951,120,59,61,20317,9776,10541,165.7,172.8,20.16,9.91,10.25,27312.38,64,64,0,0,0,0,0,352,1,0.05,Benign,None,Benign,0
1321,UE_3,udp,127.5,-42.55,50.83,4.653,4.653,223,113,110,38856,19221,19635,170.1,178.5,47.93,24.29,23.64,66805.93,64,64,0,0,0,0,0,219,0,0,Benign,None,Benign,0
3210,UE_7,tcp,413,-59.68,33.47,0.0913,0.0913,303,303,0,12120,12120,0,40,0,3318.73,3318.73,0,1061993.43,128,0,1024,0,0,0,0,0,303,100,SYNFlood,Hping3,Malicious,1
3194,UE_7,tcp,413,-60.1,33.88,0.0714,0.0714,206,206,0,8240,8240,0,40,0,2885.15,2885.15,0,923249.3,128,0,1024,0,0,0,0,0,206,100,SYNFlood,Hping3,Malicious,1
2419,UE_5,tcp,309,-52.06,40.1,9.751,9.751,879,57,822,1203768,3648,1200120,64,1460,90.14,5.85,84.3,987605.78,64,64,262144,262144,0.0232,0.0116,0.0116,434,1,0.05,Benign,None,Benign,0
1188,UE_3,udp,127.5,-42,51.34,2.243,2.243,187,93,94,30488,15354,15134,165.1,161,83.37,41.46,41.91,108740.08,64,64,0,0,0,0,0,171,0,0,Benign,None,Benign,0
16,UE_1,tcp,146.1,-44.74,48.41,2.047,2.047,59,34,25,27677,6259,21418,184.1,856.7,28.82,16.61,12.21,108166.1,64,64,65535,65535,0.0427,0.0214,0.0214,195,1,0.05,Benign,None,Benign,0
2671,UE_6,tcp,321,-52.44,38.98,3.054,3.054,68,31,37,28863,11358,17505,366.4,473.1,22.27,10.15,12.12,75607.07,64,64,65535,65535,0.0404,0.0202,0.0202,236,1,0.05,Benign,None,Benign,0
532,UE_2,tcp,235.5,-52.45,40.89,8.827,8.827,386,55,331,448904,4901,444003,89.1,1341.4,43.73,6.23,37.5,406846.27,64,64,131072,131072,0.0239,0.012,0.012,193,1,0.05,Benign,None,Benign,0
578,UE_2,tcp,235.5,-52.56,41.32,4.89,4.89,233,62,171,234828,5859,228969,94.5,1339,47.65,12.68,34.97,384176.69,64,64,131072,131072,0.0299,0.015,0.015,409,0,0,Benign,None,Benign,0
425,UE_1,tcp,146.1,-44.85,48.33,2.808,2.808,70,18,52,47331,3672,43659,204,839.6,24.93,6.41,18.52,134846.15,64,64,65535,65535,0.032,0.016,0.016,357,1,0.05,Benign,None,Benign,0
3537,UE_8,udp,403.8,-51.79,41.05,0.341,0.341,2484,2484,0,1786741,1786741,0,719.3,0,7284.46,7284.46,0,41917677.42,64,0,0,0,0,0,0,0,1987,80,UDPFlood,Hping3,Malicious,1
4040,UE_9,tcp,409.2,-54.97,38.53,0.0015,0.0015,1,1,0,44,44,0,44,0,666.67,666.67,0,234666.67,55,0,1024,0,0,0,0,0,1,100,SYNScan,Nmap,Malicious,1
2357,UE_5,tcp,309,-52.61,39.62,5.354,5.354,779,67,712,1043808,4288,1039520,64,1460,145.5,12.51,132.98,1559668.29,64,64,262144,262144,0.0231,0.0116,0.0116,287,0,0,Benign,None,Benign,0
3567,UE_8,udp,403.8,-52.79,41.33,0.488,0.488,798,798,0,439778,439778,0,551.1,0,1635.25,1635.25,0,7209475.41,64,0,0,0,0,0,0,0,638,80,UDPFlood,Hping3,Malicious,1
914,UE_2,tcp,235.5,-52.19,40.05,7.428,7.428,493,59,434,594181,5764,588417,97.7,1355.8,66.37,7.94,58.43,639936.46,64,64,131072,131072,0.0195,0.0098,0.0098,412,1,0.05,Benign,None,Benign,0
942,UE_2,tcp,235.5,-51.88,41.22,2.898,2.898,378,44,334,483826,4937,478889,112.2,1433.8,130.43,15.18,115.25,1335613.53,64,64,131072,131072,0.0225,0.0113,0.0113,235,0,0,Benign,None,Benign,0
2327,UE_5,tcp,309,-52.8,39.74,3.483,3.483,825,74,751,1101196,4736,1096460,64,1460,236.86,21.25,215.62,2529304.62,64,64,262144,262144,0.0149,0.0075,0.0075,167,0,0,Benign,None,Benign,0
4230,UE_9,tcp,409.2,-55.05,39.65,0.0035,0.0035,1,1,0,44,44,0,44,0,285.71,285.71,0,100571.43,55,0,1024,0,0,0,0,0,1,100,SYNScan,Nmap,Malicious,1
575,UE_2,tcp,235.5,-52.23,41.46,8.361,8.361,480,36,444,555984,4270,551714,118.6,1242.6,57.41,4.31,53.1,531978.47,64,64,131072,131072,0.016,0.008,0.008,480,0,0,Benign,None,Benign,0
154,UE_1,tcp,146.1,-44.51,49.16,1.447,1.447,61,30,31,38338,6969,31369,232.3,1011.9,42.16,20.73,21.42,211958.53,64,64,65535,65535,0.035,0.0175,0.0175,474,0,0,Benign,None,Benign,0
4860,UE_10,tcp,440.7,-53.67,39.8,56.08,56.08,31,20,11,1080,640,440,32,40,0.55,0.36,0.2,154.07,64,64,512,16384,0.1422,0.0853,0.0569,128,0,0,SlowrateDoS,Slowloris,Malicious,1
3911,UE_8,udp,403.8,-52.38,40.66,0.436,0.436,680,680,0,419696,419696,0,617.2,0,1559.63,1559.63,0,7700844.04,64,0,0,0,0,0,0,0,544,80,UDPFlood,Hping3,Malicious,1
1635,UE_4,udp,116.4,-39.69,51.8,0.105,0.105,4,3,1,284,234,50,77.9,49.8,38.1,28.57,9.52,21638.1,64,64,0,0,0,0,0,175,0,0,Benign,None,Benign,0
1584,UE_4,udp,116.4,-40.75,52.16,0.129,0.129,3,2,1,235,174,61,87,61.3,23.26,15.5,7.75,14573.64,64,64,0,0,0,0,0,157,1,0.05,Benign,None,Benign,0
4232,UE_9,tcp,409.2,-55.34,38.85,0.0054,0.0054,1,1,0,44,44,0,44,0,185.19,185.19,0,65185.19,55,0,1024,0,0,0,0,0,1,100,SYNScan,Nmap,Malicious,1
592,UE_2,tcp,235.5,-52.14,40.81,9.18,9.18,252,76,176,257900,8930,248970,117.5,1414.6,27.45,8.28,19.17,224749.46,64,64,131072,131072,0.0258,0.0129,0.0129,425,0,0,Benign,None,Benign,0
691,UE_2,tcp,235.5,-52.49,40.66,4.385,4.385,439,36,403,556197,3402,552795,94.5,1371.7,100.11,8.21,91.9,1014726.57,64,64,131072,131072,0.0194,0.0097,0.0097,495,0,0,Benign,None,Benign,0
4003,UE_9,tcp,409.2,-54.93,38.63,0.0013,0.0013,1,1,0,44,44,0,44,0,769.23,769.23,0,270769.23,50,0,1024,0,0,0,0,0,1,100,SYNScan,Nmap,Malicious,1
768,UE_2,tcp,235.5,-52.14,39.97,3.669,3.669,236,63,173,221535,6565,214970,104.2,1242.6,64.32,17.17,47.15,483041.7,64,64,131072,131072,0.0247,0.0124,0.0124,372,1,0.05,Benign,None,Benign,0
3588,UE_8,udp,403.8,-51.86,40.59,0.162,0.162,2322,2322,0,1516963,1516963,0,653.3,0,14333.33,14333.33,0,74911753.09,64,0,0,0,0,0,0,0,1858,80,UDPFlood,Hping3,Malicious,1
2815,UE_6,tcp,321,-51.16,40,2.56,2.56,70,32,38,29412,13277,16135,414.9,424.6,27.34,12.5,14.84,91912.5,64,64,65535,65535,0.0368,0.0184,0.0184,242,1,0.05,Benign,None,Benign,0
868,UE_2,tcp,235.5,-52.66,41.69,2.719,2.719,390,60,330,438867,5808,433059,96.8,1312.3,143.44,22.07,121.37,1291260.02,64,64,131072,131072,0.0111,0.0056,0.0056,278,0,0,Benign,None,Benign,0
4523,UE_10,tcp,440.7,-53.47,39.73,31.01,31.01,26,19,7,863,583,280,30.7,40,0.84,0.61,0.23,222.64,64,64,512,16384,0.1503,0.0902,0.0601,128,0,0,SlowrateDoS,Slowloris,Malicious,1
3115,UE_7,tcp,413,-59.88,33.72,0.026,0.026,870,870,0,34800,34800,0,40,0,33461.54,33461.54,0,10707692.31,128,0,1024,0,0,0,0,0,870,100,SYNFlood,Hping3,Malicious,1
2646,UE_6,tcp,321,-51.24,39.78,2.03,2.03,78,31,47,40046,14849,25197,479,536.1,38.42,15.27,23.15,157816.75,64,64,65535,65535,0.0314,0.0157,0.0157,177,0,0,Benign,None,Benign,0
704,UE_2,tcp,235.5,-53.15,41.83,4.854,4.854,461,60,401,510764,4902,505862,81.7,1261.5,94.97,12.36,82.61,841803.05,64,64,131072,131072,0.0278,0.0139,0.0139,393,0,0,Benign,None,Benign,0
11,UE_1,tcp,146.1,-44.83,47.81,3.943,3.943,50,10,40,38361,1917,36444,191.7,911.1,12.68,2.54,10.14,77831.09,64,64,65535,65535,0.0186,0.0093,0.0093,292,1,0.05,Benign,None,Benign,0
4990,UE_10,tcp,440.7,-53.59,39.04,41.24,41.24,24,18,6,686,446,240,24.8,40,0.58,0.44,0.15,133.07,64,64,512,16384,0.1545,0.0927,0.0618,128,0,0,SlowrateDoS,Slowloris,Malicious,1
2672,UE_6,tcp,321,-52.17,39.77,2.099,2.099,75,32,43,32088,11104,20984,347,488,35.73,15.25,20.49,122298.24,64,64,65535,65535,0.0342,0.0171,0.0171,372,0,0,Benign,None,Benign,0
65,UE_1,tcp,146.1,-44.47,47.88,1.143,1.143,45,14,31,41042,2342,38700,167.3,1248.4,39.37,12.25,27.12,287258.09,64,64,65535,65535,0.0174,0.0087,0.0087,186,0,0,Benign,None,Benign,0
3503,UE_8,udp,403.8,-52.45,41.03,0.187,0.187,729,729,0,605799,605799,0,831,0,3898.4,3898.4,0,25916534.76,64,0,0,0,0,0,0,0,583,80,UDPFlood,Hping3,Malicious,1
3281,UE_7,tcp,413,-59.91,34.65,0.0113,0.0113,345,345,0,13800,13800,0,40,0,30530.97,30530.97,0,9769911.5,128,0,1024,0,0,0,0,0,345,100,SYNFlood,Hping3,Malicious,1
2551,UE_6,tcp,321,-51.14,40.53,1.516,1.516,67,42,25,30861,16451,14410,391.7,576.4,44.2,27.7,16.49,162854.88,64,64,65535,65535,0.0329,0.0165,0.0165,173,0,0,Benign,None,Benign,0
1534,UE_4,udp,116.4,-40.91,52.65,0.144,0.144,3,1,2,164,66,98,66.4,49.1,20.83,6.94,13.89,9111.11,64,64,0,0,0,0,0,482,1,0.05,Benign,None,Benign,0
454,UE_1,tcp,146.1,-44.25,48.71,1.339,1.339,81,35,46,52301,8523,43778,243.5,951.7,60.49,26.14,34.35,312477.97,64,64,65535,65535,0.0385,0.0193,0.0193,248,0,0,Benign,None,Benign,0
1756,UE_4,udp,116.4,-40.08,51.92,0.121,0.121,5,3,2,325,227,98,75.6,49,41.32,24.79,16.53,21487.6,64,64,0,0,0,0,0,188,0,0,Benign,None,Benign,0
2373,UE_5,tcp,309,-51.99,40.39,12.542,12.542,848,87,761,1116628,5568,1111060,64,1460,67.61,6.94,60.68,712248.76,64,64,262144,262144,0.0132,0.0066,0.0066,450,0,0,Benign,None,Benign,0
478,UE_1,tcp,146.1,-43.78,48.97,4.053,4.053,46,15,31,33328,2684,30644,178.9,988.5,11.35,3.7,7.65,65784.36,64,64,65535,65535,0.0268,0.0134,0.0134,478,1,0.05,Benign,None,Benign,0
423,UE_1,tcp,146.1,-44.41,48.58,0.746,0.746,89,31,58,80745,6662,74083,214.9,1277.3,119.3,41.55,77.75,865898.12,64,64,65535,65535,0.0195,0.0098,0.0098,298,0,0,Benign,None,Benign,0
1214,UE_3,udp,127.5,-42.65,51.44,5.693,5.693,166,82,84,27094,13251,13843,161.6,164.8,29.16,14.4,14.75,38073.42,64,64,0,0,0,0,0,464,0,0,Benign,None,Benign,0
1286,UE_3,udp,127.5,-42.33,51.66,1.899,1.899,156,78,78,25779,12932,12847,165.8,164.7,82.15,41.07,41.07,108600.32,64,64,0,0,0,0,0,481,0,0,Benign,None,Benign,0
4403,UE_9,tcp,409.2,-55.69,38.95,0.0037,0.0037,1,1,0,44,44,0,44,0,270.27,270.27,0,95135.14,49,0,1024,0,0,0,0,0,1,100,SYNScan,Nmap,Malicious,1
1518,UE_4,udp,116.4,-40.5,51.3,0.16,0.16,3,1,2,174,72,102,71.8,51.2,18.75,6.25,12.5,8700,64,64,0,0,0,0,0,294,0,0,Benign,None,Benign,0
227,UE_1,tcp,146.1,-44.36,47.15,0.647,0.647,45,12,33,38602,2764,35838,230.3,1086,69.55,18.55,51,477304.48,64,64,65535,65535,0.0304,0.0152,0.0152,130,0,0,Benign,None,Benign,0
4458,UE_9,tcp,409.2,-54.64,37.98,0.0046,0.0046,1,1,0,44,44,0,44,0,217.39,217.39,0,76521.74,54,0,1024,0,0,0,0,0,1,100,SYNScan,Nmap,Malicious,1
4699,UE_10,tcp,440.7,-53.98,38.24,35.43,35.43,26,20,6,762,522,240,26.1,40,0.73,0.56,0.17,172.06,64,64,512,16384,0.2086,0.1252,0.0834,128,0,0,SlowrateDoS,Slowloris,Malicious,1
2242,UE_5,tcp,309,-53.1,39.43,8.802,8.802,589,78,511,751052,4992,746060,64,1460,66.92,8.86,58.05,682619.4,64,64,262144,262144,0.0167,0.0084,0.0084,274,0,0,Benign,None,Benign,0
1591,UE_4,udp,116.4,-40.32,51.67,0.236,0.236,4,2,2,252,146,106,73.1,53.1,16.95,8.47,8.47,8542.37,64,64,0,0,0,0,0,453,0,0,Benign,None,Benign,0
2606,UE_6,tcp,321,-51.5,40.09,3.182,3.182,63,39,24,34262,19356,14906,496.3,621.1,19.8,12.26,7.54,86139.53,64,64,65535,65535,0.0318,0.0159,0.0159,332,0,0,Benign,None,Benign,0
3079,UE_7,tcp,413,-59.75,34.29,0.0798,0.0798,809,809,0,32360,32360,0,40,0,10137.84,10137.84,0,3244110.28,128,0,1024,0,0,0,0,0,809,100,SYNFlood,Hping3,Malicious,1
2274,UE_5,tcp,309,-53.46,39.4,12.652,12.652,701,82,619,908988,5248,903740,64,1460,55.41,6.48,48.93,574763.2,64,64,262144,262144,0.0265,0.0133,0.0133,249,0,0,Benign,None,Benign,0
282,UE_1,tcp,146.1,-44.28,48.1,1.266,1.266,57,33,24,28470,6620,21850,200.6,910.4,45.02,26.07,18.96,179905.21,64,64,65535,65535,0.0162,0.0081,0.0081,380,0,0,Benign,None,Benign,0
1655,UE_4,udp,116.4,-40.2,51.64,0.224,0.224,6,4,2,430,323,107,80.8,53.3,26.79,17.86,8.93,15357.14,64,64,0,0,0,0,0,189,0,0,Benign,None,Benign,0
4157,UE_9,tcp,409.2,-55,38.37,0.0055,0.0055,1,1,0,44,44,0,44,0,181.82,181.82,0,64000,45,0,1024,0,0,0,0,0,1,100,SYNScan,Nmap,Malicious,1
3340,UE_7,tcp,413,-59.39,34.31,0.0832,0.0832,369,369,0,14760,14760,0,40,0,4435.1,4435.1,0,1419230.77,128,0,1024,0,0,0,0,0,369,100,SYNFlood,Hping3,Malicious,1
345,UE_1,tcp,146.1,-44.97,48.46,2.833,2.833,59,25,34,31621,3880,27741,155.2,815.9,20.83,8.82,12,89293.33,64,64,65535,65535,0.0277,0.0139,0.0139,234,1,0.05,Benign,None,Benign,0
1320,UE_3,udp,127.5,-42.07,51.38,2.712,2.712,295,150,145,49683,24090,25593,160.6,176.5,108.78,55.31,53.47,146557.52,64,64,0,0,0,0,0,502,1,0.05,Benign,None,Benign,0
1640,UE_4,udp,116.4,-40.73,52.03,0.194,0.194,5,4,1,364,313,51,78.2,50.8,25.77,20.62,5.15,15010.31,64,64,0,0,0,0,0,145,0,0,Benign,None,Benign,0
3810,UE_8,udp,403.8,-53.03,40.58,0.511,0.511,769,769,0,686102,686102,0,892.2,0,1504.89,1504.89,0,10741322.9,64,0,0,0,0,0,0,0,615,80,UDPFlood,Hping3,Malicious,1
4764,UE_10,tcp,440.7,-52.96,39.89,53.75,53.75,20,14,6,772,532,240,38,40,0.37,0.26,0.11,114.9,64,64,512,16384,0.1965,0.1179,0.0786,128,0,0,SlowrateDoS,Slowloris,Malicious,1
1884,UE_4,udp,116.4,-41.16,52.31,0.133,0.133,3,2,1,247,185,62,92.5,61.9,22.56,15.04,7.52,14857.14,64,64,0,0,0,0,0,470,0,0,Benign,None,Benign,0
673,UE_2,tcp,235.5,-52.74,40.93,7.834,7.834,506,74,432,622261,8303,613958,112.2,1421.2,64.59,9.45,55.14,635446.52,64,64,131072,131072,0.021,0.0105,0.0105,321,0,0,Benign,None,Benign,0
1104,UE_3,udp,127.5,-42.6,51.35,5.743,5.743,232,114,118,39497,19779,19718,173.5,167.1,40.4,19.85,20.55,55019.33,64,64,0,0,0,0,0,249,0,0,Benign,None,Benign,0
2087,UE_5,tcp,309,-53.24,39.94,12.303,12.303,845,61,784,1148544,3904,1144640,64,1460,68.68,4.96,63.72,746838.33,64,64,262144,262144,0.0195,0.0098,0.0098,249,1,0.05,Benign,None,Benign,0
3000,UE_6,tcp,321,-51.96,41.11,1.511,1.511,72,37,35,27177,12081,15096,326.5,431.3,47.65,24.49,23.16,143888.82,64,64,65535,65535,0.0381,0.0191,0.0191,246,0,0,Benign,None,Benign,0
2649,UE_6,tcp,321,-52.2,41.5,3.117,3.117,48,26,22,21463,9376,12087,360.6,549.4,15.4,8.34,7.06,55086.3,64,64,65535,65535,0.0246,0.0123,0.0123,131,0,0,Benign,None,Benign,0
4484,UE_9,tcp,409.2,-55.26,38.21,0.0024,0.0024,1,1,0,44,44,0,44,0,416.67,416.67,0,146666.67,59,0,1024,0,0,0,0,0,1,100,SYNScan,Nmap,Malicious,1
987,UE_2,tcp,235.5,-52.05,41.5,2.025,2.025,227,45,182,254901,4451,250450,98.9,1376.1,112.1,22.22,89.88,1007016.3,64,64,131072,131072,0.0275,0.0138,0.0138,167,0,0,Benign,None,Benign,0
89,UE_1,tcp,146.1,-44.24,48.15,1.867,1.867,51,16,35,36034,3344,32690,209,934,27.32,8.57,18.75,154403.86,64,64,65535,65535,0.0337,0.0169,0.0169,471,1,0.05,Benign,None,Benign,0
1796,UE_4,udp,116.4,-40.59,52.66,0.085,0.085,4,2,2,258,148,110,74.2,54.8,47.06,23.53,23.53,24282.35,64,64,0,0,0,0,0,276,1,0.05,Benign,None,Benign,0
3662,UE_8,udp,403.8,-51.52,40.21,0.446,0.446,1960,1960,0,1975680,1975680,0,1008,0,4394.62,4394.62,0,35438206.28,64,0,0,0,0,0,0,0,1568,80,UDPFlood,Hping3,Malicious,1
3154,UE_7,tcp,413,-58.38,33.79,0.0379,0.0379,287,287,0,11480,11480,0,40,0,7572.56,7572.56,0,2423219,128,0,1024,0,0,0,0,0,287,100,SYNFlood,Hping3,Malicious,1
4938,UE_10,tcp,440.7,-54.44,39.06,50.78,50.78,24,14,10,893,493,400,35.2,40,0.47,0.28,0.2,140.69,64,64,512,16384,0.1177,0.0706,0.0471,128,0,0,SlowrateDoS,Slowloris,Malicious,1
2306,UE_5,tcp,309,-53.16,40.01,9.256,9.256,689,51,638,934744,3264,931480,64,1460,74.44,5.51,68.93,807903.2,64,64,262144,262144,0.014,0.007,0.007,162,1,0.05,Benign,None,Benign,0
2439,UE_5,tcp,309,-52.48,39.68,8.168,8.168,832,92,740,1086288,5888,1080400,64,1460,101.86,11.26,90.6,1063945.15,64,64,262144,262144,0.0132,0.0066,0.0066,150,0,0,Benign,None,Benign,0
4154,UE_9,tcp,409.2,-55.23,39.02,0.0053,0.0053,1,1,0,44,44,0,44,0,188.68,188.68,0,66415.09,52,0,1024,0,0,0,0,0,1,100,SYNScan,Nmap,Malicious,1
3873,UE_8,udp,403.8,-52.99,40.06,0.494,0.494,1852,1852,0,1338626,1338626,0,722.8,0,3748.99,3748.99,0,21678153.85,64,0,0,0,0,0,0,0,1482,80,UDPFlood,Hping3,Malicious,1
3469,UE_7,tcp,413,-59.73,33.8,0.0436,0.0436,709,709,0,28360,28360,0,40,0,16261.47,16261.47,0,5203669.72,128,0,1024,0,0,0,0,0,709,100,SYNFlood,Hping3,Malicious,1
2088,UE_5,tcp,309,-53.16,40.95,9.724,9.724,550,55,495,726220,3520,722700,64,1460,56.56,5.66,50.9,597466.06,64,64,262144,262144,0.026,0.013,0.013,324,0,0,Benign,None,Benign,0
3083,UE_7,tcp,413,-60.15,33.99,0.0669,0.0669,562,562,0,22480,22480,0,40,0,8400.6,8400.6,0,2688191.33,128,0,1024,0,0,0,0,0,562,100,SYNFlood,Hping3,Malicious,1
4742,UE_10,tcp,440.7,-54.53,40.33,56.74,56.74,21,14,7,717,437,280,31.2,40,0.37,0.25,0.12,101.09,64,64,512,16384,0.2153,0.1292,0.0861,128,0,0,SlowrateDoS,Slowloris,Malicious,1
2828,UE_6,tcp,321,-51.72,39.88,1.748,1.748,68,45,23,29897,17879,12018,397.3,522.5,38.9,25.74,13.16,136828.38,64,64,65535,65535,0.0225,0.0113,0.0113,441,0,0,Benign,None,Benign,0
32,UE_1,tcp,146.1,-44.67,47.96,3.315,3.315,46,22,24,29263,4382,24881,199.2,1036.7,13.88,6.64,7.24,70619.61,64,64,65535,65535,0.0202,0.0101,0.0101,143,1,0.05,Benign,None,Benign,0
3936,UE_8,udp,403.8,-52.06,41.05,0.175,0.175,1244,1244,0,1191254,1191254,0,957.6,0,7108.57,7108.57,0,54457325.71,64,0,0,0,0,0,0,0,995,80,UDPFlood,Hping3,Malicious,1
1139,UE_3,udp,127.5,-42.05,50.95,3.895,3.895,141,73,68,24368,13060,11308,178.9,166.3,36.2,18.74,17.46,50049.81,64,64,0,0,0,0,0,492,0,0,Benign,None,Benign,0
4340,UE_9,tcp,409.2,-54.98,38.69,0.001,0.001,1,1,0,44,44,0,44,0,1000,1000,0,352000,54,0,1024,0,0,0,0,0,1,100,SYNScan,Nmap,Malicious,1
3092,UE_7,tcp,413,-59.21,33.37,0.0216,0.0216,634,634,0,25360,25360,0,40,0,29351.85,29351.85,0,9392592.59,128,0,1024,0,0,0,0,0,634,100,SYNFlood,Hping3,Malicious,1
1923,UE_4,udp,116.4,-40.14,52.18,0.247,0.247,6,4,2,407,284,123,71,61.3,24.29,16.19,8.1,13182.19,64,64,0,0,0,0,0,500,1,0.05,Benign,None,Benign,0
809,UE_2,tcp,235.5,-52.74,41.83,9.369,9.369,271,46,225,322859,4664,318195,101.4,1414.2,28.93,4.91,24.02,275682.78,64,64,131072,131072,0.0121,0.0061,0.0061,136,0,0,Benign,None,Benign,0
4417,UE_9,tcp,409.2,-55.01,37.99,0.0016,0.0016,1,1,0,44,44,0,44,0,625,625,0,220000,52,0,1024,0,0,0,0,0,1,100,SYNScan,Nmap,Malicious,1
4545,UE_10,tcp,440.7,-53.03,39.5,30.54,30.54,27,15,12,975,495,480,33,40,0.88,0.49,0.39,255.4,64,64,512,16384,0.0803,0.0482,0.0321,128,0,0,SlowrateDoS,Slowloris,Malicious,1
1573,UE_4,udp,116.4,-40.63,51,0.145,0.145,5,4,1,341,280,61,70.1,60.9,34.48,27.59,6.9,18813.79,64,64,0,0,0,0,0,510,0,0,Benign,None,Benign,0
378,UE_1,tcp,146.1,-44.09,48.26,1.511,1.511,59,25,34,46960,5810,41150,232.4,1210.3,39.05,16.55,22.5,248630.05,64,64,65535,65535,0.0293,0.0147,0.0147,215,0,0,Benign,None,Benign,0
3107,UE_7,tcp,413,-59.05,35.3,0.0675,0.0675,573,573,0,22920,22920,0,40,0,8488.89,8488.89,0,2716444.44,128,0,1024,0,0,0,0,0,573,100,SYNFlood,Hping3,Malicious,1
603,UE_2,tcp,235.5,-52.59,40.76,6.353,6.353,315,58,257,378585,5678,372907,97.9,1451,49.58,9.13,40.45,476732.25,64,64,131072,131072,0.0175,0.0088,0.0088,141,0,0,Benign,None,Benign,0
193,UE_1,tcp,146.1,-44.18,48.79,3.07,3.07,66,20,46,44095,4572,39523,228.6,859.2,21.5,6.51,14.98,114905.54,64,64,65535,65535,0.0273,0.0137,0.0137,512,1,0.05,Benign,None,Benign,0
4155,UE_9,tcp,409.2,-55.28,38.68,0.0021,0.0021,2,1,1,84,44,40,44,40,952.38,476.19,476.19,320000,52,55,1024,0,0.0103,0,0,0,0,0,SYNScan,Nmap,Malicious,1
3838,UE_8,udp,403.8,-52.22,40.68,0.263,0.263,1064,1064,0,839709,839709,0,789.2,0,4045.63,4045.63,0,25542479.09,64,0,0,0,0,0,0,0,851,80,UDPFlood,Hping3,Malicious,1
4089,UE_9,tcp,409.2,-54.58,39.08,0.0056,0.0056,1,1,0,44,44,0,44,0,178.57,178.57,0,62857.14,45,0,1024,0,0,0,0,0,1,100,SYNScan,Nmap,Malicious,1
2572,UE_6,tcp,321,-50.61,40.01,1.334,1.334,57,15,42,25475,6432,19043,428.8,453.4,42.73,11.24,31.48,152773.61,64,64,65535,65535,0.0398,0.0199,0.0199,502,0,0,Benign,None,Benign,0
1520,UE_4,udp,116.4,-40.22,51.4,0.121,0.121,4,2,2,239,141,98,70.4,49,33.06,16.53,16.53,15801.65,64,64,0,0,0,0,0,283,1,0.05,Benign,None,Benign,0
1487,UE_3,udp,127.5,-43.69,52.28,5.53,5.53,215,109,106,38449,19380,19069,177.8,179.9,38.88,19.71,19.17,55622.42,64,64,0,0,0,0,0,259,0,0,Benign,None,Benign,0
1155,UE_3,udp,127.5,-42.52,51.38,1.161,1.161,128,63,65,21863,10345,11518,164.2,177.2,110.25,54.26,55.99,150649.44,64,64,0,0,0,0,0,257,1,0.05,Benign,None,Benign,0
2786,UE_6,tcp,321,-51.07,38.56,1.72,1.72,71,27,44,34494,8178,26316,302.9,598.1,41.28,15.7,25.58,160437.21,64,64,65535,65535,0.02,0.01,0.01,206,0,0,Benign,None,Benign,0
3155,UE_7,tcp,413,-60.18,34.74,0.0715,0.0715,382,382,0,15280,15280,0,40,0,5342.66,5342.66,0,1709650.35,128,0,1024,0,0,0,0,0,382,100,SYNFlood,Hping3,Malicious,1
2676,UE_6,tcp,321,-51.36,39.06,2.615,2.615,40,17,23,22641,8135,14506,478.5,630.7,15.3,6.5,8.8,69265.01,64,64,65535,65535,0.0449,0.0225,0.0225,141,1,0.05,Benign,None,Benign,0
1995,UE_4,udp,116.4,-40.99,51.52,0.074,0.074,2,1,1,131,75,56,74.9,55.5,27.03,13.51,13.51,14162.16,64,64,0,0,0,0,0,200,0,0,Benign,None,Benign,0
1313,UE_3,udp,127.5,-41.99,50.56,1.535,1.535,202,99,103,34093,17592,16501,177.7,160.2,131.6,64.5,67.1,177683.39,64,64,0,0,0,0,0,504,0,0,Benign,None,Benign,0
4940,UE_10,tcp,440.7,-54.06,39.44,39.25,39.25,24,19,5,800,600,200,31.6,40,0.61,0.48,0.13,163.06,64,64,512,16384,0.1606,0.0964,0.0642,128,0,0,SlowrateDoS,Slowloris,Malicious,1
556,UE_2,tcp,235.5,-52.16,41.27,4.525,4.525,383,36,347,473262,2938,470324,81.6,1355.4,84.64,7.96,76.69,836706.3,64,64,131072,131072,0.0274,0.0137,0.0137,403,0,0,Benign,None,Benign,0
1901,UE_4,udp,116.4,-40.13,51.86,0.165,0.165,4,3,1,300,251,49,83.6,48.8,24.24,18.18,6.06,14545.45,64,64,0,0,0,0,0,198,0,0,Benign,None,Benign,0
1496,UE_3,udp,127.5,-42.24,51.26,4.271,4.271,158,81,77,27820,14191,13629,175.2,177,36.99,18.97,18.03,52109.58,64,64,0,0,0,0,0,358,0,0,Benign,None,Benign,0
1915,UE_4,udp,116.4,-40.71,52.11,0.144,0.144,6,4,2,444,321,123,80.2,61.7,41.67,27.78,13.89,24666.67,64,64,0,0,0,0,0,337,0,0,Benign,None,Benign,0
2397,UE_5,tcp,309,-53.15,40,12.851,12.851,788,54,734,1075096,3456,1071640,64,1460,61.32,4.2,57.12,669268.38,64,64,262144,262144,0.0185,0.0093,0.0093,175,0,0,Benign,None,Benign,0
3516,UE_8,udp,403.8,-51.63,41.65,0.245,0.245,803,803,0,673958,673958,0,839.3,0,3277.55,3277.55,0,22006791.84,64,0,0,0,0,0,0,0,642,80,UDPFlood,Hping3,Malicious,1
2722,UE_6,tcp,321,-51.33,39.6,2.466,2.466,70,26,44,38942,11640,27302,447.7,620.5,28.39,10.54,17.84,126332.52,64,64,65535,65535,0.0446,0.0223,0.0223,212,0,0,Benign,None,Benign,0
3568,UE_8,udp,403.8,-52.33,40.99,0.408,0.408,1051,1051,0,777950,777950,0,740.2,0,2575.98,2575.98,0,15253921.57,64,0,0,0,0,0,0,0,841,80,UDPFlood,Hping3,Malicious,1
1150,UE_3,udp,127.5,-41.29,51,4.52,4.52,157,76,81,27271,12966,14305,170.6,176.6,34.73,16.81,17.92,48267.26,64,64,0,0,0,0,0,419,0,0,Benign,None,Benign,0
300,UE_1,tcp,146.1,-44.05,48.41,3.504,3.504,43,12,31,33627,2131,31496,177.6,1016,12.27,3.42,8.85,76773.97,64,64,65535,65535,0.0444,0.0222,0.0222,204,0,0,Benign,None,Benign,0
2408,UE_5,tcp,309,-52.59,39.99,8.381,8.381,535,54,481,705716,3456,702260,64,1460,63.83,6.44,57.39,673634.17,64,64,262144,262144,0.0157,0.0079,0.0079,186,0,0,Benign,None,Benign,0
1954,UE_4,udp,116.4,-40.4,52.24,0.13,0.13,5,4,1,349,289,60,72.3,59.9,38.46,30.77,7.69,21476.92,64,64,0,0,0,0,0,326,0,0,Benign,None,Benign,0
2218,UE_5,tcp,309,-53.26,39.25,11.717,11.717,767,71,696,1020704,4544,1016160,64,1460,65.46,6.06,59.4,696904.67,64,64,262144,262144,0.0205,0.0103,0.0103,467,1,0.05,Benign,None,Benign,0
1621,UE_4,udp,116.4,-40.26,52.45,0.232,0.232,5,4,1,394,331,63,82.8,62.6,21.55,17.24,4.31,13586.21,64,64,0,0,0,0,0,204,1,0.05,Benign,None,Benign,0
1421,UE_3,udp,127.5,-42.62,51.28,2.546,2.546,232,114,118,38185,19152,19033,168,161.3,91.12,44.78,46.35,119984.29,64,64,0,0,0,0,0,305,1,0.05,Benign,None,Benign,0
1702,UE_4,udp,116.4,-40.76,52.19,0.18,0.18,5,3,2,355,246,109,82,54.4,27.78,16.67,11.11,15777.78,64,64,0,0,0,0,0,474,0,0,Benign,None,Benign,0
3704,UE_8,udp,403.8,-51.74,41.04,0.173,0.173,1259,1259,0,650777,650777,0,516.9,0,7277.46,7277.46,0,30093734.1,64,0,0,0,0,0,0,0,1007,80,UDPFlood,Hping3,Malicious,1
64,UE_1,tcp,146.1,-43.97,48.19,1.952,1.952,69,26,43,60438,4826,55612,185.6,1293.3,35.35,13.32,22.03,247696.72,64,64,65535,65535,0.0332,0.0166,0.0166,177,0,0,Benign,None,Benign,0
2199,UE_5,tcp,309,-53.11,39.91,4.094,4.094,847,64,783,1147276,4096,1143180,64,1460,206.89,15.63,191.26,2241868.1,64,64,262144,262144,0.019,0.0095,0.0095,165,1,0.05,Benign,None,Benign,0
1420,UE_3,udp,127.5,-41.97,51.01,2.529,2.529,280,139,141,48919,24103,24816,173.4,176,110.72,54.96,55.75,154745.75,64,64,0,0,0,0,0,247,0,0,Benign,None,Benign,0
1841,UE_4,udp,116.4,-40.39,52.23,0.192,0.192,4,3,1,304,247,57,82.2,57.1,20.83,15.63,5.21,12666.67,64,64,0,0,0,0,0,347,0,0,Benign,None,Benign,0
3504,UE_8,udp,403.8,-52.38,39.92,0.278,0.278,2044,2044,0,1690388,1690388,0,827,0,7352.52,7352.52,0,48644258.99,64,0,0,0,0,0,0,0,1635,80,UDPFlood,Hping3,Malicious,1
928,UE_2,tcp,235.5,-52.68,40.39,4.485,4.485,405,53,352,504984,5390,499594,101.7,1419.3,90.3,11.82,78.48,900751.84,64,64,131072,131072,0.0252,0.0126,0.0126,371,1,0.05,Benign,None,Benign,0
2503,UE_6,tcp,321,-50.75,39.9,2.367,2.367,66,38,28,34770,17032,17738,448.2,633.5,27.88,16.05,11.83,117515.84,64,64,65535,65535,0.0408,0.0204,0.0204,473,0,0,Benign,None,Benign,0
1247,UE_3,udp,127.5,-42.8,51.96,1.478,1.478,181,88,93,30640,15118,15522,171.8,166.9,122.46,59.54,62.92,165845.74,64,64,0,0,0,0,0,317,0,0,Benign,None,Benign,0
457,UE_1,tcp,146.1,-44.67,48.61,1.231,1.231,69,34,35,35345,6253,29092,183.9,831.2,56.05,27.62,28.43,229699.43,64,64,65535,65535,0.0296,0.0148,0.0148,473,1,0.05,Benign,None,Benign,0
777,UE_2,tcp,235.5,-52.16,40.85,4.688,4.688,236,58,178,237839,5104,232735,88,1307.5,50.34,12.37,37.97,405868.6,64,64,131072,131072,0.0141,0.0071,0.0071,457,1,0.05,Benign,None,Benign,0
3930,UE_8,udp,403.8,-52.1,40.98,0.139,0.139,2193,2193,0,1794313,1794313,0,818.2,0,15776.98,15776.98,0,103269812.95,64,0,0,0,0,0,0,0,1754,80,UDPFlood,Hping3,Malicious,1
1938,UE_4,udp,116.4,-40.49,52.16,0.226,0.226,6,4,2,427,319,108,79.7,53.8,26.55,17.7,8.85,15115.04,64,64,0,0,0,0,0,457,0,0,Benign,None,Benign,0
2766,UE_6,tcp,321,-51.06,40.18,2.54,2.54,62,30,32,29188,14970,14218,499,444.3,24.41,11.81,12.6,91930.71,64,64,65535,65535,0.0348,0.0174,0.0174,319,0,0,Benign,None,Benign,0
1951,UE_4,udp,116.4,-40.41,51.55,0.25,0.25,6,4,2,428,300,128,75.1,63.9,24,16,8,13696,64,64,0,0,0,0,0,335,0,0,Benign,None,Benign,0
3608,UE_8,udp,403.8,-52.18,40.86,0.321,0.321,2469,2469,0,1339433,1339433,0,542.5,0,7691.59,7691.59,0,33381507.79,64,0,0,0,0,0,0,0,1975,80,UDPFlood,Hping3,Malicious,1
4986,UE_10,tcp,440.7,-53.63,39.64,53.61,53.61,21,10,11,757,317,440,31.7,40,0.39,0.19,0.21,112.96,64,64,512,16384,0.1715,0.1029,0.0686,128,0,0,SlowrateDoS,Slowloris,Malicious,1
3976,UE_8,udp,403.8,-52.34,40.2,0.45,0.45,1065,1065,0,1084170,1084170,0,1018,0,2366.67,2366.67,0,19274133.33,64,0,0,0,0,0,0,0,852,80,UDPFlood,Hping3,Malicious,1
4754,UE_10,tcp,440.7,-53.84,39.38,43.99,43.99,19,11,8,628,308,320,28,40,0.43,0.25,0.18,114.21,64,64,512,16384,0.1191,0.0715,0.0476,128,0,0,SlowrateDoS,Slowloris,Malicious,1
4791,UE_10,tcp,440.7,-54.61,39.05,58.93,58.93,19,10,9,667,307,360,30.7,40,0.32,0.17,0.15,90.55,64,64,512,16384,0.2252,0.1351,0.0901,128,0,0,SlowrateDoS,Slowloris,Malicious,1
1758,UE_4,udp,116.4,-40.77,52.66,0.083,0.083,5,3,2,359,233,126,77.6,62.8,60.24,36.14,24.1,34602.41,64,64,0,0,0,0,0,444,0,0,Benign,None,Benign,0
3316,UE_7,tcp,413,-59.73,34.77,0.0151,0.0151,540,540,0,21600,21600,0,40,0,35761.59,35761.59,0,11443708.61,128,0,1024,0,0,0,0,0,540,100,SYNFlood,Hping3,Malicious,1
2516,UE_6,tcp,321,-51.46,40.06,1.497,1.497,45,17,28,25528,6191,19337,364.2,690.6,30.06,11.36,18.7,136422.18,64,64,65535,65535,0.0367,0.0184,0.0184,129,0,0,Benign,None,Benign,0
3447,UE_7,tcp,413,-59.41,34.35,0.0122,0.0122,929,929,0,37160,37160,0,40,0,76147.54,76147.54,0,24367213.11,128,0,1024,0,0,0,0,0,929,100,SYNFlood,Hping3,Malicious,1
1558,UE_4,udp,116.4,-40.29,52.58,0.134,0.134,4,3,1,326,266,60,88.5,59.9,29.85,22.39,7.46,19462.69,64,64,0,0,0,0,0,467,0,0,Benign,None,Benign,0
2056,UE_5,tcp,309,-53.48,39.67,10.244,10.244,700,45,655,959180,2880,956300,64,1460,68.33,4.39,63.94,749066.77,64,64,262144,262144,0.0192,0.0096,0.0096,471,0,0,Benign,None,Benign,0
4880,UE_10,tcp,440.7,-54.49,39.06,25.02,25.02,27,20,7,764,484,280,24.2,40,1.08,0.8,0.28,244.28,64,64,512,16384,0.0813,0.0488,0.0325,128,0,0,SlowrateDoS,Slowloris,Malicious,1
730,UE_2,tcp,235.5,-52.7,41.11,9.879,9.879,287,78,209,298059,8970,289089,115,1383.2,29.05,7.9,21.16,241367.75,64,64,131072,131072,0.0191,0.0096,0.0096,192,1,0.05,Benign,None,Benign,0
3108,UE_7,tcp,413,-59.64,34.01,0.0744,0.0744,446,446,0,17840,17840,0,40,0,5994.62,5994.62,0,1918279.57,128,0,1024,0,0,0,0,0,446,100,SYNFlood,Hping3,Malicious,1
3628,UE_8,udp,403.8,-53.39,41.16,0.402,0.402,1931,1931,0,1883111,1883111,0,975.2,0,4803.48,4803.48,0,37474845.77,64,0,0,0,0,0,0,0,1545,80,UDPFlood,Hping3,Malicious,1
1076,UE_3,udp,127.5,-42.09,50.67,3.789,3.789,226,115,111,38055,19884,18171,172.9,163.7,59.65,30.35,29.3,80348.38,64,64,0,0,0,0,0,292,0,0,Benign,None,Benign,0
3795,UE_8,udp,403.8,-52.77,40.46,0.311,0.311,1902,1902,0,1604527,1604527,0,843.6,0,6115.76,6115.76,0,41274006.43,64,0,0,0,0,0,0,0,1522,80,UDPFlood,Hping3,Malicious,1
2400,UE_5,tcp,309,-52.46,40.47,12.145,12.145,619,93,526,773912,5952,767960,64,1460,50.97,7.66,43.31,509781.47,64,64,262144,262144,0.0179,0.009,0.009,474,0,0,Benign,None,Benign,0
3605,UE_8,udp,403.8,-53.07,40.79,0.472,0.472,1046,1046,0,1038260,1038260,0,992.6,0,2216.1,2216.1,0,17597627.12,64,0,0,0,0,0,0,0,837,80,UDPFlood,Hping3,Malicious,1
1413,UE_3,udp,127.5,-41.66,51.73,5.043,5.043,275,140,135,47985,25102,22883,179.3,169.5,54.53,27.76,26.77,76121.36,64,64,0,0,0,0,0,351,1,0.05,Benign,None,Benign,0
676,UE_2,tcp,235.5,-52.32,40.69,5.817,5.817,256,36,220,317393,4223,313170,117.3,1423.5,44.01,6.19,37.82,436504.04,64,64,131072,131072,0.0242,0.0121,0.0121,132,1,0.05,Benign,None,Benign,0
4252,UE_9,tcp,409.2,-54.91,38.62,0.0056,0.0056,1,1,0,44,44,0,44,0,178.57,178.57,0,62857.14,56,0,1024,0,0,0,0,0,1,100,SYNScan,Nmap,Malicious,1
4114,UE_9,tcp,409.2,-54.07,39.26,0.0011,0.0011,1,1,0,44,44,0,44,0,909.09,909.09,0,320000,56,0,1024,0,0,0,0,0,1,100,SYNScan,Nmap,Malicious,1
794,UE_2,tcp,235.5,-52.83,39.84,5.643,5.643,257,76,181,257814,8269,249545,108.8,1378.7,45.54,13.47,32.08,365499.2,64,64,131072,131072,0.0119,0.006,0.006,233,0,0,Benign,None,Benign,0
4881,UE_10,tcp,440.7,-54.53,38.57,39.98,39.98,12,8,4,438,278,160,34.7,40,0.3,0.2,0.1,87.64,64,64,512,16384,0.216,0.1296,0.0864,128,0,0,SlowrateDoS,Slowloris,Malicious,1
2482,UE_5,tcp,309,-53.9,39.69,11.641,11.641,531,86,445,655204,5504,649700,64,1460,45.61,7.39,38.23,450273.34,64,64,262144,262144,0.0198,0.0099,0.0099,160,1,0.05,Benign,None,Benign,0
3974,UE_8,udp,403.8,-52.16,40.08,0.472,0.472,877,877,0,819381,819381,0,934.3,0,1858.05,1858.05,0,13887813.56,64,0,0,0,0,0,0,0,702,80,UDPFlood,Hping3,Malicious,1
2255,UE_5,tcp,309,-53.36,40.73,8.746,8.746,449,47,402,589928,3008,586920,64,1460,51.34,5.37,45.96,539609.42,64,64,262144,262144,0.0268,0.0134,0.0134,353,1,0.05,Benign,None,Benign,0
305,UE_1,tcp,146.1,-44.99,48.76,1.311,1.311,73,25,48,53647,5450,48197,218,1004.1,55.68,19.07,36.61,327365.37,64,64,65535,65535,0.0155,0.0078,0.0078,411,1,0.05,Benign,None,Benign,0
3268,UE_7,tcp,413,-59.99,34.4,0.0126,0.0126,554,554,0,22160,22160,0,40,0,43968.25,43968.25,0,14069841.27,128,0,1024,0,0,0,0,0,554,100,SYNFlood,Hping3,Malicious,1
3576,UE_8,udp,403.8,-51.71,40.26,0.571,0.571,1417,1417,0,1445623,1445623,0,1020.2,0,2481.61,2481.61,0,20253912.43,64,0,0,0,0,0,0,0,1134,80,UDPFlood,Hping3,Malicious,1
4177,UE_9,tcp,409.2,-55.6,38.3,0.0051,0.0051,1,1,0,44,44,0,44,0,196.08,196.08,0,69019.61,49,0,1024,0,0,0,0,0,1,100,SYNScan,Nmap,Malicious,1
3377,UE_7,tcp,413,-59.49,33.73,0.093,0.093,414,414,0,16560,16560,0,40,0,4451.61,4451.61,0,1424516.13,128,0,1024,0,0,0,0,0,414,100,SYNFlood,Hping3,Malicious,1
1371,UE_3,udp,127.5,-41.73,51.13,5.395,5.395,257,126,131,43862,20714,23148,164.4,176.7,47.64,23.35,24.28,65040.96,64,64,0,0,0,0,0,157,1,0.05,Benign,None,Benign,0
206,UE_1,tcp,146.1,-44.44,48.78,0.922,0.922,80,27,53,68029,5076,62953,188,1187.8,86.77,29.28,57.48,590273.32,64,64,65535,65535,0.0439,0.022,0.022,335,0,0,Benign,None,Benign,0
4840,UE_10,tcp,440.7,-54.75,38.63,51.94,51.94,24,18,6,699,459,240,25.5,40,0.46,0.35,0.12,107.66,64,64,512,16384,0.1304,0.0782,0.0522,128,0,0,SlowrateDoS,Slowloris,Malicious,1
4747,UE_10,tcp,440.7,-53.6,39.67,57.1,57.1,29,19,10,1113,713,400,37.5,40,0.51,0.33,0.18,155.94,64,64,512,16384,0.1318,0.0791,0.0527,128,0,0,SlowrateDoS,Slowloris,Malicious,1
100,UE_1,tcp,146.1,-44.65,48.65,2.772,2.772,54,33,21,27173,7250,19923,219.7,948.7,19.48,11.9,7.58,78421.36,64,64,65535,65535,0.0427,0.0214,0.0214,484,0,0,Benign,None,Benign,0
3328,UE_7,tcp,413,-59.99,34.05,0.0919,0.0919,871,871,0,34840,34840,0,40,0,9477.69,9477.69,0,3032861.81,128,0,1024,0,0,0,0,0,871,100,SYNFlood,Hping3,Malicious,1
2092,UE_5,tcp,309,-52.98,39.66,11.425,11.425,828,98,730,1072072,6272,1065800,64,1460,72.47,8.58,63.89,750684.99,64,64,262144,262144,0.023,0.0115,0.0115,434,0,0,Benign,None,Benign,0
4111,UE_9,tcp,409.2,-54.6,38.11,0.0044,0.0044,1,1,0,44,44,0,44,0,227.27,227.27,0,80000,54,0,1024,0,0,0,0,0,1,100,SYNScan,Nmap,Malicious,1
1498,UE_3,udp,127.5,-41.59,51.16,5.446,5.446,253,127,126,43319,20790,22529,163.7,178.8,46.46,23.32,23.14,63634.23,64,64,0,0,0,0,0,185,1,0.05,Benign,None,Benign,0
2440,UE_5,tcp,309,-53.27,39.61,12.843,12.843,816,71,745,1092244,4544,1087700,64,1460,63.54,5.53,58.01,680366.89,64,64,262144,262144,0.0222,0.0111,0.0111,172,0,0,Benign,None,Benign,0
3392,UE_7,tcp,413,-59.98,33.41,0.0774,0.0774,717,717,0,28680,28680,0,40,0,9263.57,9263.57,0,2964341.09,128,0,1024,0,0,0,0,0,717,100,SYNFlood,Hping3,Malicious,1
3045,UE_7,tcp,413,-60.14,34.2,0.0606,0.0606,756,756,0,30240,30240,0,40,0,12475.25,12475.25,0,3992079.21,128,0,1024,0,0,0,0,0,756,100,SYNFlood,Hping3,Malicious,1
322,UE_1,tcp,146.1,-43.77,48.36,2.923,2.923,46,13,33,39954,2136,37818,164.3,1146,15.74,4.45,11.29,109350.67,64,64,65535,65535,0.0212,0.0106,0.0106,333,0,0,Benign,None,Benign,0
1691,UE_4,udp,116.4,-40.09,52.3,0.124,0.124,4,2,2,284,187,97,93.3,48.6,32.26,16.13,16.13,18322.58,64,64,0,0,0,0,0,241,0,0,Benign,None,Benign,0
221,UE_1,tcp,146.1,-43.54,48.51,1.241,1.241,41,12,29,26456,2754,23702,229.5,817.3,33.04,9.67,23.37,170546.33,64,64,65535,65535,0.0325,0.0163,0.0163,356,1,0.05,Benign,None,Benign,0
4482,UE_9,tcp,409.2,-55.14,39.41,0.0015,0.0015,1,1,0,44,44,0,44,0,666.67,666.67,0,234666.67,55,0,1024,0,0,0,0,0,1,100,SYNScan,Nmap,Malicious,1
2304,UE_5,tcp,309,-53.92,39.77,9.174,9.174,505,77,428,629808,4928,624880,64,1460,55.05,8.39,46.65,549211.25,64,64,262144,262144,0.0191,0.0096,0.0096,172,0,0,Benign,None,Benign,0
4575,UE_10,tcp,440.7,-54.28,39.07,45.42,45.42,19,12,7,692,412,280,34.3,40,0.42,0.26,0.15,121.88,64,64,512,16384,0.2128,0.1277,0.0851,128,0,0,SlowrateDoS,Slowloris,Malicious,1
1867,UE_4,udp,116.4,-40.65,53.18,0.236,0.236,3,2,1,220,165,55,82.5,55.4,12.71,8.47,4.24,7457.63,64,64,0,0,0,0,0,136,0,0,Benign,None,Benign,0
2200,UE_5,tcp,309,-51.67,39.67,3.383,3.383,845,93,752,1103872,5952,1097920,64,1460,249.78,27.49,222.29,2610397.87,64,64,262144,262144,0.0155,0.0078,0.0078,496,0,0,Benign,None,Benign,0
1135,UE_3,udp,127.5,-42.49,52.36,1.999,1.999,288,145,143,49372,24476,24896,168.8,174.1,144.07,72.54,71.54,197586.79,64,64,0,0,0,0,0,131,1,0.05,Benign,None,Benign,0
355,UE_1,tcp,146.1,-44.42,48.92,2.127,2.127,56,18,38,36866,4072,32794,226.2,863,26.33,8.46,17.87,138659.14,64,64,65535,65535,0.0209,0.0105,0.0105,267,1,0.05,Benign,None,Benign,0
1497,UE_3,udp,127.5,-42.42,51.08,4.297,4.297,110,54,56,18191,8705,9486,161.2,169.4,25.6,12.57,13.03,33867.35,64,64,0,0,0,0,0,319,0,0,Benign,None,Benign,0
73,UE_1,tcp,146.1,-44.39,47.96,2.674,2.674,78,33,45,62482,5336,57146,161.7,1269.9,29.17,12.34,16.83,186931.94,64,64,65535,65535,0.0338,0.0169,0.0169,474,0,0,Benign,None,Benign,0
2285,UE_5,tcp,309,-52.43,40.22,6.252,6.252,826,84,742,1088696,5376,1083320,64,1460,132.12,13.44,118.68,1393085.09,64,64,262144,262144,0.0123,0.0062,0.0062,261,1,0.05,Benign,None,Benign,0
2996,UE_6,tcp,321,-51.97,39.17,2.503,2.503,81,44,37,34473,16694,17779,379.4,480.5,32.36,17.58,14.78,110181.38,64,64,65535,65535,0.0434,0.0217,0.0217,454,0,0,Benign,None,Benign,0
4966,UE_10,tcp,440.7,-54.49,40.11,37.27,37.27,20,10,10,759,359,400,35.9,40,0.54,0.27,0.27,162.92,64,64,512,16384,0.1508,0.0905,0.0603,128,0,0,SlowrateDoS,Slowloris,Malicious,1
973,UE_2,tcp,235.5,-52.53,40.45,4.116,4.116,378,56,322,446984,6552,440432,117,1367.8,91.84,13.61,78.23,868773.57,64,64,131072,131072,0.0183,0.0092,0.0092,327,0,0,Benign,None,Benign,0
3842,UE_8,udp,403.8,-52.19,40.08,0.582,0.582,2288,2288,0,1932674,1932674,0,844.7,0,3931.27,3931.27,0,26565965.64,64,0,0,0,0,0,0,0,1830,80,UDPFlood,Hping3,Malicious,1
4710,UE_10,tcp,440.7,-54.26,38.7,50.94,50.94,13,8,5,444,244,200,30.5,40,0.26,0.16,0.1,69.73,64,64,512,16384,0.1333,0.08,0.0533,128,0,0,SlowrateDoS,Slowloris,Malicious,1
3539,UE_8,udp,403.8,-52.53,40.19,0.288,0.288,713,713,0,437212,437212,0,613.2,0,2475.69,2475.69,0,12144777.78,64,0,0,0,0,0,0,0,570,80,UDPFlood,Hping3,Malicious,1
487,UE_1,tcp,146.1,-44.05,47.74,3.466,3.466,80,24,56,64699,4930,59769,205.4,1067.3,23.08,6.92,16.16,149334.1,64,64,65535,65535,0.0209,0.0105,0.0105,499,0,0,Benign,None,Benign,0
4070,UE_9,tcp,409.2,-55.04,38.47,0.0022,0.0022,1,1,0,44,44,0,44,0,454.55,454.55,0,160000,50,0,1024,0,0,0,0,0,1,100,SYNScan,Nmap,Malicious,1
3625,UE_8,udp,403.8,-52.23,40.21,0.467,0.467,2285,2285,0,1360718,1360718,0,595.5,0,4892.93,4892.93,0,23309944.33,64,0,0,0,0,0,0,0,1828,80,UDPFlood,Hping3,Malicious,1
3363,UE_7,tcp,413,-59.97,33.75,0.0649,0.0649,488,488,0,19520,19520,0,40,0,7519.26,7519.26,0,2406163.33,128,0,1024,0,0,0,0,0,488,100,SYNFlood,Hping3,Malicious,1
2993,UE_6,tcp,321,-52.24,40.68,1.511,1.511,61,35,26,27262,15999,11263,457.1,433.2,40.37,23.16,17.21,144338.85,64,64,65535,65535,0.0424,0.0212,0.0212,216,0,0,Benign,None,Benign,0
1436,UE_3,udp,127.5,-41.75,51.2,2.942,2.942,220,110,110,39182,19756,19426,179.6,176.6,74.78,37.39,37.39,106545.21,64,64,0,0,0,0,0,432,1,0.05,Benign,None,Benign,0
4142,UE_9,tcp,409.2,-55.63,38.5,0.0057,0.0057,1,1,0,44,44,0,44,0,175.44,175.44,0,61754.39,48,0,1024,0,0,0,0,0,1,100,SYNScan,Nmap,Malicious,1
2164,UE_5,tcp,309,-52.7,39.69,9.092,9.092,555,77,478,702808,4928,697880,64,1460,61.04,8.47,52.57,618396.83,64,64,262144,262144,0.0245,0.0123,0.0123,308,1,0.05,Benign,None,Benign,0
1925,UE_4,udp,116.4,-40.51,51.95,0.2,0.2,3,1,2,184,88,96,87.7,48.2,15,5,10,7360,64,64,0,0,0,0,0,179,1,0.05,Benign,None,Benign,0
4138,UE_9,tcp,409.2,-55.64,38.19,0.0015,0.0015,1,1,0,44,44,0,44,0,666.67,666.67,0,234666.67,54,0,1024,0,0,0,0,0,1,100,SYNScan,Nmap,Malicious,1
2260,UE_5,tcp,309,-52.55,39.08,8.827,8.827,869,83,786,1152872,5312,1147560,64,1460,98.45,9.4,89.04,1044859.64,64,64,262144,262144,0.0212,0.0106,0.0106,138,0,0,Benign,None,Benign,0
4857,UE_10,tcp,440.7,-53.88,39.58,31.39,31.39,27,20,7,1036,756,280,37.8,40,0.86,0.64,0.22,264.03,64,64,512,16384,0.1131,0.0679,0.0452,128,0,0,SlowrateDoS,Slowloris,Malicious,1
4132,UE_9,tcp,409.2,-54.56,39.11,0.0016,0.0016,1,1,0,44,44,0,44,0,625,625,0,220000,57,0,1024,0,0,0,0,0,1,100,SYNScan,Nmap,Malicious,1
1688,UE_4,udp,116.4,-40.87,52.28,0.108,0.108,6,4,2,417,315,102,78.8,50.9,55.56,37.04,18.52,30888.89,64,64,0,0,0,0,0,195,0,0,Benign,None,Benign,0
970,UE_2,tcp,235.5,-53.07,41.17,9.767,9.767,494,78,416,574709,6911,567798,88.6,1364.9,50.58,7.99,42.59,470735.33,64,64,131072,131072,0.0252,0.0126,0.0126,484,0,0,Benign,None,Benign,0
4841,UE_10,tcp,440.7,-54.47,39.28,35.56,35.56,24,12,12,833,353,480,29.4,40,0.67,0.34,0.34,187.4,64,64,512,16384,0.1978,0.1187,0.0791,128,0,0,SlowrateDoS,Slowloris,Malicious,1
3307,UE_7,tcp,413,-59.33,34.21,0.1033,0.1033,391,391,0,15640,15640,0,40,0,3785.09,3785.09,0,1211229.43,128,0,1024,0,0,0,0,0,391,100,SYNFlood,Hping3,Malicious,1
3676,UE_8,udp,403.8,-53.14,40.77,0.377,0.377,878,878,0,606171,606171,0,690.4,0,2328.91,2328.91,0,12863045.09,64,0,0,0,0,0,0,0,702,80,UDPFlood,Hping3,Malicious,1
1107,UE_3,udp,127.5,-41.37,50.47,3.079,3.079,249,123,126,43702,22005,21697,178.9,172.2,80.87,39.95,40.92,113548.55,64,64,0,0,0,0,0,233,0,0,Benign,None,Benign,0
3779,UE_8,udp,403.8,-51.86,39.65,0.225,0.225,1805,1805,0,1806083,1806083,0,1000.6,0,8022.22,8022.22,0,64216284.44,64,0,0,0,0,0,0,0,1444,80,UDPFlood,Hping3,Malicious,1
4985,UE_10,tcp,440.7,-54.5,39.15,26.95,26.95,24,14,10,742,342,400,24.4,40,0.89,0.52,0.37,220.26,64,64,512,16384,0.0969,0.0581,0.0388,128,0,0,SlowrateDoS,Slowloris,Malicious,1
324,UE_1,tcp,146.1,-44.26,48.67,3.394,3.394,77,23,54,71310,5338,65972,232.1,1221.7,22.69,6.78,15.91,168084.86,64,64,65535,65535,0.0296,0.0148,0.0148,225,0,0,Benign,None,Benign,0
4585,UE_10,tcp,440.7,-54.37,38.88,33.86,33.86,18,9,9,683,323,360,35.9,40,0.53,0.27,0.27,161.37,64,64,512,16384,0.1815,0.1089,0.0726,128,0,0,SlowrateDoS,Slowloris,Malicious,1
1868,UE_4,udp,116.4,-41.32,51.63,0.071,0.071,2,1,1,142,90,52,89.9,52.3,28.17,14.08,14.08,16000,64,64,0,0,0,0,0,362,1,0.05,Benign,None,Benign,0
1323,UE_3,udp,127.5,-42,50.62,5.541,5.541,285,145,140,47019,24549,22470,169.3,160.5,51.43,26.17,25.27,67885.22,64,64,0,0,0,0,0,482,0,0,Benign,None,Benign,0
120,UE_1,tcp,146.1,-44.2,48.43,1.104,1.104,79,21,58,68951,4032,64919,192,1119.3,71.56,19.02,52.54,499644.93,64,64,65535,65535,0.0269,0.0135,0.0135,233,1,0.05,Benign,None,Benign,0
520,UE_2,tcp,235.5,-52.52,39.63,2.307,2.307,492,48,444,595388,4646,590742,96.8,1330.5,213.26,20.81,192.46,2064631.12,64,64,131072,131072,0.0282,0.0141,0.0141,394,0,0,Benign,None,Benign,0
4722,UE_10,tcp,440.7,-54.72,40.35,58.85,58.85,19,12,7,748,468,280,39,40,0.32,0.2,0.12,101.68,64,64,512,16384,0.0839,0.0503,0.0336,128,0,0,SlowrateDoS,Slowloris,Malicious,1
4095,UE_9,tcp,409.2,-55.36,38.25,0.0023,0.0023,1,1,0,44,44,0,44,0,434.78,434.78,0,153043.48,54,0,1024,0,0,0,0,0,1,100,SYNScan,Nmap,Malicious,1
3935,UE_8,udp,403.8,-52.21,40.9,0.476,0.476,834,834,0,469042,469042,0,562.4,0,1752.1,1752.1,0,7883058.82,64,0,0,0,0,0,0,0,667,80,UDPFlood,Hping3,Malicious,1
3560,UE_8,udp,403.8,-52.62,40.57,0.559,0.559,1591,1591,0,1075357,1075357,0,675.9,0,2846.15,2846.15,0,15389724.51,64,0,0,0,0,0,0,0,1273,80,UDPFlood,Hping3,Malicious,1
4292,UE_9,tcp,409.2,-55.04,39.38,0.0054,0.0054,1,1,0,44,44,0,44,0,185.19,185.19,0,65185.19,47,0,1024,0,0,0,0,0,1,100,SYNScan,Nmap,Malicious,1
3886,UE_8,udp,403.8,-52.89,40.28,0.177,0.177,2480,2480,0,1707232,1707232,0,688.4,0,14011.3,14011.3,0,77163028.25,64,0,0,0,0,0,0,0,1984,80,UDPFlood,Hping3,Malicious,1
3544,UE_8,udp,403.8,-51.48,39.86,0.562,0.562,1835,1835,0,1782336,1782336,0,971.3,0,3265.12,3265.12,0,25371330.96,64,0,0,0,0,0,0,0,1468,80,UDPFlood,Hping3,Malicious,1
4738,UE_10,tcp,440.7,-53.21,39.28,33.68,33.68,25,15,10,763,363,400,24.2,40,0.74,0.45,0.3,181.24,64,64,512,16384,0.1215,0.0729,0.0486,128,0,0,SlowrateDoS,Slowloris,Malicious,1
4406,UE_9,tcp,409.2,-55.63,37.86,0.0047,0.0047,1,1,0,44,44,0,44,0,212.77,212.77,0,74893.62,58,0,1024,0,0,0,0,0,1,100,SYNScan,Nmap,Malicious,1
1787,UE_4,udp,116.4,-40.07,52.7,0.142,0.142,3,2,1,197,142,55,70.8,54.5,21.13,14.08,7.04,11098.59,64,64,0,0,0,0,0,503,0,0,Benign,None,Benign,0
4696,UE_10,tcp,440.7,-54.65,39.1,47.24,47.24,20,12,8,722,402,320,33.5,40,0.42,0.25,0.17,122.27,64,64,512,16384,0.1789,0.1073,0.0716,128,0,0,SlowrateDoS,Slowloris,Malicious,1
1197,UE_3,udp,127.5,-42.86,51.34,5.91,5.91,116,56,60,19851,9873,9978,176.3,166.3,19.63,9.48,10.15,26871.07,64,64,0,0,0,0,0,469,1,0.05,Benign,None,Benign,0
3682,UE_8,udp,403.8,-51.21,41.11,0.34,0.34,2333,2333,0,1881798,1881798,0,806.6,0,6861.76,6861.76,0,44277600,64,0,0,0,0,0,0,0,1866,80,UDPFlood,Hping3,Malicious,1
1056,UE_3,udp,127.5,-41.49,51.31,2.484,2.484,174,85,89,31106,15130,15976,178,179.5,70.05,34.22,35.83,100180.35,64,64,0,0,0,0,0,370,1,0.05,Benign,None,Benign,0
3964,UE_8,udp,403.8,-53.24,40.93,0.343,0.343,523,523,0,297482,297482,0,568.8,0,1524.78,1524.78,0,6938355.69,64,0,0,0,0,0,0,0,418,80,UDPFlood,Hping3,Malicious,1
3368,UE_7,tcp,413,-58.62,33.89,0.0254,0.0254,430,430,0,17200,17200,0,40,0,16929.13,16929.13,0,5417322.83,128,0,1024,0,0,0,0,0,430,100,SYNFlood,Hping3,Malicious,1
4271,UE_9,tcp,409.2,-55.44,38.57,0.0033,0.0033,1,1,0,44,44,0,44,0,303.03,303.03,0,106666.67,45,0,1024,0,0,0,0,0,1,100,SYNScan,Nmap,Malicious,1
229,UE_1,tcp,146.1,-44.28,49.02,2.078,2.078,56,20,36,46468,4816,41652,240.8,1157,26.95,9.62,17.32,178895.09,64,64,65535,65535,0.0332,0.0166,0.0166,178,0,0,Benign,None,Benign,0
4115,UE_9,tcp,409.2,-55.77,38.92,0.0051,0.0051,1,1,0,44,44,0,44,0,196.08,196.08,0,69019.61,48,0,1024,0,0,0,0,0,1,100,SYNScan,Nmap,Malicious,1
3616,UE_8,udp,403.8,-52.69,40.99,0.155,0.155,578,578,0,398878,398878,0,690.1,0,3729.03,3729.03,0,20587251.61,64,0,0,0,0,0,0,0,462,80,UDPFlood,Hping3,Malicious,1
1490,UE_3,udp,127.5,-41.75,50.9,2.954,2.954,253,127,126,42490,21196,21294,166.9,169,85.65,42.99,42.65,115071.09,64,64,0,0,0,0,0,155,1,0.05,Benign,None,Benign,0
2070,UE_5,tcp,309,-52.96,39.36,5.605,5.605,931,77,854,1251768,4928,1246840,64,1460,166.1,13.74,152.36,1786644.78,64,64,262144,262144,0.0134,0.0067,0.0067,495,1,0.05,Benign,None,Benign,0
1741,UE_4,udp,116.4,-39.8,51.85,0.202,0.202,5,3,2,395,278,117,92.6,58.4,24.75,14.85,9.9,15643.56,64,64,0,0,0,0,0,331,0,0,Benign,None,Benign,0
824,UE_2,tcp,235.5,-53.02,41.58,7.155,7.155,430,31,399,509110,3457,505653,111.5,1267.3,60.1,4.33,55.77,569235.5,64,64,131072,131072,0.0242,0.0121,0.0121,451,0,0,Benign,None,Benign,0
3517,UE_8,udp,403.8,-52.25,40.31,0.439,0.439,1626,1626,0,1551041,1551041,0,953.9,0,3703.87,3703.87,0,28264984.05,64,0,0,0,0,0,0,0,1301,80,UDPFlood,Hping3,Malicious,1
1528,UE_4,udp,116.4,-40.52,52.59,0.202,0.202,2,1,1,125,71,54,71.2,53.7,9.9,4.95,4.95,4950.5,64,64,0,0,0,0,0,295,0,0,Benign,None,Benign,0
1385,UE_3,udp,127.5,-41.79,50.03,4.393,4.393,217,108,109,36796,19138,17658,177.2,162,49.4,24.58,24.81,67008.42,64,64,0,0,0,0,0,470,0,0,Benign,None,Benign,0
2279,UE_5,tcp,309,-51.87,39.88,5.903,5.903,569,67,502,737208,4288,732920,64,1460,96.39,11.35,85.04,999096.05,64,64,262144,262144,0.0202,0.0101,0.0101,255,0,0,Benign,None,Benign,0
4077,UE_9,tcp,409.2,-54.9,39.14,0.0024,0.0024,1,1,0,44,44,0,44,0,416.67,416.67,0,146666.67,53,0,1024,0,0,0,0,0,1,100,SYNScan,Nmap,Malicious,1
2919,UE_6,tcp,321,-50.92,38.4,2.201,2.201,55,20,35,30168,9686,20482,484.3,585.2,24.99,9.09,15.9,109651.98,64,64,65535,65535,0.038,0.019,0.019,314,1,0.05,Benign,None,Benign,0
379,UE_1,tcp,146.1,-44.71,48.17,1.336,1.336,51,12,39,49978,2378,47600,198.2,1220.5,38.17,8.98,29.19,299269.46,64,64,65535,65535,0.0216,0.0108,0.0108,438,0,0,Benign,None,Benign,0
507,UE_2,tcp,235.5,-52.85,40,8.133,8.133,520,79,441,607137,9053,598084,114.6,1356.2,63.94,9.71,54.22,597208.41,64,64,131072,131072,0.024,0.012,0.012,269,0,0,Benign,None,Benign,0
732,UE_2,tcp,235.5,-53.09,41.08,6.218,6.218,377,50,327,433237,4180,429057,83.6,1312.1,60.63,8.04,52.59,557397.23,64,64,131072,131072,0.0135,0.0068,0.0068,174,0,0,Benign,None,Benign,0
1309,UE_3,udp,127.5,-42.49,51.56,2.087,2.087,171,83,88,28927,14143,14784,170.4,168,81.94,39.77,42.17,110884.52,64,64,0,0,0,0,0,368,0,0,Benign,None,Benign,0
2378,UE_5,tcp,309,-53.02,40.44,7.889,7.889,492,71,421,619204,4544,614660,64,1460,62.37,9,53.37,627916.34,64,64,262144,262144,0.026,0.013,0.013,280,0,0,Benign,None,Benign,0
4136,UE_9,tcp,409.2,-55.8,38.66,0.0011,0.0011,1,1,0,44,44,0,44,0,909.09,909.09,0,320000,55,0,1024,0,0,0,0,0,1,100,SYNScan,Nmap,Malicious,1
4793,UE_10,tcp,440.7,-54.39,40.62,39.44,39.44,23,13,10,877,477,400,36.7,40,0.58,0.33,0.25,177.89,64,64,512,16384,0.0926,0.0556,0.037,128,0,0,SlowrateDoS,Slowloris,Malicious,1
1977,UE_4,udp,116.4,-41.28,52.16,0.234,0.234,3,2,1,217,156,61,78,61.1,12.82,8.55,4.27,7418.8,64,64,0,0,0,0,0,265,0,0,Benign,None,Benign,0
1733,UE_4,udp,116.4,-40.57,52.5,0.183,0.183,4,3,1,305,256,49,85.3,49.3,21.86,16.39,5.46,13333.33,64,64,0,0,0,0,0,195,1,0.05,Benign,None,Benign,0
1375,UE_3,udp,127.5,-41.95,51.81,5.164,5.164,98,51,47,16953,9170,7783,179.8,165.6,18.98,9.88,9.1,26263.36,64,64,0,0,0,0,0,194,0,0,Benign,None,Benign,0
2377,UE_5,tcp,309,-52.77,40.42,12.974,12.974,797,63,734,1075672,4032,1071640,64,1460,61.43,4.86,56.57,663278.56,64,64,262144,262144,0.0206,0.0103,0.0103,497,0,0,Benign,None,Benign,0
1033,UE_3,udp,127.5,-41.77,52.17,2.901,2.901,263,132,131,45249,22704,22545,172,172.1,90.66,45.5,45.16,124781.8,64,64,0,0,0,0,0,462,0,0,Benign,None,Benign,0
2890,UE_6,tcp,321,-50.8,40.16,2.735,2.735,81,43,38,33074,13352,19722,310.5,519,29.62,15.72,13.89,96742.96,64,64,65535,65535,0.0219,0.011,0.011,142,0,0,Benign,None,Benign,0
1081,UE_3,udp,127.5,-42.69,50.88,2.744,2.744,250,127,123,42943,21209,21734,167,176.7,91.11,46.28,44.83,125198.25,64,64,0,0,0,0,0,259,0,0,Benign,None,Benign,0
985,UE_2,tcp,235.5,-53.15,40.89,6.851,6.851,485,53,432,546703,4500,542203,84.9,1255.1,70.79,7.74,63.06,638392.06,64,64,131072,131072,0.0106,0.0053,0.0053,477,0,0,Benign,None,Benign,0
3063,UE_7,tcp,413,-59.11,33.57,0.0335,0.0335,847,847,0,33880,33880,0,40,0,25283.58,25283.58,0,8090746.27,128,0,1024,0,0,0,0,0,847,100,SYNFlood,Hping3,Malicious,1
2987,UE_6,tcp,321,-50.85,39.25,1.696,1.696,77,29,48,36056,13352,22704,460.4,473,45.4,17.1,28.3,170075.47,64,64,65535,65535,0.0281,0.0141,0.0141,299,1,0.05,Benign,None,Benign,0
3472,UE_7,tcp,413,-60.49,34.18,0.0917,0.0917,242,242,0,9680,9680,0,40,0,2639.04,2639.04,0,844492.91,128,0,1024,0,0,0,0,0,242,100,SYNFlood,Hping3,Malicious,1
217,UE_1,tcp,146.1,-44.35,47.78,3.958,3.958,59,24,35,35884,5945,29939,247.7,855.4,14.91,6.06,8.84,72529.56,64,64,65535,65535,0.0277,0.0139,0.0139,300,0,0,Benign,None,Benign,0
15,UE_1,tcp,146.1,-44.31,47.42,1.246,1.246,55,11,44,37961,2396,35565,217.8,808.3,44.14,8.83,35.31,243730.34,64,64,65535,65535,0.0304,0.0152,0.0152,449,0,0,Benign,None,Benign,0
4665,UE_10,tcp,440.7,-54.11,39.73,61.35,61.35,21,11,10,670,270,400,24.5,40,0.34,0.18,0.16,87.37,64,64,512,16384,0.0998,0.0599,0.0399,128,0,0,SlowrateDoS,Slowloris,Malicious,1
2381,UE_5,tcp,309,-53.38,40.33,7.073,7.073,920,66,854,1251064,4224,1246840,64,1460,130.07,9.33,120.74,1415030.68,64,64,262144,262144,0.0224,0.0112,0.0112,465,0,0,Benign,None,Benign,0
1775,UE_4,udp,116.4,-40.51,52.23,0.164,0.164,2,1,1,136,76,60,76,59.8,12.2,6.1,6.1,6634.15,64,64,0,0,0,0,0,364,0,0,Benign,None,Benign,0
3276,UE_7,tcp,413,-59.39,33.97,0.0124,0.0124,235,235,0,9400,9400,0,40,0,18951.61,18951.61,0,6064516.13,128,0,1024,0,0,0,0,0,235,100,SYNFlood,Hping3,Malicious,1
4639,UE_10,tcp,440.7,-53.8,39.24,54.41,54.41,17,10,7,639,359,280,35.9,40,0.31,0.18,0.13,93.95,64,64,512,16384,0.179,0.1074,0.0716,128,0,0,SlowrateDoS,Slowloris,Malicious,1
1009,UE_3,udp,127.5,-42.09,52.22,4.899,4.899,258,129,129,44505,22859,21646,177.2,167.8,52.66,26.33,26.33,72676.06,64,64,0,0,0,0,0,281,0,0,Benign,None,Benign,0
2872,UE_6,tcp,321,-51.24,40.46,2.263,2.263,72,40,32,32026,13584,18442,339.6,576.3,31.82,17.68,14.14,113216.08,64,64,65535,65535,0.0407,0.0204,0.0204,396,0,0,Benign,None,Benign,0
983,UE_2,tcp,235.5,-52.74,41.18,7.751,7.751,247,67,180,255107,7283,247824,108.7,1376.8,31.87,8.64,23.22,263302.28,64,64,131072,131072,0.0266,0.0133,0.0133,160,1,0.05,Benign,None,Benign,0
1552,UE_4,udp,116.4,-40.43,52.86,0.228,0.228,4,2,2,254,137,117,68.5,58.7,17.54,8.77,8.77,8912.28,64,64,0,0,0,0,0,426,0,0,Benign,None,Benign,0
1368,UE_3,udp,127.5,-42.61,51.44,2.652,2.652,150,73,77,24350,11760,12590,161.1,163.5,56.56,27.53,29.03,73454,64,64,0,0,0,0,0,194,0,0,Benign,None,Benign,0
3803,UE_8,udp,403.8,-52.76,40.66,0.214,0.214,1867,1867,0,1141857,1141857,0,611.6,0,8724.3,8724.3,0,42686242.99,64,0,0,0,0,0,0,0,1494,80,UDPFlood,Hping3,Malicious,1
4591,UE_10,tcp,440.7,-54.98,39.44,33.6,33.6,20,11,9,754,394,360,35.8,40,0.6,0.33,0.27,179.52,64,64,512,16384,0.1909,0.1145,0.0764,128,0,0,SlowrateDoS,Slowloris,Malicious,1
718,UE_2,tcp,235.5,-52.86,40.43,5.787,5.787,472,61,411,546099,6497,539602,106.5,1312.9,81.56,10.54,71.02,754932.09,64,64,131072,131072,0.0264,0.0132,0.0132,337,0,0,Benign,None,Benign,0
2794,UE_6,tcp,321,-50.72,39.7,3.03,3.03,60,37,23,26255,11503,14752,310.9,641.4,19.8,12.21,7.59,69320.13,64,64,65535,65535,0.0402,0.0201,0.0201,136,0,0,Benign,None,Benign,0
1429,UE_3,udp,127.5,-41.25,50.83,2.054,2.054,153,74,79,25270,11958,13312,161.6,168.5,74.49,36.03,38.46,98422.59,64,64,0,0,0,0,0,235,0,0,Benign,None,Benign,0
1859,UE_4,udp,116.4,-40.22,51.66,0.144,0.144,3,2,1,186,131,55,65.7,54.9,20.83,13.89,6.94,10333.33,64,64,0,0,0,0,0,198,0,0,Benign,None,Benign,0
4943,UE_10,tcp,440.7,-54.09,39.4,50.2,50.2,20,10,10,694,294,400,29.4,40,0.4,0.2,0.2,110.6,64,64,512,16384,0.1478,0.0887,0.0591,128,0,0,SlowrateDoS,Slowloris,Malicious,1
4396,UE_9,tcp,409.2,-55.5,38.27,0.0032,0.0032,1,1,0,44,44,0,44,0,312.5,312.5,0,110000,55,0,1024,0,0,0,0,0,1,100,SYNScan,Nmap,Malicious,1
2542,UE_6,tcp,321,-51.28,39.8,1.733,1.733,91,45,46,48005,16992,31013,377.6,674.2,52.51,25.97,26.54,221604.15,64,64,65535,65535,0.0286,0.0143,0.0143,216,0,0,Benign,None,Benign,0
3486,UE_7,tcp,413,-60.55,33.5,0.0779,0.0779,265,265,0,10600,10600,0,40,0,3401.8,3401.8,0,1088575.1,128,0,1024,0,0,0,0,0,265,100,SYNFlood,Hping3,Malicious,1
3388,UE_7,tcp,413,-60.63,33.7,0.0701,0.0701,615,615,0,24600,24600,0,40,0,8773.18,8773.18,0,2807417.97,128,0,1024,0,0,0,0,0,615,100,SYNFlood,Hping3,Malicious,1
1780,UE_4,udp,116.4,-40.53,51.82,0.105,0.105,3,1,2,191,69,122,69.4,60.8,28.57,9.52,19.05,14552.38,64,64,0,0,0,0,0,239,0,0,Benign,None,Benign,0
4102,UE_9,tcp,409.2,-55.08,39.11,0.0032,0.0032,2,1,1,84,44,40,44,40,625,312.5,312.5,210000,52,55,1024,0,0.007,0,0,0,0,0,SYNScan,Nmap,Malicious,1
4541,UE_10,tcp,440.7,-54.61,39.51,61.66,61.66,24,20,4,742,582,160,29.1,40,0.39,0.32,0.06,96.27,64,64,512,16384,0.2056,0.1234,0.0822,128,0,0,SlowrateDoS,Slowloris,Malicious,1
2809,UE_6,tcp,321,-52.35,40.32,3.236,3.236,90,44,46,43919,13297,30622,302.2,665.7,27.81,13.6,14.22,108576.02,64,64,65535,65535,0.0219,0.011,0.011,345,1,0.05,Benign,None,Benign,0
4242,UE_9,tcp,409.2,-55.3,38.91,0.0041,0.0041,1,1,0,44,44,0,44,0,243.9,243.9,0,85853.66,59,0,1024,0,0,0,0,0,1,100,SYNScan,Nmap,Malicious,1
2979,UE_6,tcp,321,-50.96,39.21,2.564,2.564,48,27,21,26009,13006,13003,481.7,619.2,18.72,10.53,8.19,81151.33,64,64,65535,65535,0.0268,0.0134,0.0134,195,0,0,Benign,None,Benign,0
1607,UE_4,udp,116.4,-40.1,52.67,0.054,0.054,5,4,1,345,295,50,73.8,49.6,92.59,74.07,18.52,51111.11,64,64,0,0,0,0,0,375,0,0,Benign,None,Benign,0
4249,UE_9,tcp,409.2,-55.18,39.64,0.0034,0.0034,2,1,1,84,44,40,44,40,588.24,294.12,294.12,197647.06,47,55,1024,0,0.0121,0,0,0,0,0,SYNScan,Nmap,Malicious,1
1947,UE_4,udp,116.4,-40.68,52.82,0.111,0.111,5,3,2,334,220,114,73.4,56.8,45.05,27.03,18.02,24072.07,64,64,0,0,0,0,0,407,1,0.05,Benign,None,Benign,0
1736,UE_4,udp,116.4,-40.81,52.07,0.174,0.174,6,4,2,457,360,97,90.1,48.5,34.48,22.99,11.49,21011.49,64,64,0,0,0,0,0,248,0,0,Benign,None,Benign,0
4621,UE_10,tcp,440.7,-54.78,39.71,35.23,35.23,17,10,7,605,325,280,32.5,40,0.48,0.28,0.2,137.38,64,64,512,16384,0.0946,0.0568,0.0378,128,0,0,SlowrateDoS,Slowloris,Malicious,1
2976,UE_6,tcp,321,-51.4,41.04,2.24,2.24,79,34,45,40894,15208,25686,447.3,570.8,35.27,15.18,20.09,146050,64,64,65535,65535,0.0367,0.0184,0.0184,433,0,0,Benign,None,Benign,0
2837,UE_6,tcp,321,-51.74,40.18,2.414,2.414,93,45,48,35646,16052,19594,356.7,408.2,38.53,18.64,19.88,118130.9,64,64,65535,65535,0.0364,0.0182,0.0182,182,1,0.05,Benign,None,Benign,0
2261,UE_5,tcp,309,-53.52,40.05,11.717,11.717,809,58,751,1100172,3712,1096460,64,1460,69.04,4.95,64.09,751162.93,64,64,262144,262144,0.0248,0.0124,0.0124,506,1,0.05,Benign,None,Benign,0
4284,UE_9,tcp,409.2,-54.48,39.41,0.0012,0.0012,1,1,0,44,44,0,44,0,833.33,833.33,0,293333.33,45,0,1024,0,0,0,0,0,1,100,SYNScan,Nmap,Malicious,1
2525,UE_6,tcp,321,-52.4,38.66,1.396,1.396,66,38,28,35159,16925,18234,445.4,651.2,47.28,27.22,20.06,201484.24,64,64,65535,65535,0.0396,0.0198,0.0198,508,0,0,Benign,None,Benign,0
3367,UE_7,tcp,413,-59.42,34.43,0.0713,0.0713,620,620,0,24800,24800,0,40,0,8695.65,8695.65,0,2782608.7,128,0,1024,0,0,0,0,0,620,100,SYNFlood,Hping3,Malicious,1
2494,UE_5,tcp,309,-52.98,40.28,12.013,12.013,371,53,318,467672,3392,464280,64,1460,30.88,4.41,26.47,311443.94,64,64,262144,262144,0.0185,0.0093,0.0093,135,0,0,Benign,None,Benign,0
2034,UE_5,tcp,309,-51.93,39.75,7.494,7.494,867,94,773,1134596,6016,1128580,64,1460,115.69,12.54,103.15,1211204.7,64,64,262144,262144,0.0139,0.007,0.007,323,0,0,Benign,None,Benign,0
2785,UE_6,tcp,321,-52.08,40.46,2.88,2.88,47,17,30,26628,8337,18291,490.4,609.7,16.32,5.9,10.42,73966.67,64,64,65535,65535,0.0389,0.0195,0.0195,264,0,0,Benign,None,Benign,0
263,UE_1,tcp,146.1,-43.7,47.92,4.021,4.021,62,15,47,47704,3162,44542,210.8,947.7,15.42,3.73,11.69,94909.72,64,64,65535,65535,0.0191,0.0096,0.0096,381,0,0,Benign,None,Benign,0
1924,UE_4,udp,116.4,-40.21,53.16,0.169,0.169,4,3,1,288,230,58,76.6,57.6,23.67,17.75,5.92,13633.14,64,64,0,0,0,0,0,347,0,0,Benign,None,Benign,0
3302,UE_7,tcp,413,-60.75,33.45,0.0527,0.0527,277,277,0,11080,11080,0,40,0,5256.17,5256.17,0,1681973.43,128,0,1024,0,0,0,0,0,277,100,SYNFlood,Hping3,Malicious,1
2324,UE_5,tcp,309,-53.26,39.25,8.058,8.058,925,79,846,1240216,5056,1235160,64,1460,114.79,9.8,104.99,1231289.15,64,64,262144,262144,0.0226,0.0113,0.0113,423,0,0,Benign,None,Benign,0
4385,UE_9,tcp,409.2,-55.03,38.57,0.0056,0.0056,1,1,0,44,44,0,44,0,178.57,178.57,0,62857.14,47,0,1024,0,0,0,0,0,1,100,SYNScan,Nmap,Malicious,1
1937,UE_4,udp,116.4,-39.11,51.96,0.243,0.243,4,2,2,267,149,118,74.7,58.9,16.46,8.23,8.23,8790.12,64,64,0,0,0,0,0,409,1,0.05,Benign,None,Benign,0
1470,UE_3,udp,127.5,-42.5,50.61,3.19,3.19,258,128,130,41730,20800,20930,162.5,161,80.88,40.13,40.75,104652.04,64,64,0,0,0,0,0,280,0,0,Benign,None,Benign,0
4296,UE_9,tcp,409.2,-55.61,38.36,0.0053,0.0053,1,1,0,44,44,0,44,0,188.68,188.68,0,66415.09,48,0,1024,0,0,0,0,0,1,100,SYNScan,Nmap,Malicious,1
4995,UE_10,tcp,440.7,-53.57,39.3,51.17,51.17,20,12,8,664,344,320,28.7,40,0.39,0.23,0.16,103.81,64,64,512,16384,0.0892,0.0535,0.0357,128,0,0,SlowrateDoS,Slowloris,Malicious,1
780,UE_2,tcp,235.5,-52.85,40.96,3.851,3.851,245,36,209,264523,2959,261564,82.2,1251.5,63.62,9.35,54.27,549515.45,64,64,131072,131072,0.0102,0.0051,0.0051,290,0,0,Benign,None,Benign,0
1137,UE_3,udp,127.5,-42.38,51.16,1.58,1.58,99,52,47,16965,9313,7652,179.1,162.8,62.66,32.91,29.75,85898.73,64,64,0,0,0,0,0,204,0,0,Benign,None,Benign,0
4800,UE_10,tcp,440.7,-54.03,38.61,32.24,32.24,24,15,9,726,366,360,24.4,40,0.74,0.47,0.28,180.15,64,64,512,16384,0.1611,0.0967,0.0644,128,0,0,SlowrateDoS,Slowloris,Malicious,1
3881,UE_8,udp,403.8,-52.14,41.36,0.594,0.594,1898,1898,0,1340937,1340937,0,706.5,0,3195.29,3195.29,0,18059757.58,64,0,0,0,0,0,0,0,1518,80,UDPFlood,Hping3,Malicious,1
3750,UE_8,udp,403.8,-52.63,40.39,0.444,0.444,1551,1551,0,1489736,1489736,0,960.5,0,3493.24,3493.24,0,26842090.09,64,0,0,0,0,0,0,0,1241,80,UDPFlood,Hping3,Malicious,1
4859,UE_10,tcp,440.7,-54.67,39.53,45.22,45.22,16,12,4,492,332,160,27.7,40,0.35,0.27,0.09,87.04,64,64,512,16384,0.1076,0.0646,0.043,128,0,0,SlowrateDoS,Slowloris,Malicious,1
4603,UE_10,tcp,440.7,-54.25,40.34,47.17,47.17,26,17,9,778,418,360,24.6,40,0.55,0.36,0.19,131.95,64,64,512,16384,0.112,0.0672,0.0448,128,0,0,SlowrateDoS,Slowloris,Malicious,1
4429,UE_9,tcp,409.2,-55.77,38.85,0.0056,0.0056,2,1,1,84,44,40,44,40,357.14,178.57,178.57,120000,45,55,1024,0,0.0061,0,0,0,0,0,SYNScan,Nmap,Malicious,1
3055,UE_7,tcp,413,-59.83,33.88,0.1079,0.1079,947,947,0,37880,37880,0,40,0,8776.65,8776.65,0,2808526.41,128,0,1024,0,0,0,0,0,947,100,SYNFlood,Hping3,Malicious,1
2144,UE_5,tcp,309,-53.19,39.66,12.973,12.973,551,87,464,683008,5568,677440,64,1460,42.47,6.71,35.77,421187.39,64,64,262144,262144,0.016,0.008,0.008,444,0,0,Benign,None,Benign,0
2201,UE_5,tcp,309,-52.55,39.86,7.719,7.719,568,67,501,735748,4288,731460,64,1460,73.58,8.68,64.9,762531.93,64,64,262144,262144,0.02,0.01,0.01,494,0,0,Benign,None,Benign,0
1098,UE_3,udp,127.5,-42.58,52.3,1.858,1.858,251,127,124,42533,20523,22010,161.6,177.5,135.09,68.35,66.74,183134.55,64,64,0,0,0,0,0,213,1,0.05,Benign,None,Benign,0
1695,UE_4,udp,116.4,-40.07,52.5,0.122,0.122,3,1,2,167,68,99,68,49.3,24.59,8.2,16.39,10950.82,64,64,0,0,0,0,0,260,0,0,Benign,None,Benign,0
1004,UE_3,udp,127.5,-41.91,51.47,5.86,5.86,229,112,117,39052,18682,20370,166.8,174.1,39.08,19.11,19.97,53313.31,64,64,0,0,0,0,0,220,0,0,Benign,None,Benign,0
4906,UE_10,tcp,440.7,-53.92,38.9,28.21,28.21,23,16,7,678,398,280,24.9,40,0.82,0.57,0.25,192.27,64,64,512,16384,0.1246,0.0748,0.0498,128,0,0,SlowrateDoS,Slowloris,Malicious,1
4589,UE_10,tcp,440.7,-54.46,38.96,45.5,45.5,18,12,6,650,410,240,34.2,40,0.4,0.26,0.13,114.29,64,64,512,16384,0.1346,0.0808,0.0538,128,0,0,SlowrateDoS,Slowloris,Malicious,1
296,UE_1,tcp,146.1,-44.06,48.6,2.711,2.711,45,20,25,26695,4730,21965,236.5,878.6,16.6,7.38,9.22,78775.36,64,64,65535,65535,0.0243,0.0122,0.0122,197,1,0.05,Benign,None,Benign,0
2413,UE_5,tcp,309,-53.29,40.49,5.226,5.226,928,85,843,1236220,5440,1230780,64,1460,177.57,16.26,161.31,1892414.85,64,64,262144,262144,0.0155,0.0078,0.0078,360,0,0,Benign,None,Benign,0
4946,UE_10,tcp,440.7,-54.48,39.08,48.34,48.34,17,10,7,563,283,280,28.3,40,0.35,0.21,0.14,93.17,64,64,512,16384,0.1746,0.1048,0.0698,128,0,0,SlowrateDoS,Slowloris,Malicious,1
2241,UE_5,tcp,309,-53.07,40.04,8.522,8.522,583,91,492,724144,5824,718320,64,1460,68.41,10.68,57.73,679787.84,64,64,262144,262144,0.0186,0.0093,0.0093,340,1,0.05,Benign,None,Benign,0
4377,UE_9,tcp,409.2,-54.71,39.42,0.006,0.006,2,1,1,84,44,40,44,40,333.33,166.67,166.67,112000,56,55,1024,0,0.0125,0,0,0,0,0,SYNScan,Nmap,Malicious,1
357,UE_1,tcp,146.1,-44.69,48.46,1.375,1.375,67,14,53,69471,2500,66971,178.6,1263.6,48.73,10.18,38.55,404194.91,64,64,65535,65535,0.0441,0.0221,0.0221,199,0,0,Benign,None,Benign,0
2714,UE_6,tcp,321,-51.19,39.23,1.623,1.623,57,29,28,21747,8735,13012,301.2,464.7,35.12,17.87,17.25,107194.09,64,64,65535,65535,0.0375,0.0188,0.0188,323,0,0,Benign,None,Benign,0
3520,UE_8,udp,403.8,-52.53,40.25,0.272,0.272,2244,2244,0,1729451,1729451,0,770.7,0,8250,8250,0,50866205.88,64,0,0,0,0,0,0,0,1795,80,UDPFlood,Hping3,Malicious,1
4829,UE_10,tcp,440.7,-53.86,38.91,33.59,33.59,28,18,10,1055,655,400,36.4,40,0.83,0.54,0.3,251.27,64,64,512,16384,0.0985,0.0591,0.0394,128,0,0,SlowrateDoS,Slowloris,Malicious,1
160,UE_1,tcp,146.1,-44.18,48.51,0.741,0.741,83,24,59,71575,4020,67555,167.5,1145,112.01,32.39,79.62,772739.54,64,64,65535,65535,0.021,0.0105,0.0105,409,0,0,Benign,None,Benign,0
2708,UE_6,tcp,321,-51.07,39.59,3.164,3.164,69,24,45,41218,10051,31167,418.8,692.6,21.81,7.59,14.22,104217.45,64,64,65535,65535,0.0319,0.016,0.016,316,1,0.05,Benign,None,Benign,0
1842,UE_4,udp,116.4,-39.99,51.77,0.151,0.151,6,4,2,386,271,115,67.8,57.5,39.74,26.49,13.25,20450.33,64,64,0,0,0,0,0,369,0,0,Benign,None,Benign,0
3415,UE_7,tcp,413,-59.7,33.65,0.08,0.08,529,529,0,21160,21160,0,40,0,6612.5,6612.5,0,2116000,128,0,1024,0,0,0,0,0,529,100,SYNFlood,Hping3,Malicious,1
39,UE_1,tcp,146.1,-43.95,48.09,0.543,0.543,56,33,23,35328,6003,29325,181.9,1275,103.13,60.77,42.36,520486.19,64,64,65535,65535,0.0435,0.0218,0.0218,472,0,0,Benign,None,Benign,0
3821,UE_8,udp,403.8,-51.62,41.02,0.148,0.148,874,874,0,744386,744386,0,851.7,0,5905.41,5905.41,0,40237081.08,64,0,0,0,0,0,0,0,699,80,UDPFlood,Hping3,Malicious,1
4300,UE_9,tcp,409.2,-55.85,38.49,0.0058,0.0058,2,1,1,84,44,40,44,40,344.83,172.41,172.41,115862.07,51,55,1024,0,0.0129,0,0,0,0,0,SYNScan,Nmap,Malicious,1
3869,UE_8,udp,403.8,-51.34,39.75,0.251,0.251,551,551,0,502843,502843,0,912.6,0,2195.22,2195.22,0,16026868.53,64,0,0,0,0,0,0,0,441,80,UDPFlood,Hping3,Malicious,1
2315,UE_5,tcp,309,-52.69,39.24,5.188,5.188,438,86,352,519424,5504,513920,64,1460,84.43,16.58,67.85,800962.22,64,64,262144,262144,0.0193,0.0097,0.0097,386,0,0,Benign,None,Benign,0
1084,UE_3,udp,127.5,-42.02,50.6,4.487,4.487,197,101,96,35021,18029,16992,178.5,177,43.9,22.51,21.4,62439.94,64,64,0,0,0,0,0,495,0,0,Benign,None,Benign,0
4064,UE_9,tcp,409.2,-55.27,39.16,0.0031,0.0031,2,1,1,84,44,40,44,40,645.16,322.58,322.58,216774.19,49,55,1024,0,0.0113,0,0,0,0,0,SYNScan,Nmap,Malicious,1
4612,UE_10,tcp,440.7,-54.71,39.25,38.47,38.47,28,16,12,1072,592,480,37,40,0.73,0.42,0.31,222.93,64,64,512,16384,0.1088,0.0653,0.0435,128,0,0,SlowrateDoS,Slowloris,Malicious,1
761,UE_2,tcp,235.5,-52.53,40.7,7.542,7.542,327,74,253,348737,8199,340538,110.8,1346,43.36,9.81,33.55,369914.61,64,64,131072,131072,0.0277,0.0139,0.0139,234,0,0,Benign,None,Benign,0
2287,UE_5,tcp,309,-52.9,39.56,5.11,5.11,620,74,546,801896,4736,797160,64,1460,121.33,14.48,106.85,1255414.48,64,64,262144,262144,0.0258,0.0129,0.0129,427,0,0,Benign,None,Benign,0
4469,UE_9,tcp,409.2,-55.2,38.99,0.003,0.003,1,1,0,44,44,0,44,0,333.33,333.33,0,117333.33,58,0,1024,0,0,0,0,0,1,100,SYNScan,Nmap,Malicious,1
331,UE_1,tcp,146.1,-44.25,48.62,3.03,3.03,53,14,39,39587,3102,36485,221.6,935.5,17.49,4.62,12.87,104520.13,64,64,65535,65535,0.0211,0.0106,0.0106,470,0,0,Benign,None,Benign,0
1482,UE_3,udp,127.5,-41.18,50.71,4.36,4.36,119,60,59,20796,10524,10272,175.4,174.1,27.29,13.76,13.53,38157.8,64,64,0,0,0,0,0,494,0,0,Benign,None,Benign,0
2947,UE_6,tcp,321,-51.88,39.52,2.431,2.431,57,35,22,25073,12513,12560,357.5,570.9,23.45,14.4,9.05,82510.9,64,64,65535,65535,0.028,0.014,0.014,141,0,0,Benign,None,Benign,0
3162,UE_7,tcp,413,-59.5,34.33,0.1005,0.1005,516,516,0,20640,20640,0,40,0,5134.33,5134.33,0,1642985.07,128,0,1024,0,0,0,0,0,516,100,SYNFlood,Hping3,Malicious,1
1439,UE_3,udp,127.5,-42.62,51.09,2.224,2.224,219,108,111,36576,17906,18670,165.8,168.2,98.47,48.56,49.91,131568.35,64,64,0,0,0,0,0,441,1,0.05,Benign,None,Benign,0
35,UE_1,tcp,146.1,-44.29,49.08,4.121,4.121,37,15,22,20202,2402,17800,160.1,809.1,8.98,3.64,5.34,39217.67,64,64,65535,65535,0.0178,0.0089,0.0089,276,1,0.05,Benign,None,Benign,0
1726,UE_4,udp,116.4,-40.43,52.75,0.079,0.079,4,3,1,255,201,54,67.1,54.3,50.63,37.97,12.66,25822.78,64,64,0,0,0,0,0,346,0,0,Benign,None,Benign,0
760,UE_2,tcp,235.5,-51.85,41.51,7.355,7.355,397,54,343,471430,4401,467029,81.5,1361.6,53.98,7.34,46.63,512772.26,64,64,131072,131072,0.0256,0.0128,0.0128,418,1,0.05,Benign,None,Benign,0
4858,UE_10,tcp,440.7,-55.06,39.56,37.99,37.99,24,20,4,656,496,160,24.8,40,0.63,0.53,0.11,138.14,64,64,512,16384,0.0868,0.0521,0.0347,128,0,0,SlowrateDoS,Slowloris,Malicious,1
2648,UE_6,tcp,321,-52.17,39.38,2.837,2.837,73,25,48,28294,8273,20021,330.9,417.1,25.73,8.81,16.92,79785.69,64,64,65535,65535,0.0321,0.0161,0.0161,292,0,0,Benign,None,Benign,0
3379,UE_7,tcp,413,-59.73,33.38,0.0352,0.0352,650,650,0,26000,26000,0,40,0,18465.91,18465.91,0,5909090.91,128,0,1024,0,0,0,0,0,650,100,SYNFlood,Hping3,Malicious,1
2876,UE_6,tcp,321,-51.73,39.93,2.957,2.957,87,42,45,45557,19866,25691,473,570.9,29.42,14.2,15.22,123251.94,64,64,65535,65535,0.0362,0.0181,0.0181,258,0,0,Benign,None,Benign,0
3089,UE_7,tcp,413,-59.77,33.87,0.1051,0.1051,497,497,0,19880,19880,0,40,0,4728.83,4728.83,0,1513225.5,128,0,1024,0,0,0,0,0,497,100,SYNFlood,Hping3,Malicious,1
123,UE_1,tcp,146.1,-45.59,49.55,2.426,2.426,38,13,25,28222,2842,25380,218.6,1015.2,15.66,5.36,10.31,93065.13,64,64,65535,65535,0.021,0.0105,0.0105,365,1,0.05,Benign,None,Benign,0
3070,UE_7,tcp,413,-59.59,34.96,0.0203,0.0203,568,568,0,22720,22720,0,40,0,27980.3,27980.3,0,8953694.58,128,0,1024,0,0,0,0,0,568,100,SYNFlood,Hping3,Malicious,1
1028,UE_3,udp,127.5,-42.05,51.02,3.764,3.764,155,75,80,25165,12045,13120,160.6,164,41.18,19.93,21.25,53485.65,64,64,0,0,0,0,0,399,0,0,Benign,None,Benign,0
3737,UE_8,udp,403.8,-51.8,40.93,0.447,0.447,2266,2266,0,1503944,1503944,0,663.7,0,5069.35,5069.35,0,26916223.71,64,0,0,0,0,0,0,0,1813,80,UDPFlood,Hping3,Malicious,1
2640,UE_6,tcp,321,-51.27,39.49,2.844,2.844,59,18,41,32640,6457,26183,358.7,638.6,20.75,6.33,14.42,91814.35,64,64,65535,65535,0.0301,0.0151,0.0151,422,0,0,Benign,None,Benign,0
3357,UE_7,tcp,413,-58.92,33.31,0.0919,0.0919,473,473,0,18920,18920,0,40,0,5146.9,5146.9,0,1647007.62,128,0,1024,0,0,0,0,0,473,100,SYNFlood,Hping3,Malicious,1
1912,UE_4,udp,116.4,-40.46,51.95,0.144,0.144,3,1,2,188,90,98,89.5,48.9,20.83,6.94,13.89,10444.44,64,64,0,0,0,0,0,267,1,0.05,Benign,None,Benign,0
4088,UE_9,tcp,409.2,-54.2,39.23,0.006,0.006,1,1,0,44,44,0,44,0,166.67,166.67,0,58666.67,53,0,1024,0,0,0,0,0,1,100,SYNScan,Nmap,Malicious,1
2256,UE_5,tcp,309,-52.74,38.79,6.072,6.072,853,49,804,1176976,3136,1173840,64,1460,140.48,8.07,132.41,1550693.02,64,64,262144,262144,0.013,0.0065,0.0065,398,0,0,Benign,None,Benign,0
2736,UE_6,tcp,321,-51.67,40.06,1.852,1.852,72,44,28,32078,18282,13796,415.5,492.7,38.88,23.76,15.12,138565.87,64,64,65535,65535,0.0386,0.0193,0.0193,385,0,0,Benign,None,Benign,0
19,UE_1,tcp,146.1,-43.65,48.48,3.154,3.154,36,10,26,31842,2049,29793,204.9,1145.9,11.41,3.17,8.24,80766.01,64,64,65535,65535,0.0346,0.0173,0.0173,131,0,0,Benign,None,Benign,0
1445,UE_3,udp,127.5,-42.57,50.86,2.408,2.408,104,52,52,18039,9313,8726,179.1,167.8,43.19,21.59,21.59,59930.23,64,64,0,0,0,0,0,303,1,0.05,Benign,None,Benign,0
3735,UE_8,udp,403.8,-53.32,41.1,0.195,0.195,1133,1133,0,659179,659179,0,581.8,0,5810.26,5810.26,0,27043241.03,64,0,0,0,0,0,0,0,906,80,UDPFlood,Hping3,Malicious,1
3820,UE_8,udp,403.8,-51.98,41.06,0.186,0.186,1757,1757,0,1060525,1060525,0,603.6,0,9446.24,9446.24,0,45613978.49,64,0,0,0,0,0,0,0,1406,80,UDPFlood,Hping3,Malicious,1
2078,UE_5,tcp,309,-53.1,39.92,9.964,9.964,820,94,726,1065976,6016,1059960,64,1460,82.3,9.43,72.86,855861.9,64,64,262144,262144,0.0266,0.0133,0.0133,302,1,0.05,Benign,None,Benign,0
3002,UE_7,tcp,413,-60.21,33.53,0.0934,0.0934,318,318,0,12720,12720,0,40,0,3404.71,3404.71,0,1089507.49,128,0,1024,0,0,0,0,0,318,100,SYNFlood,Hping3,Malicious,1
4104,UE_9,tcp,409.2,-54.41,38.81,0.0042,0.0042,2,1,1,84,44,40,44,40,476.19,238.1,238.1,160000,53,55,1024,0,0.0134,0,0,0,0,0,SYNScan,Nmap,Malicious,1
3641,UE_8,udp,403.8,-51.87,41.03,0.392,0.392,1052,1052,0,812565,812565,0,772.4,0,2683.67,2683.67,0,16582959.18,64,0,0,0,0,0,0,0,842,80,UDPFlood,Hping3,Malicious,1
2768,UE_6,tcp,321,-51.32,39.69,0.83,0.83,70,34,36,34231,11699,22532,344.1,625.9,84.34,40.96,43.37,329937.35,64,64,65535,65535,0.0276,0.0138,0.0138,318,1,0.05,Benign,None,Benign,0
4694,UE_10,tcp,440.7,-54.04,38.39,56.06,56.06,23,17,6,738,498,240,29.3,40,0.41,0.3,0.11,105.32,64,64,512,16384,0.113,0.0678,0.0452,128,0,0,SlowrateDoS,Slowloris,Malicious,1
1933,UE_4,udp,116.4,-40.7,52.67,0.204,0.204,5,3,2,309,200,109,66.8,54.6,24.51,14.71,9.8,12117.65,64,64,0,0,0,0,0,284,0,0,Benign,None,Benign,0
543,UE_2,tcp,235.5,-52.79,40.97,8.759,8.759,404,48,356,437265,4440,432825,92.5,1215.8,46.12,5.48,40.64,399374.36,64,64,131072,131072,0.024,0.012,0.012,427,1,0.05,Benign,None,Benign,0
3020,UE_7,tcp,413,-59.12,33.46,0.1075,0.1075,293,293,0,11720,11720,0,40,0,2725.58,2725.58,0,872186.05,128,0,1024,0,0,0,0,0,293,100,SYNFlood,Hping3,Malicious,1
1053,UE_3,udp,127.5,-41.94,51.43,3.047,3.047,296,146,150,48701,24221,24480,165.9,163.2,97.14,47.92,49.23,127866.1,64,64,0,0,0,0,0,423,1,0.05,Benign,None,Benign,0
1183,UE_3,udp,127.5,-42.34,51.03,2.264,2.264,158,81,77,27443,14361,13082,177.3,169.9,69.79,35.78,34.01,96971.73,64,64,0,0,0,0,0,157,1,0.05,Benign,None,Benign,0
1567,UE_4,udp,116.4,-40.92,52.33,0.093,0.093,5,3,2,304,199,105,66.4,52.5,53.76,32.26,21.51,26150.54,64,64,0,0,0,0,0,291,0,0,Benign,None,Benign,0
663,UE_2,tcp,235.5,-52.5,40.99,8.915,8.915,403,45,358,467917,3627,464290,80.6,1296.9,45.2,5.05,40.16,419891.87,64,64,131072,131072,0.017,0.0085,0.0085,380,0,0,Benign,None,Benign,0
3951,UE_8,udp,403.8,-52,40.46,0.239,0.239,1073,1073,0,880075,880075,0,820.2,0,4489.54,4489.54,0,29458577.41,64,0,0,0,0,0,0,0,858,80,UDPFlood,Hping3,Malicious,1
559,UE_2,tcp,235.5,-52.78,41.04,6.659,6.659,245,39,206,253658,3409,250249,87.4,1214.8,36.79,5.86,30.94,304740.05,64,64,131072,131072,0.0218,0.0109,0.0109,163,1,0.05,Benign,None,Benign,0
2615,UE_6,tcp,321,-51.49,39.69,1.841,1.841,64,39,25,30321,16528,13793,423.8,551.7,34.76,21.18,13.58,131758.83,64,64,65535,65535,0.0276,0.0138,0.0138,342,0,0,Benign,None,Benign,0
749,UE_2,tcp,235.5,-52.4,41.95,8.236,8.236,441,42,399,581458,4544,576914,108.2,1445.9,53.55,5.1,48.45,564796.5,64,64,131072,131072,0.0182,0.0091,0.0091,192,0,0,Benign,None,Benign,0
3112,UE_7,tcp,413,-60.17,33.95,0.0955,0.0955,970,970,0,38800,38800,0,40,0,10157.07,10157.07,0,3250261.78,128,0,1024,0,0,0,0,0,970,100,SYNFlood,Hping3,Malicious,1
2553,UE_6,tcp,321,-50.84,39.83,2.433,2.433,74,30,44,43809,13167,30642,438.9,696.4,30.42,12.33,18.08,144049.32,64,64,65535,65535,0.0328,0.0164,0.0164,217,0,0,Benign,None,Benign,0
3522,UE_8,udp,403.8,-51.99,41.23,0.228,0.228,652,652,0,344386,344386,0,528.2,0,2859.65,2859.65,0,12083719.3,64,0,0,0,0,0,0,0,522,80,UDPFlood,Hping3,Malicious,1
4209,UE_9,tcp,409.2,-54.84,38.79,0.0026,0.0026,1,1,0,44,44,0,44,0,384.62,384.62,0,135384.62,51,0,1024,0,0,0,0,0,1,100,SYNScan,Nmap,Malicious,1
1326,UE_3,udp,127.5,-43.25,50.57,4.697,4.697,141,68,73,24664,11750,12914,172.8,176.9,30.02,14.48,15.54,42008.09,64,64,0,0,0,0,0,345,0,0,Benign,None,Benign,0
4389,UE_9,tcp,409.2,-54.76,37.65,0.002,0.002,1,1,0,44,44,0,44,0,500,500,0,176000,47,0,1024,0,0,0,0,0,1,100,SYNScan,Nmap,Malicious,1
3229,UE_7,tcp,413,-59.38,34.05,0.0102,0.0102,691,691,0,27640,27640,0,40,0,67745.1,67745.1,0,21678431.37,128,0,1024,0,0,0,0,0,691,100,SYNFlood,Hping3,Malicious,1
3580,UE_8,udp,403.8,-53.41,40.93,0.472,0.472,2022,2022,0,1776529,1776529,0,878.6,0,4283.9,4283.9,0,30110661.02,64,0,0,0,0,0,0,0,1618,80,UDPFlood,Hping3,Malicious,1
242,UE_1,tcp,146.1,-43.63,48.22,1.278,1.278,45,11,34,45576,1947,43629,177,1283.2,35.21,8.61,26.6,285295.77,64,64,65535,65535,0.0317,0.0159,0.0159,244,0,0,Benign,None,Benign,0
3669,UE_8,udp,403.8,-52.47,40.26,0.267,0.267,1753,1753,0,1015688,1015688,0,579.4,0,6565.54,6565.54,0,30432599.25,64,0,0,0,0,0,0,0,1402,80,UDPFlood,Hping3,Malicious,1
1809,UE_4,udp,116.4,-39.84,51.98,0.094,0.094,4,3,1,324,266,58,88.7,58,42.55,31.91,10.64,27574.47,64,64,0,0,0,0,0,405,1,0.05,Benign,None,Benign,0
1236,UE_3,udp,127.5,-42.45,51.08,2.464,2.464,234,118,116,39618,20756,18862,175.9,162.6,94.97,47.89,47.08,128629.87,64,64,0,0,0,0,0,438,0,0,Benign,None,Benign,0
4105,UE_9,tcp,409.2,-55.57,39.03,0.0014,0.0014,1,1,0,44,44,0,44,0,714.29,714.29,0,251428.57,55,0,1024,0,0,0,0,0,1,100,SYNScan,Nmap,Malicious,1
2655,UE_6,tcp,321,-50.87,40.27,2.284,2.284,46,23,23,20233,10046,10187,436.8,442.9,20.14,10.07,10.07,70868.65,64,64,65535,65535,0.0367,0.0184,0.0184,455,0,0,Benign,None,Benign,0
4433,UE_9,tcp,409.2,-55.36,38.1,0.0049,0.0049,1,1,0,44,44,0,44,0,204.08,204.08,0,71836.73,59,0,1024,0,0,0,0,0,1,100,SYNScan,Nmap,Malicious,1
207,UE_1,tcp,146.1,-44.68,48.32,2.81,2.81,78,26,52,70320,4930,65390,189.6,1257.5,27.76,9.25,18.51,200199.29,64,64,65535,65535,0.031,0.0155,0.0155,238,1,0.05,Benign,None,Benign,0
1250,UE_3,udp,127.5,-40.86,51.09,4.95,4.95,254,129,125,43476,22988,20488,178.2,163.9,51.31,26.06,25.25,70264.24,64,64,0,0,0,0,0,354,0,0,Benign,None,Benign,0
4185,UE_9,tcp,409.2,-55.24,38.25,0.0028,0.0028,1,1,0,44,44,0,44,0,357.14,357.14,0,125714.29,56,0,1024,0,0,0,0,0,1,100,SYNScan,Nmap,Malicious,1
2097,UE_5,tcp,309,-53.91,38.91,9.286,9.286,585,95,490,721480,6080,715400,64,1460,63,10.23,52.77,621563.64,64,64,262144,262144,0.0153,0.0077,0.0077,414,0,0,Benign,None,Benign,0
4748,UE_10,tcp,440.7,-54.45,40.14,61.58,61.58,22,15,7,849,569,280,37.9,40,0.36,0.24,0.11,110.3,64,64,512,16384,0.1285,0.0771,0.0514,128,0,0,SlowrateDoS,Slowloris,Malicious,1
1559,UE_4,udp,116.4,-39.82,51.65,0.184,0.184,5,4,1,389,332,57,83.1,57.1,27.17,21.74,5.43,16913.04,64,64,0,0,0,0,0,211,1,0.05,Benign,None,Benign,0
522,UE_2,tcp,235.5,-51.11,40.93,5.337,5.337,285,74,211,292164,8369,283795,113.1,1345,53.4,13.87,39.54,437944.91,64,64,131072,131072,0.0111,0.0056,0.0056,154,0,0,Benign,None,Benign,0
2198,UE_5,tcp,309,-52.79,40.55,8.311,8.311,725,94,631,927276,6016,921260,64,1460,87.23,11.31,75.92,892577.07,64,64,262144,262144,0.0158,0.0079,0.0079,426,0,0,Benign,None,Benign,0
3749,UE_8,udp,403.8,-51.72,40.74,0.324,0.324,2136,2136,0,1147032,1147032,0,537,0,6592.59,6592.59,0,28321777.78,64,0,0,0,0,0,0,0,1709,80,UDPFlood,Hping3,Malicious,1
1492,UE_3,udp,127.5,-41.85,52.2,2.156,2.156,174,89,85,29520,15121,14399,169.9,169.4,80.71,41.28,39.42,109536.18,64,64,0,0,0,0,0,419,0,0,Benign,None,Benign,0
1886,UE_4,udp,116.4,-40.78,52.59,0.061,0.061,4,3,1,296,237,59,79,58.9,65.57,49.18,16.39,38819.67,64,64,0,0,0,0,0,361,0,0,Benign,None,Benign,0
3021,UE_7,tcp,413,-59.61,33.89,0.0965,0.0965,259,259,0,10360,10360,0,40,0,2683.94,2683.94,0,858860.1,128,0,1024,0,0,0,0,0,259,100,SYNFlood,Hping3,Malicious,1
4561,UE_10,tcp,440.7,-54.39,38.98,33.42,33.42,23,14,9,703,343,360,24.5,40,0.69,0.42,0.27,168.28,64,64,512,16384,0.142,0.0852,0.0568,128,0,0,SlowrateDoS,Slowloris,Malicious,1
4038,UE_9,tcp,409.2,-55.41,38.88,0.0029,0.0029,1,1,0,44,44,0,44,0,344.83,344.83,0,121379.31,55,0,1024,0,0,0,0,0,1,100,SYNScan,Nmap,Malicious,1
1040,UE_3,udp,127.5,-41.68,51.64,1.518,1.518,264,134,130,44132,21668,22464,161.7,172.8,173.91,88.27,85.64,232579.71,64,64,0,0,0,0,0,252,1,0.05,Benign,None,Benign,0
4586,UE_10,tcp,440.7,-53.04,38.68,37.79,37.79,18,12,6,556,316,240,26.3,40,0.48,0.32,0.16,117.7,64,64,512,16384,0.153,0.0918,0.0612,128,0,0,SlowrateDoS,Slowloris,Malicious,1
4357,UE_9,tcp,409.2,-54.3,39.33,0.0025,0.0025,1,1,0,44,44,0,44,0,400,400,0,140800,48,0,1024,0,0,0,0,0,1,100,SYNScan,Nmap,Malicious,1
4967,UE_10,tcp,440.7,-53.54,38.83,61.54,61.54,24,17,7,907,627,280,36.9,40,0.39,0.28,0.11,117.91,64,64,512,16384,0.1,0.06,0.04,128,0,0,SlowrateDoS,Slowloris,Malicious,1
1349,UE_3,udp,127.5,-42.2,51.66,3.135,3.135,301,149,152,52165,26507,25658,177.9,168.8,96.01,47.53,48.48,133116.43,64,64,0,0,0,0,0,451,0,0,Benign,None,Benign,0
3780,UE_8,udp,403.8,-52.38,41.59,0.353,0.353,2414,2414,0,1404465,1404465,0,581.8,0,6838.53,6838.53,0,31829235.13,64,0,0,0,0,0,0,0,1931,80,UDPFlood,Hping3,Malicious,1
1596,UE_4,udp,116.4,-40.62,52.11,0.122,0.122,4,3,1,343,287,56,95.6,56,32.79,24.59,8.2,22491.8,64,64,0,0,0,0,0,247,0,0,Benign,None,Benign,0
2040,UE_5,tcp,309,-53.06,39.81,3.272,3.272,914,83,831,1218572,5312,1213260,64,1460,279.34,25.37,253.97,2979393.64,64,64,262144,262144,0.0197,0.0099,0.0099,426,0,0,Benign,None,Benign,0
3599,UE_8,udp,403.8,-51.52,41.49,0.44,0.44,2325,2325,0,1356173,1356173,0,583.3,0,5284.09,5284.09,0,24657690.91,64,0,0,0,0,0,0,0,1860,80,UDPFlood,Hping3,Malicious,1
565,UE_2,tcp,235.5,-52.11,40.24,3.254,3.254,392,64,328,427057,7053,420004,110.2,1280.5,120.47,19.67,100.8,1049925.02,64,64,131072,131072,0.019,0.0095,0.0095,376,0,0,Benign,None,Benign,0
2046,UE_5,tcp,309,-53.71,40.43,5.796,5.796,506,99,407,600556,6336,594220,64,1460,87.3,17.08,70.22,828924.78,64,64,262144,262144,0.0197,0.0099,0.0099,511,0,0,Benign,None,Benign,0
2830,UE_6,tcp,321,-51.74,40.08,2.395,2.395,44,21,23,22468,10273,12195,489.2,530.2,18.37,8.77,9.6,75049.69,64,64,65535,65535,0.0249,0.0125,0.0125,496,1,0.05,Benign,None,Benign,0
3778,UE_8,udp,403.8,-52.36,40.4,0.124,0.124,673,673,0,620843,620843,0,922.5,0,5427.42,5427.42,0,40054387.1,64,0,0,0,0,0,0,0,538,80,UDPFlood,Hping3,Malicious,1
2387,UE_5,tcp,309,-53.16,39.78,4.481,4.481,912,78,834,1222632,4992,1217640,64,1460,203.53,17.41,186.12,2182784.2,64,64,262144,262144,0.0257,0.0129,0.0129,198,1,0.05,Benign,None,Benign,0
3015,UE_7,tcp,413,-60.9,34.07,0.0314,0.0314,615,615,0,24600,24600,0,40,0,19585.99,19585.99,0,6267515.92,128,0,1024,0,0,0,0,0,615,100,SYNFlood,Hping3,Malicious,1
460,UE_1,tcp,146.1,-44.29,47.77,3.149,3.149,82,29,53,57788,7093,50695,244.6,956.5,26.04,9.21,16.83,146809.78,64,64,65535,65535,0.0408,0.0204,0.0204,494,0,0,Benign,None,Benign,0
2710,UE_6,tcp,321,-51.19,39.59,3.23,3.23,52,20,32,21506,6380,15126,319,472.7,16.1,6.19,9.91,53265.63,64,64,65535,65535,0.0294,0.0147,0.0147,278,1,0.05,Benign,None,Benign,0
803,UE_2,tcp,235.5,-53.51,41.23,7.837,7.837,448,32,416,550829,3664,547165,114.5,1315.3,57.16,4.08,53.08,562285.57,64,64,131072,131072,0.0217,0.0109,0.0109,382,1,0.05,Benign,None,Benign,0
3877,UE_8,udp,403.8,-53.43,40.31,0.33,0.33,1832,1832,0,1098650,1098650,0,599.7,0,5551.52,5551.52,0,26633939.39,64,0,0,0,0,0,0,0,1466,80,UDPFlood,Hping3,Malicious,1
272,UE_1,tcp,146.1,-45.53,48.79,3.197,3.197,50,16,34,36007,3867,32140,241.7,945.3,15.64,5,10.63,90101.97,64,64,65535,65535,0.0291,0.0146,0.0146,372,0,0,Benign,None,Benign,0
124,UE_1,tcp,146.1,-44.4,47.51,3.69,3.69,56,18,38,34498,2722,31776,151.2,836.2,15.18,4.88,10.3,74792.41,64,64,65535,65535,0.0268,0.0134,0.0134,352,0,0,Benign,None,Benign,0
4571,UE_10,tcp,440.7,-54.16,38.26,40.37,40.37,17,12,5,654,454,200,37.8,40,0.42,0.3,0.12,129.6,64,64,512,16384,0.1379,0.0827,0.0552,128,0,0,SlowrateDoS,Slowloris,Malicious,1
4394,UE_9,tcp,409.2,-55.64,39.08,0.0043,0.0043,1,1,0,44,44,0,44,0,232.56,232.56,0,81860.47,54,0,1024,0,0,0,0,0,1,100,SYNScan,Nmap,Malicious,1
1843,UE_4,udp,116.4,-39.1,51.54,0.205,0.205,3,2,1,240,186,54,93,53.8,14.63,9.76,4.88,9365.85,64,64,0,0,0,0,0,456,1,0.05,Benign,None,Benign,0
2232,UE_5,tcp,309,-52.35,39.44,11.055,11.055,810,48,762,1115592,3072,1112520,64,1460,73.27,4.34,68.93,807303.12,64,64,262144,262144,0.0257,0.0129,0.0129,227,1,0.05,Benign,None,Benign,0
1187,UE_3,udp,127.5,-41.99,51.72,2.996,2.996,205,101,104,36390,17857,18533,176.8,178.2,68.42,33.71,34.71,97169.56,64,64,0,0,0,0,0,411,0,0,Benign,None,Benign,0
1543,UE_4,udp,116.4,-40.62,52.31,0.092,0.092,2,1,1,139,82,57,81.9,56.7,21.74,10.87,10.87,12086.96,64,64,0,0,0,0,0,512,0,0,Benign,None,Benign,0
4731,UE_10,tcp,440.7,-54.08,39.1,29.67,29.67,20,10,10,683,283,400,28.3,40,0.67,0.34,0.34,184.16,64,64,512,16384,0.0803,0.0482,0.0321,128,0,0,SlowrateDoS,Slowloris,Malicious,1
792,UE_2,tcp,235.5,-52.31,41,8.06,8.06,430,67,363,461425,5896,455529,88,1254.9,53.35,8.31,45.04,457990.07,64,64,131072,131072,0.0238,0.0119,0.0119,187,1,0.05,Benign,None,Benign,0
3505,UE_8,udp,403.8,-52.51,40.34,0.416,0.416,2275,2275,0,1917598,1917598,0,842.9,0,5468.75,5468.75,0,36876884.62,64,0,0,0,0,0,0,0,1820,80,UDPFlood,Hping3,Malicious,1
3274,UE_7,tcp,413,-60.45,33.84,0.1049,0.1049,972,972,0,38880,38880,0,40,0,9265.97,9265.97,0,2965109.63,128,0,1024,0,0,0,0,0,972,100,SYNFlood,Hping3,Malicious,1
1263,UE_3,udp,127.5,-42.39,50.92,5.566,5.566,142,73,69,23431,11687,11744,160.1,170.2,25.51,13.12,12.4,33677.33,64,64,0,0,0,0,0,448,0,0,Benign,None,Benign,0
2423,UE_5,tcp,309,-53.48,40.13,5.733,5.733,814,64,750,1099096,4096,1095000,64,1460,141.98,11.16,130.82,1533711.49,64,64,262144,262144,0.0131,0.0066,0.0066,303,0,0,Benign,None,Benign,0
2597,UE_6,tcp,321,-51.03,40.15,2.391,2.391,65,38,27,33552,14930,18622,392.9,689.7,27.19,15.89,11.29,112260.98,64,64,65535,65535,0.0275,0.0138,0.0138,340,0,0,Benign,None,Benign,0
2069,UE_5,tcp,309,-52.58,40.23,8.977,8.977,609,52,557,816548,3328,813220,64,1460,67.84,5.79,62.05,727680.07,64,64,262144,262144,0.0224,0.0112,0.0112,387,0,0,Benign,None,Benign,0
3053,UE_7,tcp,413,-59.75,34.03,0.0162,0.0162,564,564,0,22560,22560,0,40,0,34814.81,34814.81,0,11140740.74,128,0,1024,0,0,0,0,0,564,100,SYNFlood,Hping3,Malicious,1
4112,UE_9,tcp,409.2,-55.03,38.95,0.0014,0.0014,1,1,0,44,44,0,44,0,714.29,714.29,0,251428.57,58,0,1024,0,0,0,0,0,1,100,SYNScan,Nmap,Malicious,1
2095,UE_5,tcp,309,-53.21,39.84,10.652,10.652,487,84,403,593756,5376,588380,64,1460,45.72,7.89,37.83,445930.15,64,64,262144,262144,0.0211,0.0106,0.0106,152,1,0.05,Benign,None,Benign,0
421,UE_1,tcp,146.1,-43.91,48.24,1.504,1.504,56,13,43,45733,3210,42523,246.9,988.9,37.23,8.64,28.59,243260.64,64,64,65535,65535,0.0169,0.0085,0.0085,286,1,0.05,Benign,None,Benign,0
367,UE_1,tcp,146.1,-44.19,48.48,4.289,4.289,83,33,50,52904,5864,47040,177.7,940.8,19.35,7.69,11.66,98678.48,64,64,65535,65535,0.0439,0.022,0.022,250,1,0.05,Benign,None,Benign,0
1474,UE_3,udp,127.5,-42.7,51.1,1.645,1.645,189,96,93,31089,16032,15057,167,161.9,114.89,58.36,56.53,151192.71,64,64,0,0,0,0,0,199,0,0,Benign,None,Benign,0
3753,UE_8,udp,403.8,-52.23,40.11,0.105,0.105,1092,1092,0,825989,825989,0,756.4,0,10400,10400,0,62932495.24,64,0,0,0,0,0,0,0,874,80,UDPFlood,Hping3,Malicious,1
955,UE_2,tcp,235.5,-52.8,41.51,9.227,9.227,480,35,445,617615,4004,613611,114.4,1378.9,52.02,3.79,48.23,535484.99,64,64,131072,131072,0.0288,0.0144,0.0144,397,0,0,Benign,None,Benign,0
4761,UE_10,tcp,440.7,-53.38,39.47,48.41,48.41,27,17,10,1015,615,400,36.2,40,0.56,0.35,0.21,167.73,64,64,512,16384,0.0901,0.0541,0.036,128,0,0,SlowrateDoS,Slowloris,Malicious,1
4053,UE_9,tcp,409.2,-54.91,38.7,0.0016,0.0016,1,1,0,44,44,0,44,0,625,625,0,220000,48,0,1024,0,0,0,0,0,1,100,SYNScan,Nmap,Malicious,1
4921,UE_10,tcp,440.7,-53.89,39.44,45.56,45.56,16,10,6,603,363,240,36.3,40,0.35,0.22,0.13,105.88,64,64,512,16384,0.0828,0.0497,0.0331,128,0,0,SlowrateDoS,Slowloris,Malicious,1
4769,UE_10,tcp,440.7,-55.53,39.9,56.68,56.68,16,9,7,624,344,280,38.2,40,0.28,0.16,0.12,88.07,64,64,512,16384,0.1578,0.0947,0.0631,128,0,0,SlowrateDoS,Slowloris,Malicious,1
1334,UE_3,udp,127.5,-42.23,50.44,2.136,2.136,98,50,48,17317,8970,8347,179.4,173.9,45.88,23.41,22.47,64857.68,64,64,0,0,0,0,0,314,1,0.05,Benign,None,Benign,0
91,UE_1,tcp,146.1,-44.1,48.19,2.667,2.667,56,26,30,40786,4261,36525,163.9,1217.5,21,9.75,11.25,122342.71,64,64,65535,65535,0.0445,0.0223,0.0223,136,0,0,Benign,None,Benign,0
1616,UE_4,udp,116.4,-40.76,52.34,0.072,0.072,3,2,1,250,191,59,95.3,58.8,41.67,27.78,13.89,27777.78,64,64,0,0,0,0,0,465,1,0.05,Benign,None,Benign,0
2217,UE_5,tcp,309,-52.97,39.81,5.781,5.781,624,67,557,817508,4288,813220,64,1460,107.94,11.59,96.35,1131303.23,64,64,262144,262144,0.0264,0.0132,0.0132,467,1,0.05,Benign,None,Benign,0
3781,UE_8,udp,403.8,-51.86,40.65,0.576,0.576,1417,1417,0,1110078,1110078,0,783.4,0,2460.07,2460.07,0,15417750,64,0,0,0,0,0,0,0,1134,80,UDPFlood,Hping3,Malicious,1
4361,UE_9,tcp,409.2,-55.59,38.78,0.0015,0.0015,1,1,0,44,44,0,44,0,666.67,666.67,0,234666.67,48,0,1024,0,0,0,0,0,1,100,SYNScan,Nmap,Malicious,1
1670,UE_4,udp,116.4,-40.72,52.71,0.109,0.109,3,1,2,190,86,104,85.7,51.8,27.52,9.17,18.35,13944.95,64,64,0,0,0,0,0,488,0,0,Benign,None,Benign,0
3612,UE_8,udp,403.8,-53.06,40.3,0.374,0.374,948,948,0,523675,523675,0,552.4,0,2534.76,2534.76,0,11201604.28,64,0,0,0,0,0,0,0,758,80,UDPFlood,Hping3,Malicious,1
3170,UE_7,tcp,413,-59.41,33.16,0.0392,0.0392,848,848,0,33920,33920,0,40,0,21632.65,21632.65,0,6922448.98,128,0,1024,0,0,0,0,0,848,100,SYNFlood,Hping3,Malicious,1
2720,UE_6,tcp,321,-51.14,39.99,2.821,2.821,71,26,45,31055,9149,21906,351.9,486.8,25.17,9.22,15.95,88068.06,64,64,65535,65535,0.0369,0.0185,0.0185,488,0,0,Benign,None,Benign,0
4614,UE_10,tcp,440.7,-53.66,38.63,39.57,39.57,18,12,6,719,479,240,39.9,40,0.45,0.3,0.15,145.36,64,64,512,16384,0.1381,0.0829,0.0552,128,0,0,SlowrateDoS,Slowloris,Malicious,1
464,UE_1,tcp,146.1,-45.06,48.19,4.346,4.346,72,27,45,46380,4782,41598,177.1,924.4,16.57,6.21,10.35,85375.06,64,64,65535,65535,0.0433,0.0217,0.0217,469,0,0,Benign,None,Benign,0
3762,UE_8,udp,403.8,-52.01,40.82,0.575,0.575,1945,1945,0,1717435,1717435,0,883,0,3382.61,3382.61,0,23894747.83,64,0,0,0,0,0,0,0,1556,80,UDPFlood,Hping3,Malicious,1
2458,UE_5,tcp,309,-54.04,40.3,12.147,12.147,675,73,602,883592,4672,878920,64,1460,55.57,6.01,49.56,581932.66,64,64,262144,262144,0.0164,0.0082,0.0082,327,1,0.05,Benign,None,Benign,0
240,UE_1,tcp,146.1,-44.45,48.12,4.324,4.324,74,18,56,71735,3785,67950,210.3,1213.4,17.11,4.16,12.95,132719.7,64,64,65535,65535,0.0445,0.0223,0.0223,474,0,0,Benign,None,Benign,0
3844,UE_8,udp,403.8,-52.1,40.66,0.574,0.574,2373,2373,0,1901960,1901960,0,801.5,0,4134.15,4134.15,0,26508153.31,64,0,0,0,0,0,0,0,1898,80,UDPFlood,Hping3,Malicious,1
4035,UE_9,tcp,409.2,-56.17,38.9,0.003,0.003,1,1,0,44,44,0,44,0,333.33,333.33,0,117333.33,50,0,1024,0,0,0,0,0,1,100,SYNScan,Nmap,Malicious,1
3401,UE_7,tcp,413,-60.61,33.29,0.0474,0.0474,598,598,0,23920,23920,0,40,0,12616.03,12616.03,0,4037130.8,128,0,1024,0,0,0,0,0,598,100,SYNFlood,Hping3,Malicious,1
4977,UE_10,tcp,440.7,-54.33,40,57,57,26,20,6,740,500,240,25,40,0.46,0.35,0.11,103.86,64,64,512,16384,0.1465,0.0879,0.0586,128,0,0,SlowrateDoS,Slowloris,Malicious,1
950,UE_2,tcp,235.5,-52.11,41.17,7.526,7.526,321,57,264,364745,5335,359410,93.6,1361.4,42.65,7.57,35.08,387717.25,64,64,131072,131072,0.0278,0.0139,0.0139,448,0,0,Benign,None,Benign,0
199,UE_1,tcp,146.1,-43.72,47.84,1.889,1.889,53,33,20,32775,7141,25634,216.4,1281.7,28.06,17.47,10.59,138803.6,64,64,65535,65535,0.0318,0.0159,0.0159,332,0,0,Benign,None,Benign,0
1290,UE_3,udp,127.5,-42.33,51.24,1.865,1.865,235,118,117,40712,20272,20440,171.8,174.7,126.01,63.27,62.73,174635.92,64,64,0,0,0,0,0,482,0,0,Benign,None,Benign,0
2002,UE_5,tcp,309,-53.08,40.57,9.38,9.38,739,63,676,990992,4032,986960,64,1460,78.78,6.72,72.07,845195.74,64,64,262144,262144,0.0166,0.0083,0.0083,242,0,0,Benign,None,Benign,0
4658,UE_10,tcp,440.7,-54.67,39.13,53.9,53.9,20,16,4,714,554,160,34.6,40,0.37,0.3,0.07,105.97,64,64,512,16384,0.2196,0.1318,0.0878,128,0,0,SlowrateDoS,Slowloris,Malicious,1
3597,UE_8,udp,403.8,-52.36,40.53,0.258,0.258,914,914,0,660548,660548,0,722.7,0,3542.64,3542.64,0,20482108.53,64,0,0,0,0,0,0,0,731,80,UDPFlood,Hping3,Malicious,1
1057,UE_3,udp,127.5,-41.07,50.77,5.954,5.954,195,97,98,32855,16548,16307,170.6,166.4,32.75,16.29,16.46,44145.11,64,64,0,0,0,0,0,445,0,0,Benign,None,Benign,0
1816,UE_4,udp,116.4,-39.99,52.8,0.071,0.071,3,1,2,184,74,110,74.3,54.8,42.25,14.08,28.17,20732.39,64,64,0,0,0,0,0,184,0,0,Benign,None,Benign,0
1503,UE_4,udp,116.4,-40.4,52.53,0.185,0.185,5,3,2,381,277,104,92.3,52,27.03,16.22,10.81,16475.68,64,64,0,0,0,0,0,278,1,0.05,Benign,None,Benign,0
4463,UE_9,tcp,409.2,-55.53,38.03,0.0024,0.0024,1,1,0,44,44,0,44,0,416.67,416.67,0,146666.67,57,0,1024,0,0,0,0,0,1,100,SYNScan,Nmap,Malicious,1
874,UE_2,tcp,235.5,-52.61,40.92,3.012,3.012,433,54,379,507051,4876,502175,90.3,1325,143.76,17.93,125.83,1346749,64,64,131072,131072,0.0298,0.0149,0.0149,180,0,0,Benign,None,Benign,0
4918,UE_10,tcp,440.7,-54.44,40.21,42.61,42.61,30,20,10,1110,710,400,35.5,40,0.7,0.47,0.23,208.4,64,64,512,16384,0.1537,0.0922,0.0615,128,0,0,SlowrateDoS,Slowloris,Malicious,1
972,UE_2,tcp,235.5,-52.67,41.05,7.565,7.565,390,77,313,391386,8524,382862,110.7,1223.2,51.55,10.18,41.37,413891.34,64,64,131072,131072,0.0142,0.0071,0.0071,268,0,0,Benign,None,Benign,0
4703,UE_10,tcp,440.7,-54.06,39.79,30.82,30.82,23,15,8,896,576,320,38.4,40,0.75,0.49,0.26,232.58,64,64,512,16384,0.1579,0.0947,0.0632,128,0,0,SlowrateDoS,Slowloris,Malicious,1
1803,UE_4,udp,116.4,-40.41,53.04,0.207,0.207,4,2,2,268,167,101,83.5,50.7,19.32,9.66,9.66,10357.49,64,64,0,0,0,0,0,339,0,0,Benign,None,Benign,0
3064,UE_7,tcp,413,-59.09,33.64,0.1074,0.1074,755,755,0,30200,30200,0,40,0,7029.8,7029.8,0,2249534.45,128,0,1024,0,0,0,0,0,755,100,SYNFlood,Hping3,Malicious,1
3384,UE_7,tcp,413,-59.5,34,0.0723,0.0723,521,521,0,20840,20840,0,40,0,7206.09,7206.09,0,2305947.44,128,0,1024,0,0,0,0,0,521,100,SYNFlood,Hping3,Malicious,1
3190,UE_7,tcp,413,-60.05,33.97,0.0372,0.0372,419,419,0,16760,16760,0,40,0,11263.44,11263.44,0,3604301.08,128,0,1024,0,0,0,0,0,419,100,SYNFlood,Hping3,Malicious,1
4982,UE_10,tcp,440.7,-54.63,39.14,59.95,59.95,19,15,4,642,482,160,32.1,40,0.32,0.25,0.07,85.67,64,64,512,16384,0.1984,0.119,0.0794,128,0,0,SlowrateDoS,Slowloris,Malicious,1
1609,UE_4,udp,116.4,-40.13,51.44,0.153,0.153,3,2,1,219,157,62,78.5,62,19.61,13.07,6.54,11450.98,64,64,0,0,0,0,0,230,0,0,Benign,None,Benign,0
134,UE_1,tcp,146.1,-44.53,47.53,1.343,1.343,71,26,45,44767,5806,38961,223.3,865.8,52.87,19.36,33.51,266668.65,64,64,65535,65535,0.0365,0.0183,0.0183,356,1,0.05,Benign,None,Benign,0
4402,UE_9,tcp,409.2,-54.75,38.62,0.0017,0.0017,1,1,0,44,44,0,44,0,588.24,588.24,0,207058.82,48,0,1024,0,0,0,0,0,1,100,SYNScan,Nmap,Malicious,1
1855,UE_4,udp,116.4,-40.23,52.59,0.172,0.172,4,2,2,316,190,126,95.1,63.1,23.26,11.63,11.63,14697.67,64,64,0,0,0,0,0,137,0,0,Benign,None,Benign,0
2272,UE_5,tcp,309,-52.84,39.5,4.247,4.247,889,97,792,1162528,6208,1156320,64,1460,209.32,22.84,186.48,2189833.77,64,64,262144,262144,0.0203,0.0102,0.0102,435,0,0,Benign,None,Benign,0
1529,UE_4,udp,116.4,-40.72,52.31,0.123,0.123,6,4,2,430,307,123,76.8,61.4,48.78,32.52,16.26,27967.48,64,64,0,0,0,0,0,435,1,0.05,Benign,None,Benign,0
1891,UE_4,udp,116.4,-40.2,52.83,0.172,0.172,3,2,1,236,172,64,86,63.9,17.44,11.63,5.81,10976.74,64,64,0,0,0,0,0,502,1,0.05,Benign,None,Benign,0
499,UE_1,tcp,146.1,-43.97,48.32,3.404,3.404,45,13,32,37272,2642,34630,203.2,1082.2,13.22,3.82,9.4,87595.77,64,64,65535,65535,0.033,0.0165,0.0165,227,0,0,Benign,None,Benign,0
2716,UE_6,tcp,321,-51.99,39.45,1.952,1.952,68,42,26,30469,18829,11640,448.3,447.7,34.84,21.52,13.32,124872.95,64,64,65535,65535,0.0354,0.0177,0.0177,383,0,0,Benign,None,Benign,0
3474,UE_7,tcp,413,-59.58,33.61,0.0917,0.0917,234,234,0,9360,9360,0,40,0,2551.8,2551.8,0,816575.79,128,0,1024,0,0,0,0,0,234,100,SYNFlood,Hping3,Malicious,1
2238,UE_5,tcp,309,-52.76,39.73,9.899,9.899,865,58,807,1181932,3712,1178220,64,1460,87.38,5.86,81.52,955193.05,64,64,262144,262144,0.0153,0.0077,0.0077,354,0,0,Benign,None,Benign,0
3091,UE_7,tcp,413,-60.06,34.07,0.0769,0.0769,822,822,0,32880,32880,0,40,0,10689.21,10689.21,0,3420546.16,128,0,1024,0,0,0,0,0,822,100,SYNFlood,Hping3,Malicious,1
1051,UE_3,udp,127.5,-42.07,51.01,1.355,1.355,275,140,135,48152,24500,23652,175,175.2,202.95,103.32,99.63,284292.25,64,64,0,0,0,0,0,422,0,0,Benign,None,Benign,0
2189,UE_5,tcp,309,-52.48,40.07,12.713,12.713,882,61,821,1202564,3904,1198660,64,1460,69.38,4.8,64.58,756746.01,64,64,262144,262144,0.0134,0.0067,0.0067,179,0,0,Benign,None,Benign,0
4611,UE_10,tcp,440.7,-54.19,38.82,34.79,34.79,28,16,12,971,491,480,30.7,40,0.8,0.46,0.34,223.28,64,64,512,16384,0.1641,0.0985,0.0656,128,0,0,SlowrateDoS,Slowloris,Malicious,1
416,UE_1,tcp,146.1,-44.39,48.47,0.603,0.603,55,17,38,50149,3599,46550,211.7,1225,91.21,28.19,63.02,665326.7,64,64,65535,65535,0.0209,0.0105,0.0105,366,0,0,Benign,None,Benign,0
1553,UE_4,udp,116.4,-40.66,52.18,0.068,0.068,2,1,1,135,86,49,86.1,48.5,29.41,14.71,14.71,15882.35,64,64,0,0,0,0,0,134,0,0,Benign,None,Benign,0
1362,UE_3,udp,127.5,-41.66,51,2.55,2.55,176,89,87,29724,15726,13998,176.7,160.9,69.02,34.9,34.12,93251.76,64,64,0,0,0,0,0,414,1,0.05,Benign,None,Benign,0
724,UE_2,tcp,235.5,-53.22,40.71,9.826,9.826,334,38,296,407990,3595,404395,94.6,1366.2,33.99,3.87,30.12,332171.79,64,64,131072,131072,0.0126,0.0063,0.0063,317,0,0,Benign,None,Benign,0
802,UE_2,tcp,235.5,-52.3,41.35,6.682,6.682,344,48,296,370567,4445,366122,92.6,1236.9,51.48,7.18,44.3,443659.98,64,64,131072,131072,0.0143,0.0072,0.0072,224,0,0,Benign,None,Benign,0
4684,UE_10,tcp,440.7,-55.34,39.63,50.23,50.23,21,14,7,795,515,280,36.8,40,0.42,0.28,0.14,126.62,64,64,512,16384,0.1316,0.079,0.0526,128,0,0,SlowrateDoS,Slowloris,Malicious,1
1337,UE_3,udp,127.5,-41.12,52.52,3.628,3.628,117,59,58,20007,10124,9883,171.6,170.4,32.25,16.26,15.99,44116.87,64,64,0,0,0,0,0,194,0,0,Benign,None,Benign,0
1882,UE_4,udp,116.4,-40.5,52.51,0.159,0.159,5,4,1,326,264,62,66,61.5,31.45,25.16,6.29,16402.52,64,64,0,0,0,0,0,411,0,0,Benign,None,Benign,0
519,UE_2,tcp,235.5,-52.82,39.91,3.214,3.214,410,60,350,489613,5808,483805,96.8,1382.3,127.57,18.67,108.9,1218700.68,64,64,131072,131072,0.0182,0.0091,0.0091,352,1,0.05,Benign,None,Benign,0
2288,UE_5,tcp,309,-52.13,39.82,5.676,5.676,856,73,783,1147852,4672,1143180,64,1460,150.81,12.86,137.95,1617832.28,64,64,262144,262144,0.0167,0.0084,0.0084,266,0,0,Benign,None,Benign,0
1608,UE_4,udp,116.4,-41.04,51.88,0.229,0.229,6,4,2,427,324,103,80.9,51.5,26.2,17.47,8.73,14917.03,64,64,0,0,0,0,0,437,1,0.05,Benign,None,Benign,0
417,UE_1,tcp,146.1,-45,49.03,2.842,2.842,47,24,23,23349,3737,19612,155.7,852.7,16.54,8.44,8.09,65725.55,64,64,65535,65535,0.0326,0.0163,0.0163,169,0,0,Benign,None,Benign,0
1340,UE_3,udp,127.5,-41.71,52.14,5.427,5.427,117,56,61,19498,9274,10224,165.6,167.6,21.56,10.32,11.24,28742.21,64,64,0,0,0,0,0,489,0,0,Benign,None,Benign,0
506,UE_2,tcp,235.5,-53.27,40.79,5.374,5.374,317,32,285,387593,3299,384294,103.1,1348.4,58.99,5.95,53.03,576989.95,64,64,131072,131072,0.0166,0.0083,0.0083,452,0,0,Benign,None,Benign,0
3040,UE_7,tcp,413,-59.69,33.93,0.0777,0.0777,614,614,0,24560,24560,0,40,0,7902.19,7902.19,0,2528700.13,128,0,1024,0,0,0,0,0,614,100,SYNFlood,Hping3,Malicious,1
4931,UE_10,tcp,440.7,-54.45,39.19,61.66,61.66,17,10,7,605,325,280,32.5,40,0.28,0.16,0.11,78.49,64,64,512,16384,0.2264,0.1358,0.0906,128,0,0,SlowrateDoS,Slowloris,Malicious,1
2184,UE_5,tcp,309,-53.02,40.25,7.044,7.044,950,70,880,1289280,4480,1284800,64,1460,134.87,9.94,124.93,1464258.94,64,64,262144,262144,0.0266,0.0133,0.0133,160,0,0,Benign,None,Benign,0
1997,UE_4,udp,116.4,-39.97,53.31,0.229,0.229,6,4,2,383,261,122,65.2,60.8,26.2,17.47,8.73,13379.91,64,64,0,0,0,0,0,372,0,0,Benign,None,Benign,0
168,UE_1,tcp,146.1,-44.78,48.62,2.23,2.23,58,18,40,37604,3492,34112,194,852.8,26.01,8.07,17.94,134902.24,64,64,65535,65535,0.0342,0.0171,0.0171,339,1,0.05,Benign,None,Benign,0
4455,UE_9,tcp,409.2,-55.33,39.63,0.0019,0.0019,1,1,0,44,44,0,44,0,526.32,526.32,0,185263.16,60,0,1024,0,0,0,0,0,1,100,SYNScan,Nmap,Malicious,1
2098,UE_5,tcp,309,-53.36,39.12,7.32,7.32,783,59,724,1060816,3776,1057040,64,1460,106.97,8.06,98.91,1159361.75,64,64,262144,262144,0.0251,0.0126,0.0126,151,0,0,Benign,None,Benign,0
1201,UE_3,udp,127.5,-41.27,51.13,3.453,3.453,138,71,67,23045,11360,11685,160,174.4,39.97,20.56,19.4,53391.25,64,64,0,0,0,0,0,372,1,0.05,Benign,None,Benign,0
3,UE_1,tcp,146.1,-44.4,47.86,3.15,3.15,59,18,41,40273,3685,36588,204.7,892.4,18.73,5.71,13.02,102280.63,64,64,65535,65535,0.0441,0.0221,0.0221,478,0,0,Benign,None,Benign,0
3262,UE_7,tcp,413,-60.13,33.6,0.0641,0.0641,434,434,0,17360,17360,0,40,0,6770.67,6770.67,0,2166614.66,128,0,1024,0,0,0,0,0,434,100,SYNFlood,Hping3,Malicious,1
2737,UE_6,tcp,321,-52.04,38.94,1.653,1.653,74,33,41,29907,11227,18680,340.2,455.6,44.77,19.96,24.8,144740.47,64,64,65535,65535,0.044,0.022,0.022,440,0,0,Benign,None,Benign,0
2666,UE_6,tcp,321,-51.02,40.09,3.137,3.137,90,40,50,48674,16984,31690,424.6,633.8,28.69,12.75,15.94,124128.79,64,64,65535,65535,0.0336,0.0168,0.0168,460,0,0,Benign,None,Benign,0
3171,UE_7,tcp,413,-59.72,32.93,0.0382,0.0382,711,711,0,28440,28440,0,40,0,18612.57,18612.57,0,5956020.94,128,0,1024,0,0,0,0,0,711,100,SYNFlood,Hping3,Malicious,1
1140,UE_3,udp,127.5,-42.06,50.41,5.17,5.17,132,64,68,22278,11174,11104,174.6,163.3,25.53,12.38,13.15,34472.73,64,64,0,0,0,0,0,450,0,0,Benign,None,Benign,0
503,UE_2,tcp,235.5,-51.99,39.87,9.364,9.364,346,30,316,422336,3288,419048,109.6,1326.1,36.95,3.2,33.75,360816.74,64,64,131072,131072,0.0117,0.0059,0.0059,310,0,0,Benign,None,Benign,0
4767,UE_10,tcp,440.7,-54.1,39.58,38.15,38.15,31,20,11,1014,574,440,28.7,40,0.81,0.52,0.29,212.63,64,64,512,16384,0.1562,0.0937,0.0625,128,0,0,SlowrateDoS,Slowloris,Malicious,1
2701,UE_6,tcp,321,-51.24,39.34,2.121,2.121,90,41,49,49987,16716,33271,407.7,679,42.43,19.33,23.1,188541.25,64,64,65535,65535,0.0381,0.0191,0.0191,142,0,0,Benign,None,Benign,0
869,UE_2,tcp,235.5,-52.52,40.97,2.989,2.989,368,35,333,424455,3077,421378,87.9,1265.4,123.12,11.71,111.41,1136045.5,64,64,131072,131072,0.0135,0.0068,0.0068,185,0,0,Benign,None,Benign,0
3419,UE_7,tcp,413,-59.75,33.47,0.0174,0.0174,465,465,0,18600,18600,0,40,0,26724.14,26724.14,0,8551724.14,128,0,1024,0,0,0,0,0,465,100,SYNFlood,Hping3,Malicious,1
610,UE_2,tcp,235.5,-52.78,40.97,9.569,9.569,371,59,312,384355,4838,379517,82,1216.4,38.77,6.17,32.61,321333.47,64,64,131072,131072,0.0137,0.0069,0.0069,315,0,0,Benign,None,Benign,0
4677,UE_10,tcp,440.7,-53.76,39.52,31.48,31.48,21,11,10,764,364,400,33.1,40,0.67,0.35,0.32,194.16,64,64,512,16384,0.1678,0.1007,0.0671,128,0,0,SlowrateDoS,Slowloris,Malicious,1
90,UE_1,tcp,146.1,-44.58,48.37,4.294,4.294,54,29,25,32960,6867,26093,236.8,1043.7,12.58,6.75,5.82,61406.61,64,64,65535,65535,0.0418,0.0209,0.0209,295,0,0,Benign,None,Benign,0
1919,UE_4,udp,116.4,-39.75,51.85,0.168,0.168,5,3,2,301,198,103,65.9,51.5,29.76,17.86,11.9,14333.33,64,64,0,0,0,0,0,508,1,0.05,Benign,None,Benign,0
151,UE_1,tcp,146.1,-44.9,48.78,2.941,2.941,59,28,31,32047,5359,26688,191.4,860.9,20.06,9.52,10.54,87173.07,64,64,65535,65535,0.0204,0.0102,0.0102,335,0,0,Benign,None,Benign,0
1455,UE_3,udp,127.5,-41.01,51.66,3.932,3.932,111,57,54,18208,9228,8980,161.9,166.3,28.23,14.5,13.73,37045.78,64,64,0,0,0,0,0,465,0,0,Benign,None,Benign,0
909,UE_2,tcp,235.5,-52.11,40.84,5.274,5.274,370,57,313,392249,5694,386555,99.9,1235,70.16,10.81,59.35,594992.79,64,64,131072,131072,0.0199,0.01,0.01,264,0,0,Benign,None,Benign,0
3310,UE_7,tcp,413,-59.74,32.95,0.061,0.061,968,968,0,38720,38720,0,40,0,15868.85,15868.85,0,5078032.79,128,0,1024,0,0,0,0,0,968,100,SYNFlood,Hping3,Malicious,1
3417,UE_7,tcp,413,-59.84,33.32,0.0317,0.0317,442,442,0,17680,17680,0,40,0,13943.22,13943.22,0,4461829.65,128,0,1024,0,0,0,0,0,442,100,SYNFlood,Hping3,Malicious,1
3069,UE_7,tcp,413,-60.4,33.62,0.0526,0.0526,912,912,0,36480,36480,0,40,0,17338.4,17338.4,0,5548288.97,128,0,1024,0,0,0,0,0,912,100,SYNFlood,Hping3,Malicious,1
2479,UE_5,tcp,309,-53.19,39.89,8.967,8.967,970,83,887,1300332,5312,1295020,64,1460,108.17,9.26,98.92,1160104.38,64,64,262144,262144,0.0241,0.0121,0.0121,452,0,0,Benign,None,Benign,0
4768,UE_10,tcp,440.7,-54.64,39.39,52.33,52.33,20,9,11,742,302,440,33.5,40,0.38,0.17,0.21,113.43,64,64,512,16384,0.2284,0.137,0.0914,128,0,0,SlowrateDoS,Slowloris,Malicious,1
2767,UE_6,tcp,321,-50.72,40.07,1.48,1.48,73,41,32,32336,18118,14218,441.9,444.3,49.32,27.7,21.62,174789.19,64,64,65535,65535,0.0389,0.0195,0.0195,467,0,0,Benign,None,Benign,0
170,UE_1,tcp,146.1,-44.16,48.99,0.986,0.986,41,17,24,23672,3726,19946,219.2,831.1,41.58,17.24,24.34,192064.91,64,64,65535,65535,0.0303,0.0152,0.0152,220,0,0,Benign,None,Benign,0
3894,UE_8,udp,403.8,-51.28,40.14,0.596,0.596,541,541,0,337097,337097,0,623.1,0,907.72,907.72,0,4524791.95,64,0,0,0,0,0,0,0,433,80,UDPFlood,Hping3,Malicious,1
3444,UE_7,tcp,413,-59.56,34.5,0.1007,0.1007,293,293,0,11720,11720,0,40,0,2909.63,2909.63,0,931082.42,128,0,1024,0,0,0,0,0,293,100,SYNFlood,Hping3,Malicious,1
686,UE_2,tcp,235.5,-52.59,41.25,4.335,4.335,302,38,264,363463,4423,359040,116.4,1360,69.67,8.77,60.9,670750.63,64,64,131072,131072,0.0182,0.0091,0.0091,205,0,0,Benign,None,Benign,0
271,UE_1,tcp,146.1,-44.31,49.06,1.402,1.402,40,15,25,32951,3183,29768,212.2,1190.7,28.53,10.7,17.83,188022.82,64,64,65535,65535,0.0323,0.0162,0.0162,157,0,0,Benign,None,Benign,0
1085,UE_3,udp,127.5,-41.94,50.94,2.277,2.277,207,101,106,36169,17322,18847,171.5,177.8,90.91,44.36,46.55,127075.98,64,64,0,0,0,0,0,174,0,0,Benign,None,Benign,0
3103,UE_7,tcp,413,-59.61,33.87,0.0716,0.0716,293,293,0,11720,11720,0,40,0,4092.18,4092.18,0,1309497.21,128,0,1024,0,0,0,0,0,293,100,SYNFlood,Hping3,Malicious,1
2709,UE_6,tcp,321,-50.92,40.12,1.453,1.453,51,18,33,26954,8797,18157,488.7,550.2,35.1,12.39,22.71,148404.68,64,64,65535,65535,0.0359,0.018,0.018,319,1,0.05,Benign,None,Benign,0
258,UE_1,tcp,146.1,-44.77,48.82,0.515,0.515,66,16,50,45451,2906,42545,181.6,850.9,128.16,31.07,97.09,706034.95,64,64,65535,65535,0.0258,0.0129,0.0129,152,1,0.05,Benign,None,Benign,0
2054,UE_5,tcp,309,-53.1,40.41,3.107,3.107,660,93,567,833772,5952,827820,64,1460,212.42,29.93,182.49,2146822.01,64,64,262144,262144,0.026,0.013,0.013,418,0,0,Benign,None,Benign,0
3551,UE_8,udp,403.8,-52.49,40.97,0.511,0.511,1664,1664,0,1672486,1672486,0,1005.1,0,3256.36,3256.36,0,26183733.86,64,0,0,0,0,0,0,0,1331,80,UDPFlood,Hping3,Malicious,1
4127,UE_9,tcp,409.2,-55.13,38.46,0.005,0.005,1,1,0,44,44,0,44,0,200,200,0,70400,57,0,1024,0,0,0,0,0,1,100,SYNScan,Nmap,Malicious,1
3129,UE_7,tcp,413,-60.02,33.94,0.0863,0.0863,442,442,0,17680,17680,0,40,0,5121.67,5121.67,0,1638933.95,128,0,1024,0,0,0,0,0,442,100,SYNFlood,Hping3,Malicious,1
2661,UE_6,tcp,321,-51.13,39.94,1.56,1.56,51,26,25,26867,11560,15307,444.6,612.3,32.69,16.67,16.03,137779.49,64,64,65535,65535,0.025,0.0125,0.0125,499,0,0,Benign,None,Benign,0
3808,UE_8,udp,403.8,-52.43,40.38,0.548,0.548,537,537,0,488026,488026,0,908.8,0,979.93,979.93,0,7124467.15,64,0,0,0,0,0,0,0,430,80,UDPFlood,Hping3,Malicious,1
1303,UE_3,udp,127.5,-42.67,51.61,5.125,5.125,144,73,71,24586,12381,12205,169.6,171.9,28.1,14.24,13.85,38378.15,64,64,0,0,0,0,0,148,1,0.05,Benign,None,Benign,0
4310,UE_9,tcp,409.2,-54.11,38.68,0.0025,0.0025,1,1,0,44,44,0,44,0,400,400,0,140800,50,0,1024,0,0,0,0,0,1,100,SYNScan,Nmap,Malicious,1
1718,UE_4,udp,116.4,-40.52,51.54,0.117,0.117,5,3,2,386,270,116,90.1,58,42.74,25.64,17.09,26393.16,64,64,0,0,0,0,0,499,1,0.05,Benign,None,Benign,0
3707,UE_8,udp,403.8,-51.47,41.04,0.387,0.387,2187,2187,0,1412583,1412583,0,645.9,0,5651.16,5651.16,0,29200682.17,64,0,0,0,0,0,0,0,1750,80,UDPFlood,Hping3,Malicious,1
4189,UE_9,tcp,409.2,-54.96,39.16,0.0044,0.0044,1,1,0,44,44,0,44,0,227.27,227.27,0,80000,48,0,1024,0,0,0,0,0,1,100,SYNScan,Nmap,Malicious,1
4634,UE_10,tcp,440.7,-53.62,39.83,62.76,62.76,18,10,8,611,291,320,29.1,40,0.29,0.16,0.13,77.88,64,64,512,16384,0.1541,0.0925,0.0616,128,0,0,SlowrateDoS,Slowloris,Malicious,1
210,UE_1,tcp,146.1,-42.78,48.18,3.039,3.039,70,14,56,52040,2698,49342,192.7,881.1,23.03,4.61,18.43,136992.43,64,64,65535,65535,0.0154,0.0077,0.0077,506,1,0.05,Benign,None,Benign,0
3866,UE_8,udp,403.8,-51.72,41.04,0.296,0.296,1626,1626,0,1420311,1420311,0,873.5,0,5493.24,5493.24,0,38386783.78,64,0,0,0,0,0,0,0,1301,80,UDPFlood,Hping3,Malicious,1
3672,UE_8,udp,403.8,-51.66,41.09,0.551,0.551,1123,1123,0,1099192,1099192,0,978.8,0,2038.11,2038.11,0,15959230.49,64,0,0,0,0,0,0,0,898,80,UDPFlood,Hping3,Malicious,1
178,UE_1,tcp,146.1,-44.72,48.62,1.899,1.899,77,30,47,46749,5055,41694,168.5,887.1,40.55,15.8,24.75,196941.55,64,64,65535,65535,0.018,0.009,0.009,264,0,0,Benign,None,Benign,0
2928,UE_6,tcp,321,-51.24,40.1,1.543,1.543,59,35,24,25268,15243,10025,435.5,417.7,38.24,22.68,15.55,131007.13,64,64,65535,65535,0.0284,0.0142,0.0142,424,0,0,Benign,None,Benign,0
570,UE_2,tcp,235.5,-52.59,41.57,9.933,9.933,396,38,358,524884,4066,520818,107,1454.8,39.87,3.83,36.04,422739.56,64,64,131072,131072,0.0297,0.0149,0.0149,347,1,0.05,Benign,None,Benign,0
2961,UE_6,tcp,321,-51.49,38.8,2.405,2.405,57,27,30,28235,9299,18936,344.4,631.2,23.7,11.23,12.47,93921,64,64,65535,65535,0.0374,0.0187,0.0187,446,0,0,Benign,None,Benign,0
374,UE_1,tcp,146.1,-44.33,48.53,3.135,3.135,87,34,53,66839,7028,59811,206.7,1128.5,27.75,10.85,16.91,170562.04,64,64,65535,65535,0.042,0.021,0.021,260,1,0.05,Benign,None,Benign,0
3882,UE_8,udp,403.8,-52.47,40.51,0.402,0.402,1979,1979,0,1843636,1843636,0,931.6,0,4922.89,4922.89,0,36689273.63,64,0,0,0,0,0,0,0,1583,80,UDPFlood,Hping3,Malicious,1
2792,UE_6,tcp,321,-51.57,39.77,3.175,3.175,85,41,44,40747,20102,20645,490.3,469.2,26.77,12.91,13.86,102669.61,64,64,65535,65535,0.0354,0.0177,0.0177,379,0,0,Benign,None,Benign,0
3487,UE_7,tcp,413,-59.71,33.6,0.0296,0.0296,514,514,0,20560,20560,0,40,0,17364.86,17364.86,0,5556756.76,128,0,1024,0,0,0,0,0,514,100,SYNFlood,Hping3,Malicious,1
1822,UE_4,udp,116.4,-40.45,52.39,0.098,0.098,4,2,2,249,133,116,66.5,57.8,40.82,20.41,20.41,20326.53,64,64,0,0,0,0,0,312,1,0.05,Benign,None,Benign,0
2881,UE_6,tcp,321,-51.97,40.43,1.932,1.932,72,22,50,31053,9088,21965,413.1,439.3,37.27,11.39,25.88,128583.85,64,64,65535,65535,0.0302,0.0151,0.0151,321,1,0.05,Benign,None,Benign,0
2339,UE_5,tcp,309,-52.43,40.13,3.588,3.588,399,72,327,482028,4608,477420,64,1460,111.2,20.07,91.14,1074755.85,64,64,262144,262144,0.0124,0.0062,0.0062,289,1,0.05,Benign,None,Benign,0
3406,UE_7,tcp,413,-58.97,33.73,0.0854,0.0854,579,579,0,23160,23160,0,40,0,6779.86,6779.86,0,2169555.04,128,0,1024,0,0,0,0,0,579,100,SYNFlood,Hping3,Malicious,1
181,UE_1,tcp,146.1,-44,48.45,3.747,3.747,52,27,25,36563,4963,31600,183.8,1264,13.88,7.21,6.67,78063.52,64,64,65535,65535,0.0217,0.0109,0.0109,352,1,0.05,Benign,None,Benign,0
8,UE_1,tcp,146.1,-44.32,48.6,2.21,2.21,34,10,24,28368,1531,26837,153.1,1118.2,15.38,4.52,10.86,102689.59,64,64,65535,65535,0.0244,0.0122,0.0122,318,0,0,Benign,None,Benign,0
3773,UE_8,udp,403.8,-51.03,39.71,0.381,0.381,2079,2079,0,1325570,1325570,0,637.6,0,5456.69,5456.69,0,27833490.81,64,0,0,0,0,0,0,0,1663,80,UDPFlood,Hping3,Malicious,1
1971,UE_4,udp,116.4,-40.37,52.96,0.246,0.246,5,3,2,297,197,100,65.8,50.2,20.33,12.2,8.13,9658.54,64,64,0,0,0,0,0,426,0,0,Benign,None,Benign,0
1200,UE_3,udp,127.5,-42.96,51.46,2.99,2.99,167,83,84,29661,14650,15011,176.5,178.7,55.85,27.76,28.09,79360.54,64,64,0,0,0,0,0,370,1,0.05,Benign,None,Benign,0
481,UE_1,tcp,146.1,-45.14,48.21,3.554,3.554,72,12,60,73514,2258,71256,188.2,1187.6,20.26,3.38,16.88,165478.9,64,64,65535,65535,0.0253,0.0127,0.0127,492,0,0,Benign,None,Benign,0
1157,UE_3,udp,127.5,-41.75,51.35,3.884,3.884,131,66,65,21935,11015,10920,166.9,168,33.73,16.99,16.74,45180.23,64,64,0,0,0,0,0,277,0,0,Benign,None,Benign,0
3339,UE_7,tcp,413,-60.21,34.6,0.0697,0.0697,664,664,0,26560,26560,0,40,0,9526.54,9526.54,0,3048493.54,128,0,1024,0,0,0,0,0,664,100,SYNFlood,Hping3,Malicious,1
387,UE_1,tcp,146.1,-44.44,48.05,3.877,3.877,63,22,41,48525,3978,44547,180.8,1086.5,16.25,5.67,10.58,100128.97,64,64,65535,65535,0.0248,0.0124,0.0124,480,0,0,Benign,None,Benign,0
1179,UE_3,udp,127.5,-41.97,51.01,3.513,3.513,159,77,82,26254,13036,13218,169.3,161.2,45.26,21.92,23.34,59787.08,64,64,0,0,0,0,0,191,0,0,Benign,None,Benign,0
2951,UE_6,tcp,321,-51.6,39.42,1.518,1.518,67,36,31,26357,11750,14607,326.4,471.2,44.14,23.72,20.42,138903.82,64,64,65535,65535,0.0361,0.0181,0.0181,487,0,0,Benign,None,Benign,0
1071,UE_3,udp,127.5,-41.7,50.68,3.69,3.69,228,116,112,38406,19848,18558,171.1,165.7,61.79,31.44,30.35,83265.04,64,64,0,0,0,0,0,354,0,0,Benign,None,Benign,0
2008,UE_5,tcp,309,-53.2,39.9,8.433,8.433,553,90,463,681740,5760,675980,64,1460,65.58,10.67,54.9,646735.44,64,64,262144,262144,0.0255,0.0128,0.0128,148,1,0.05,Benign,None,Benign,0
1044,UE_3,udp,127.5,-42,51.22,1.809,1.809,173,87,86,29682,14546,15136,167.2,176,95.63,48.09,47.54,131263.68,64,64,0,0,0,0,0,503,1,0.05,Benign,None,Benign,0
4343,UE_9,tcp,409.2,-55.68,39.05,0.0036,0.0036,1,1,0,44,44,0,44,0,277.78,277.78,0,97777.78,57,0,1024,0,0,0,0,0,1,100,SYNScan,Nmap,Malicious,1
3684,UE_8,udp,403.8,-52.48,40.61,0.311,0.311,1070,1070,0,982902,982902,0,918.6,0,3440.51,3440.51,0,25283652.73,64,0,0,0,0,0,0,0,856,80,UDPFlood,Hping3,Malicious,1
169,UE_1,tcp,146.1,-44.51,48.51,0.745,0.745,68,30,38,53975,4674,49301,155.8,1297.4,91.28,40.27,51.01,579597.32,64,64,65535,65535,0.0167,0.0084,0.0084,378,0,0,Benign,None,Benign,0
3065,UE_7,tcp,413,-60.17,34.03,0.0397,0.0397,320,320,0,12800,12800,0,40,0,8060.45,8060.45,0,2579345.09,128,0,1024,0,0,0,0,0,320,100,SYNFlood,Hping3,Malicious,1
1029,UE_3,udp,127.5,-42.17,51.02,5.362,5.362,243,121,122,40794,19578,21216,161.8,173.9,45.32,22.57,22.75,60863.86,64,64,0,0,0,0,0,217,0,0,Benign,None,Benign,0
1535,UE_4,udp,116.4,-40.37,51.62,0.077,0.077,2,1,1,130,71,59,70.6,59.4,25.97,12.99,12.99,13506.49,64,64,0,0,0,0,0,130,0,0,Benign,None,Benign,0
3586,UE_8,udp,403.8,-51.67,40.29,0.125,0.125,1465,1465,0,1435407,1435407,0,979.8,0,11720,11720,0,91866048,64,0,0,0,0,0,0,0,1172,80,UDPFlood,Hping3,Malicious,1
4166,UE_9,tcp,409.2,-55.69,38.12,0.0039,0.0039,1,1,0,44,44,0,44,0,256.41,256.41,0,90256.41,47,0,1024,0,0,0,0,0,1,100,SYNScan,Nmap,Malicious,1
3425,UE_7,tcp,413,-60.14,34.3,0.0356,0.0356,283,283,0,11320,11320,0,40,0,7949.44,7949.44,0,2543820.22,128,0,1024,0,0,0,0,0,283,100,SYNFlood,Hping3,Malicious,1
1093,UE_3,udp,127.5,-41.87,51.83,3.059,3.059,193,97,96,32952,17150,15802,176.8,164.6,63.09,31.71,31.38,86177.18,64,64,0,0,0,0,0,380,0,0,Benign,None,Benign,0
1019,UE_3,udp,127.5,-42.3,51.86,3.903,3.903,254,128,126,43458,22605,20853,176.6,165.5,65.08,32.8,32.28,89076.1,64,64,0,0,0,0,0,310,1,0.05,Benign,None,Benign,0
3825,UE_8,udp,403.8,-52.78,41.69,0.536,0.536,1430,1430,0,808093,808093,0,565.1,0,2667.91,2667.91,0,12061089.55,64,0,0,0,0,0,0,0,1144,80,UDPFlood,Hping3,Malicious,1
146,UE_1,tcp,146.1,-43.76,48.66,0.981,0.981,44,24,20,24044,4380,19664,182.5,983.2,44.85,24.46,20.39,196077.47,64,64,65535,65535,0.0269,0.0135,0.0135,295,1,0.05,Benign,None,Benign,0
2760,UE_6,tcp,321,-51.86,39.99,3.044,3.044,47,17,30,24210,7176,17034,422.1,567.8,15.44,5.58,9.86,63626.81,64,64,65535,65535,0.0224,0.0112,0.0112,456,0,0,Benign,None,Benign,0
4726,UE_10,tcp,440.7,-54.2,39.71,38.05,38.05,22,15,7,774,494,280,32.9,40,0.58,0.39,0.18,162.73,64,64,512,16384,0.1021,0.0613,0.0408,128,0,0,SlowrateDoS,Slowloris,Malicious,1
2673,UE_6,tcp,321,-51.1,39.13,2.865,2.865,46,17,29,20130,5296,14834,311.5,511.5,16.06,5.93,10.12,56209.42,64,64,65535,65535,0.0445,0.0223,0.0223,507,1,0.05,Benign,None,Benign,0
4922,UE_10,tcp,440.7,-53.41,39.42,62.45,62.45,29,20,9,972,612,360,30.6,40,0.46,0.32,0.14,124.52,64,64,512,16384,0.1513,0.0908,0.0605,128,0,0,SlowrateDoS,Slowloris,Malicious,1
918,UE_2,tcp,235.5,-52.02,40.84,5.97,5.97,315,65,250,352407,7007,345400,107.8,1381.6,52.76,10.89,41.88,472237.19,64,64,131072,131072,0.0241,0.0121,0.0121,135,0,0,Benign,None,Benign,0
1917,UE_4,udp,116.4,-40.19,51.21,0.076,0.076,3,1,2,175,76,99,75.5,49.7,39.47,13.16,26.32,18421.05,64,64,0,0,0,0,0,322,0,0,Benign,None,Benign,0
3540,UE_8,udp,403.8,-51.69,41.25,0.509,0.509,2183,2183,0,1587696,1587696,0,727.3,0,4288.8,4288.8,0,24953964.64,64,0,0,0,0,0,0,0,1746,80,UDPFlood,Hping3,Malicious,1
4544,UE_10,tcp,440.7,-55.07,38.86,37.84,37.84,16,11,5,617,417,200,37.9,40,0.42,0.29,0.13,130.44,64,64,512,16384,0.1428,0.0857,0.0571,128,0,0,SlowrateDoS,Slowloris,Malicious,1
2355,UE_5,tcp,309,-52.9,40.54,12.529,12.529,462,48,414,607512,3072,604440,64,1460,36.87,3.83,33.04,387907.73,64,64,262144,262144,0.0183,0.0092,0.0092,205,0,0,Benign,None,Benign,0
2510,UE_6,tcp,321,-51.97,39.69,2.783,2.783,67,35,32,36114,14028,22086,400.8,690.2,24.07,12.58,11.5,103813.15,64,64,65535,65535,0.0365,0.0183,0.0183,405,0,0,Benign,None,Benign,0
55,UE_1,tcp,146.1,-45.92,48.04,2.25,2.25,67,33,34,47167,6646,40521,201.4,1191.8,29.78,14.67,15.11,167704.89,64,64,65535,65535,0.0269,0.0135,0.0135,355,0,0,Benign,None,Benign,0
2577,UE_6,tcp,321,-52.58,39.81,2.663,2.663,92,45,47,38142,14567,23575,323.7,501.6,34.55,16.9,17.65,114583.55,64,64,65535,65535,0.0264,0.0132,0.0132,327,0,0,Benign,None,Benign,0
3216,UE_7,tcp,413,-60.63,34.29,0.0423,0.0423,395,395,0,15800,15800,0,40,0,9338.06,9338.06,0,2988179.67,128,0,1024,0,0,0,0,0,395,100,SYNFlood,Hping3,Malicious,1
1789,UE_4,udp,116.4,-40.4,51.22,0.195,0.195,3,2,1,190,134,56,67.1,56.4,15.38,10.26,5.13,7794.87,64,64,0,0,0,0,0,432,0,0,Benign,None,Benign,0
3022,UE_7,tcp,413,-59.97,33.65,0.1093,0.1093,989,989,0,39560,39560,0,40,0,9048.49,9048.49,0,2895516.93,128,0,1024,0,0,0,0,0,989,100,SYNFlood,Hping3,Malicious,1
690,UE_2,tcp,235.5,-52.25,40.89,8.555,8.555,360,48,312,436543,5141,431402,107.1,1382.7,42.08,5.61,36.47,408222.56,64,64,131072,131072,0.0291,0.0146,0.0146,300,0,0,Benign,None,Benign,0
2282,UE_5,tcp,309,-52.86,39.96,3.044,3.044,501,71,430,632344,4544,627800,64,1460,164.59,23.32,141.26,1661876.48,64,64,262144,262144,0.0232,0.0116,0.0116,277,1,0.05,Benign,None,Benign,0
1722,UE_4,udp,116.4,-40.76,53.18,0.18,0.18,2,1,1,142,84,58,84.1,58.3,11.11,5.56,5.56,6311.11,64,64,0,0,0,0,0,379,0,0,Benign,None,Benign,0
1351,UE_3,udp,127.5,-41.76,51.99,5.876,5.876,291,147,144,47286,23814,23472,162,163,49.52,25.02,24.51,64378.49,64,64,0,0,0,0,0,219,1,0.05,Benign,None,Benign,0
4927,UE_10,tcp,440.7,-54.34,39.27,57.11,57.11,19,14,5,634,434,200,31,40,0.33,0.25,0.09,88.81,64,64,512,16384,0.1746,0.1048,0.0698,128,0,0,SlowrateDoS,Slowloris,Malicious,1
3547,UE_8,udp,403.8,-53.08,40.57,0.529,0.529,669,669,0,415650,415650,0,621.3,0,1264.65,1264.65,0,6285822.31,64,0,0,0,0,0,0,0,535,80,UDPFlood,Hping3,Malicious,1
3955,UE_8,udp,403.8,-52.11,40.52,0.214,0.214,518,518,0,472364,472364,0,911.9,0,2420.56,2420.56,0,17658467.29,64,0,0,0,0,0,0,0,414,80,UDPFlood,Hping3,Malicious,1
4949,UE_10,tcp,440.7,-54.86,39.6,57.15,57.15,27,19,8,1015,695,320,36.6,40,0.47,0.33,0.14,142.08,64,64,512,16384,0.0877,0.0526,0.0351,128,0,0,SlowrateDoS,Slowloris,Malicious,1
1854,UE_4,udp,116.4,-41.01,51.78,0.098,0.098,4,2,2,267,158,109,78.9,54.3,40.82,20.41,20.41,21795.92,64,64,0,0,0,0,0,171,0,0,Benign,None,Benign,0
232,UE_1,tcp,146.1,-44.68,48.91,1.948,1.948,45,25,20,30472,5340,25132,213.6,1256.6,23.1,12.83,10.27,125141.68,64,64,65535,65535,0.0334,0.0167,0.0167,385,1,0.05,Benign,None,Benign,0
3057,UE_7,tcp,413,-59.9,34.96,0.0709,0.0709,370,370,0,14800,14800,0,40,0,5218.62,5218.62,0,1669957.69,128,0,1024,0,0,0,0,0,370,100,SYNFlood,Hping3,Malicious,1
3169,UE_7,tcp,413,-59.32,33.79,0.0266,0.0266,603,603,0,24120,24120,0,40,0,22669.17,22669.17,0,7254135.34,128,0,1024,0,0,0,0,0,603,100,SYNFlood,Hping3,Malicious,1
1168,UE_3,udp,127.5,-41.79,51.69,5.473,5.473,246,122,124,42012,21143,20869,173.3,168.3,44.95,22.29,22.66,61409.83,64,64,0,0,0,0,0,169,0,0,Benign,None,Benign,0
3128,UE_7,tcp,413,-59.97,34.51,0.0302,0.0302,664,664,0,26560,26560,0,40,0,21986.75,21986.75,0,7035761.59,128,0,1024,0,0,0,0,0,664,100,SYNFlood,Hping3,Malicious,1
1851,UE_4,udp,116.4,-40.22,52.07,0.213,0.213,4,2,2,245,139,106,69.5,53,18.78,9.39,9.39,9201.88,64,64,0,0,0,0,0,190,0,0,Benign,None,Benign,0
1144,UE_3,udp,127.5,-41.75,50.95,3.098,3.098,296,149,147,52851,26582,26269,178.4,178.7,95.55,48.1,47.45,136477.73,64,64,0,0,0,0,0,221,1,0.05,Benign,None,Benign,0
2718,UE_6,tcp,321,-52.09,38.95,1.359,1.359,62,28,34,32365,11567,20798,413.1,611.7,45.62,20.6,25.02,190522.44,64,64,65535,65535,0.0212,0.0106,0.0106,325,0,0,Benign,None,Benign,0
2556,UE_6,tcp,321,-51.46,40,1.312,1.312,70,41,29,34061,20016,14045,488.2,484.3,53.35,31.25,22.1,207689.02,64,64,65535,65535,0.0432,0.0216,0.0216,411,1,0.05,Benign,None,Benign,0
988,UE_2,tcp,235.5,-52.06,41.4,7.291,7.291,270,44,226,291144,4101,287043,93.2,1270.1,37.03,6.03,31,319455.77,64,64,131072,131072,0.0202,0.0101,0.0101,148,0,0,Benign,None,Benign,0
3793,UE_8,udp,403.8,-51.68,41.51,0.505,0.505,783,783,0,684029,684029,0,873.6,0,1550.5,1550.5,0,10836102.97,64,0,0,0,0,0,0,0,626,80,UDPFlood,Hping3,Malicious,1
2325,UE_5,tcp,309,-54.41,40.56,12.696,12.696,649,73,576,845632,4672,840960,64,1460,51.12,5.75,45.37,532849.4,64,64,262144,262144,0.017,0.0085,0.0085,508,0,0,Benign,None,Benign,0
4972,UE_10,tcp,440.7,-54.34,38.88,44.37,44.37,24,12,12,852,372,480,31,40,0.54,0.27,0.27,153.62,64,64,512,16384,0.1415,0.0849,0.0566,128,0,0,SlowrateDoS,Slowloris,Malicious,1
553,UE_2,tcp,235.5,-54.41,41.42,2.522,2.522,415,71,344,431809,7519,424290,105.9,1233.4,164.55,28.15,136.4,1369735.13,64,64,131072,131072,0.023,0.0115,0.0115,503,1,0.05,Benign,None,Benign,0
4201,UE_9,tcp,409.2,-54.81,39.07,0.0025,0.0025,1,1,0,44,44,0,44,0,400,400,0,140800,56,0,1024,0,0,0,0,0,1,100,SYNScan,Nmap,Malicious,1
1,UE_1,tcp,146.1,-44.59,47.66,3.641,3.641,56,15,41,36889,3138,33751,209.2,823.2,15.38,4.12,11.26,81052.46,64,64,65535,65535,0.0332,0.0166,0.0166,269,0,0,Benign,None,Benign,0
3632,UE_8,udp,403.8,-51.89,40.75,0.381,0.381,2399,2399,0,2031473,2031473,0,846.8,0,6296.59,6296.59,0,42655601.05,64,0,0,0,0,0,0,0,1919,80,UDPFlood,Hping3,Malicious,1
689,UE_2,tcp,235.5,-52,41.55,6.531,6.531,259,68,191,279074,6059,273015,89.1,1429.4,39.66,10.41,29.25,341845.35,64,64,131072,131072,0.0104,0.0052,0.0052,387,0,0,Benign,None,Benign,0
2442,UE_5,tcp,309,-53.34,39.9,6.552,6.552,762,57,705,1032948,3648,1029300,64,1460,116.3,8.7,107.6,1261230.77,64,64,262144,262144,0.0237,0.0119,0.0119,283,0,0,Benign,None,Benign,0
3492,UE_7,tcp,413,-59.52,33.53,0.1008,0.1008,924,924,0,36960,36960,0,40,0,9166.67,9166.67,0,2933333.33,128,0,1024,0,0,0,0,0,924,100,SYNFlood,Hping3,Malicious,1
835,UE_2,tcp,235.5,-52.48,40.86,3.932,3.932,319,55,264,389505,5385,384120,97.9,1455,81.13,13.99,67.14,792482.2,64,64,131072,131072,0.017,0.0085,0.0085,208,0,0,Benign,None,Benign,0
558,UE_2,tcp,235.5,-52.9,41.05,9.289,9.289,449,71,378,542355,5822,536533,82,1419.4,48.34,7.64,40.69,467094.41,64,64,131072,131072,0.0188,0.0094,0.0094,202,0,0,Benign,None,Benign,0
2269,UE_5,tcp,309,-53.64,39.78,11.458,11.458,906,58,848,1241792,3712,1238080,64,1460,79.07,5.06,74.01,867021.82,64,64,262144,262144,0.0232,0.0116,0.0116,402,0,0,Benign,None,Benign,0
3193,UE_7,tcp,413,-59.76,33.64,0.1033,0.1033,243,243,0,9720,9720,0,40,0,2352.37,2352.37,0,752758.95,128,0,1024,0,0,0,0,0,243,100,SYNFlood,Hping3,Malicious,1
1628,UE_4,udp,116.4,-40.41,51.97,0.118,0.118,3,2,1,237,174,63,86.8,62.7,25.42,16.95,8.47,16067.8,64,64,0,0,0,0,0,226,1,0.05,Benign,None,Benign,0
980,UE_2,tcp,235.5,-53,41.42,8.448,8.448,216,65,151,195258,6312,188946,97.1,1251.3,25.57,7.69,17.87,184903.41,64,64,131072,131072,0.0282,0.0141,0.0141,328,1,0.05,Benign,None,Benign,0
4052,UE_9,tcp,409.2,-55.27,38.81,0.0049,0.0049,1,1,0,44,44,0,44,0,204.08,204.08,0,71836.73,48,0,1024,0,0,0,0,0,1,100,SYNScan,Nmap,Malicious,1
4438,UE_9,tcp,409.2,-54.84,38.19,0.0017,0.0017,1,1,0,44,44,0,44,0,588.24,588.24,0,207058.82,58,0,1024,0,0,0,0,0,1,100,SYNScan,Nmap,Malicious,1
1957,UE_4,udp,116.4,-40.73,53.07,0.246,0.246,5,4,1,342,293,49,73.2,48.5,20.33,16.26,4.07,11121.95,64,64,0,0,0,0,0,484,1,0.05,Benign,None,Benign,0
163,UE_1,tcp,146.1,-43.88,48.56,1.713,1.713,50,16,34,45670,2541,43129,158.8,1268.5,29.19,9.34,19.85,213286.63,64,64,65535,65535,0.0316,0.0158,0.0158,400,0,0,Benign,None,Benign,0
105,UE_1,tcp,146.1,-43.92,48.24,1.685,1.685,37,16,21,29601,2429,27172,151.8,1293.9,21.96,9.5,12.46,140538.87,64,64,65535,65535,0.0278,0.0139,0.0139,264,0,0,Benign,None,Benign,0
4897,UE_10,tcp,440.7,-54.23,40.65,49.29,49.29,27,15,12,863,383,480,25.5,40,0.55,0.3,0.24,140.07,64,64,512,16384,0.1214,0.0728,0.0486,128,0,0,SlowrateDoS,Slowloris,Malicious,1
4491,UE_9,tcp,409.2,-55.18,38.9,0.0034,0.0034,2,1,1,84,44,40,44,40,588.24,294.12,294.12,197647.06,51,55,1024,0,0.0103,0,0,0,0,0,SYNScan,Nmap,Malicious,1
3859,UE_8,udp,403.8,-51.8,40.68,0.53,0.53,703,703,0,396562,396562,0,564.1,0,1326.42,1326.42,0,5985841.51,64,0,0,0,0,0,0,0,562,80,UDPFlood,Hping3,Malicious,1
1210,UE_3,udp,127.5,-41.13,51.22,5.236,5.236,159,81,78,27041,13851,13190,171,169.1,30.37,15.47,14.9,41315.51,64,64,0,0,0,0,0,479,1,0.05,Benign,None,Benign,0
483,UE_1,tcp,146.1,-44.74,48.66,2.886,2.886,66,31,35,36500,5059,31441,163.2,898.3,22.87,10.74,12.13,101178.1,64,64,65535,65535,0.0221,0.0111,0.0111,265,0,0,Benign,None,Benign,0
3691,UE_8,udp,403.8,-51.6,40.48,0.425,0.425,1723,1723,0,1488672,1488672,0,864,0,4054.12,4054.12,0,28022061.18,64,0,0,0,0,0,0,0,1378,80,UDPFlood,Hping3,Malicious,1
3150,UE_7,tcp,413,-60.11,34.16,0.0344,0.0344,595,595,0,23800,23800,0,40,0,17296.51,17296.51,0,5534883.72,128,0,1024,0,0,0,0,0,595,100,SYNFlood,Hping3,Malicious,1
2438,UE_5,tcp,309,-53.1,39.92,10.194,10.194,926,41,885,1294724,2624,1292100,64,1460,90.84,4.02,86.82,1016067.49,64,64,262144,262144,0.0153,0.0077,0.0077,209,0,0,Benign,None,Benign,0
4041,UE_9,tcp,409.2,-55.48,38.48,0.0033,0.0033,2,1,1,84,44,40,44,40,606.06,303.03,303.03,203636.36,48,55,1024,0,0.0107,0,0,0,0,0,SYNScan,Nmap,Malicious,1
92,UE_1,tcp,146.1,-44.33,47.68,4.157,4.157,56,13,43,48621,2306,46315,177.4,1077.1,13.47,3.13,10.34,93569.4,64,64,65535,65535,0.0345,0.0173,0.0173,232,0,0,Benign,None,Benign,0
2160,UE_5,tcp,309,-52.31,40.05,12.444,12.444,636,83,553,812692,5312,807380,64,1460,51.11,6.67,44.44,522463.52,64,64,262144,262144,0.0184,0.0092,0.0092,411,0,0,Benign,None,Benign,0
2146,UE_5,tcp,309,-52.28,40.2,11.346,11.346,876,87,789,1157508,5568,1151940,64,1460,77.21,7.67,69.54,816152.3,64,64,262144,262144,0.0198,0.0099,0.0099,226,0,0,Benign,None,Benign,0
4642,UE_10,tcp,440.7,-54.45,38.92,55.45,55.45,24,17,7,720,440,280,25.9,40,0.43,0.31,0.13,103.88,64,64,512,16384,0.1221,0.0733,0.0488,128,0,0,SlowrateDoS,Slowloris,Malicious,1
270,UE_1,tcp,146.1,-45.13,47.86,2.395,2.395,70,11,59,73050,2687,70363,244.3,1192.6,29.23,4.59,24.63,244008.35,64,64,65535,65535,0.0447,0.0224,0.0224,314,1,0.05,Benign,None,Benign,0
3413,UE_7,tcp,413,-60,33.47,0.0976,0.0976,743,743,0,29720,29720,0,40,0,7612.7,7612.7,0,2436065.57,128,0,1024,0,0,0,0,0,743,100,SYNFlood,Hping3,Malicious,1
4707,UE_10,tcp,440.7,-53.17,39.28,63.45,63.45,14,9,5,520,320,200,35.6,40,0.22,0.14,0.08,65.56,64,64,512,16384,0.1552,0.0931,0.0621,128,0,0,SlowrateDoS,Slowloris,Malicious,1
3849,UE_8,udp,403.8,-52.85,40.58,0.15,0.15,2415,2415,0,1295165,1295165,0,536.3,0,16100,16100,0,69075466.67,64,0,0,0,0,0,0,0,1932,80,UDPFlood,Hping3,Malicious,1
1501,UE_4,udp,116.4,-40.02,53.53,0.147,0.147,6,4,2,492,383,109,95.7,54.3,40.82,27.21,13.61,26775.51,64,64,0,0,0,0,0,443,0,0,Benign,None,Benign,0
2084,UE_5,tcp,309,-52.78,39.5,3.604,3.604,862,77,785,1151028,4928,1146100,64,1460,239.18,21.37,217.81,2555001.11,64,64,262144,262144,0.0232,0.0116,0.0116,324,0,0,Benign,None,Benign,0
444,UE_1,tcp,146.1,-44.56,48.64,1.931,1.931,68,25,43,48697,4153,44544,166.1,1035.9,35.21,12.95,22.27,201748.32,64,64,65535,65535,0.0316,0.0158,0.0158,314,0,0,Benign,None,Benign,0
2332,UE_5,tcp,309,-52.87,39.95,9.692,9.692,506,47,459,673148,3008,670140,64,1460,52.21,4.85,47.36,555631.86,64,64,262144,262144,0.0245,0.0123,0.0123,400,0,0,Benign,None,Benign,0
2654,UE_6,tcp,321,-51.09,40.67,3.299,3.299,69,41,28,27737,13899,13838,339,494.2,20.92,12.43,8.49,67261.59,64,64,65535,65535,0.0313,0.0157,0.0157,412,0,0,Benign,None,Benign,0
3650,UE_8,udp,403.8,-52.38,40.57,0.596,0.596,1681,1681,0,1472388,1472388,0,875.9,0,2820.47,2820.47,0,19763597.32,64,0,0,0,0,0,0,0,1345,80,UDPFlood,Hping3,Malicious,1
306,UE_1,tcp,146.1,-44.17,47.9,2.096,2.096,58,31,27,41523,6733,34790,217.2,1288.5,27.67,14.79,12.88,158484.73,64,64,65535,65535,0.0181,0.0091,0.0091,301,1,0.05,Benign,None,Benign,0
4700,UE_10,tcp,440.7,-54.84,38.78,37.94,37.94,26,16,10,1010,610,400,38.1,40,0.69,0.42,0.26,212.97,64,64,512,16384,0.1611,0.0967,0.0644,128,0,0,SlowrateDoS,Slowloris,Malicious,1
3418,UE_7,tcp,413,-59.41,34.38,0.0781,0.0781,566,566,0,22640,22640,0,40,0,7247.12,7247.12,0,2319078.1,128,0,1024,0,0,0,0,0,566,100,SYNFlood,Hping3,Malicious,1
362,UE_1,tcp,146.1,-44.03,48.1,0.622,0.622,48,15,33,39568,3017,36551,201.1,1107.6,77.17,24.12,53.05,508913.18,64,64,65535,65535,0.0423,0.0212,0.0212,446,0,0,Benign,None,Benign,0
4470,UE_9,tcp,409.2,-55.06,39.08,0.0048,0.0048,1,1,0,44,44,0,44,0,208.33,208.33,0,73333.33,52,0,1024,0,0,0,0,0,1,100,SYNScan,Nmap,Malicious,1
819,UE_2,tcp,235.5,-52.66,40.64,6.727,6.727,466,76,390,576100,8884,567216,116.9,1454.4,69.27,11.3,57.98,685119.67,64,64,131072,131072,0.0102,0.0051,0.0051,385,0,0,Benign,None,Benign,0
628,UE_2,tcp,235.5,-53.1,41.51,2.422,2.422,396,31,365,489437,3147,486290,101.5,1332.3,163.5,12.8,150.7,1616637.49,64,64,131072,131072,0.0149,0.0075,0.0075,285,0,0,Benign,None,Benign,0
4211,UE_9,tcp,409.2,-54.4,38.64,0.0033,0.0033,1,1,0,44,44,0,44,0,303.03,303.03,0,106666.67,51,0,1024,0,0,0,0,0,1,100,SYNScan,Nmap,Malicious,1
4055,UE_9,tcp,409.2,-54.85,38.56,0.0016,0.0016,1,1,0,44,44,0,44,0,625,625,0,220000,59,0,1024,0,0,0,0,0,1,100,SYNScan,Nmap,Malicious,1
4674,UE_10,tcp,440.7,-53.37,39.36,47.66,47.66,21,12,9,709,349,360,29.1,40,0.44,0.25,0.19,119.01,64,64,512,16384,0.1378,0.0827,0.0551,128,0,0,SlowrateDoS,Slowloris,Malicious,1
2411,UE_5,tcp,309,-52.51,39.18,9.094,9.094,677,77,600,880928,4928,876000,64,1460,74.44,8.47,65.98,774953.16,64,64,262144,262144,0.0166,0.0083,0.0083,136,0,0,Benign,None,Benign,0
2662,UE_6,tcp,321,-52.25,39.39,1.66,1.66,55,23,32,31342,10184,21158,442.8,661.2,33.13,13.86,19.28,151045.78,64,64,65535,65535,0.0246,0.0123,0.0123,479,0,0,Benign,None,Benign,0
3046,UE_7,tcp,413,-60.01,33.98,0.0121,0.0121,688,688,0,27520,27520,0,40,0,56859.5,56859.5,0,18195041.32,128,0,1024,0,0,0,0,0,688,100,SYNFlood,Hping3,Malicious,1
1295,UE_3,udp,127.5,-41.92,51.01,4.142,4.142,131,67,64,21891,11350,10541,169.4,164.7,31.63,16.18,15.45,42281.02,64,64,0,0,0,0,0,211,0,0,Benign,None,Benign,0
2335,UE_5,tcp,309,-53.96,39.5,9.079,9.079,432,74,358,527416,4736,522680,64,1460,47.58,8.15,39.43,464734.88,64,64,262144,262144,0.0209,0.0105,0.0105,256,0,0,Benign,None,Benign,0
1215,UE_3,udp,127.5,-41.81,51.23,5.349,5.349,195,95,100,33684,17024,16660,179.2,166.6,36.46,17.76,18.7,50378.01,64,64,0,0,0,0,0,485,0,0,Benign,None,Benign,0
3531,UE_8,udp,403.8,-51.89,39.83,0.233,0.233,2312,2312,0,1945317,1945317,0,841.4,0,9922.75,9922.75,0,66792000,64,0,0,0,0,0,0,0,1850,80,UDPFlood,Hping3,Malicious,1
1998,UE_4,udp,116.4,-40.78,51.87,0.182,0.182,4,3,1,318,255,63,85,62.8,21.98,16.48,5.49,13978.02,64,64,0,0,0,0,0,350,0,0,Benign,None,Benign,0
3028,UE_7,tcp,413,-59.79,33.43,0.0796,0.0796,876,876,0,35040,35040,0,40,0,11005.03,11005.03,0,3521608.04,128,0,1024,0,0,0,0,0,876,100,SYNFlood,Hping3,Malicious,1
1461,UE_3,udp,127.5,-42.94,50.25,2.025,2.025,285,140,145,51056,25130,25926,179.5,178.8,140.74,69.14,71.6,201702.72,64,64,0,0,0,0,0,167,1,0.05,Benign,None,Benign,0
816,UE_2,tcp,235.5,-52.42,40.8,4.507,4.507,415,45,370,467708,5171,462537,114.9,1250.1,92.08,9.98,82.09,830189.48,64,64,131072,131072,0.012,0.006,0.006,323,0,0,Benign,None,Benign,0
2399,UE_5,tcp,309,-52.86,39.86,11.27,11.27,598,50,548,803280,3200,800080,64,1460,53.06,4.44,48.62,570207.63,64,64,262144,262144,0.0236,0.0118,0.0118,134,1,0.05,Benign,None,Benign,0
4042,UE_9,tcp,409.2,-54.59,38.86,0.0032,0.0032,1,1,0,44,44,0,44,0,312.5,312.5,0,110000,58,0,1024,0,0,0,0,0,1,100,SYNScan,Nmap,Malicious,1
4925,UE_10,tcp,440.7,-54.3,39.33,59.2,59.2,16,10,6,562,322,240,32.2,40,0.27,0.17,0.1,75.95,64,64,512,16384,0.1415,0.0849,0.0566,128,0,0,SlowrateDoS,Slowloris,Malicious,1
586,UE_2,tcp,235.5,-52.42,40.42,6.984,6.984,436,52,384,481853,4618,477235,88.8,1242.8,62.43,7.45,54.98,551950.74,64,64,131072,131072,0.0181,0.0091,0.0091,272,0,0,Benign,None,Benign,0
3532,UE_8,udp,403.8,-51.2,40.32,0.248,0.248,1225,1225,0,832020,832020,0,679.2,0,4939.52,4939.52,0,26839354.84,64,0,0,0,0,0,0,0,980,80,UDPFlood,Hping3,Malicious,1
4492,UE_9,tcp,409.2,-55.66,39.08,0.0027,0.0027,1,1,0,44,44,0,44,0,370.37,370.37,0,130370.37,53,0,1024,0,0,0,0,0,1,100,SYNScan,Nmap,Malicious,1
3424,UE_7,tcp,413,-59.87,33.68,0.1085,0.1085,869,869,0,34760,34760,0,40,0,8009.22,8009.22,0,2562949.31,128,0,1024,0,0,0,0,0,869,100,SYNFlood,Hping3,Malicious,1
2431,UE_5,tcp,309,-53.52,40.26,6.276,6.276,502,64,438,643576,4096,639480,64,1460,79.99,10.2,69.79,820364.56,64,64,262144,262144,0.0267,0.0134,0.0134,344,1,0.05,Benign,None,Benign,0
4904,UE_10,tcp,440.7,-54.65,38.55,46.42,46.42,15,8,7,495,215,280,26.9,40,0.32,0.17,0.15,85.31,64,64,512,16384,0.1352,0.0811,0.0541,128,0,0,SlowrateDoS,Slowloris,Malicious,1
110,UE_1,tcp,146.1,-44.99,48.81,4.055,4.055,89,34,55,69872,7854,62018,231,1127.6,21.95,8.38,13.56,137848.58,64,64,65535,65535,0.0315,0.0158,0.0158,230,0,0,Benign,None,Benign,0
3760,UE_8,udp,403.8,-52.53,40.92,0.437,0.437,1497,1497,0,1396701,1396701,0,933,0,3425.63,3425.63,0,25568897.03,64,0,0,0,0,0,0,0,1198,80,UDPFlood,Hping3,Malicious,1
3315,UE_7,tcp,413,-59.42,34.45,0.0335,0.0335,633,633,0,25320,25320,0,40,0,18895.52,18895.52,0,6046567.16,128,0,1024,0,0,0,0,0,633,100,SYNFlood,Hping3,Malicious,1
320,UE_1,tcp,146.1,-45.06,48.07,1.481,1.481,47,11,36,34660,1907,32753,173.4,909.8,31.74,7.43,24.31,187224.85,64,64,65535,65535,0.0438,0.0219,0.0219,327,0,0,Benign,None,Benign,0
1690,UE_4,udp,116.4,-40.55,51.91,0.181,0.181,4,2,2,260,153,107,76.3,53.4,22.1,11.05,11.05,11491.71,64,64,0,0,0,0,0,477,0,0,Benign,None,Benign,0
2957,UE_6,tcp,321,-50.97,38.9,2.12,2.12,66,34,32,32732,12162,20570,357.7,642.8,31.13,16.04,15.09,123516.98,64,64,65535,65535,0.0217,0.0109,0.0109,167,0,0,Benign,None,Benign,0
2565,UE_6,tcp,321,-50.58,40.11,2.133,2.133,53,20,33,27962,7634,20328,381.7,616,24.85,9.38,15.47,104873.89,64,64,65535,65535,0.0248,0.0124,0.0124,302,0,0,Benign,None,Benign,0
4549,UE_10,tcp,440.7,-54.17,40.06,54.11,54.11,21,13,8,824,504,320,38.8,40,0.39,0.24,0.15,121.83,64,64,512,16384,0.1748,0.1049,0.0699,128,0,0,SlowrateDoS,Slowloris,Malicious,1
2320,UE_5,tcp,309,-53.2,41.54,6.789,6.789,935,52,883,1292508,3328,1289180,64,1460,137.72,7.66,130.06,1523061.42,64,64,262144,262144,0.0198,0.0099,0.0099,413,0,0,Benign,None,Benign,0
3590,UE_8,udp,403.8,-52.51,39.29,0.196,0.196,1669,1669,0,983876,983876,0,589.5,0,8515.31,8515.31,0,40158204.08,64,0,0,0,0,0,0,0,1335,80,UDPFlood,Hping3,Malicious,1
3509,UE_8,udp,403.8,-51.76,40.54,0.303,0.303,1639,1639,0,1274814,1274814,0,777.8,0,5409.24,5409.24,0,33658455.45,64,0,0,0,0,0,0,0,1311,80,UDPFlood,Hping3,Malicious,1
3100,UE_7,tcp,413,-59.6,33.76,0.0658,0.0658,599,599,0,23960,23960,0,40,0,9103.34,9103.34,0,2913069.91,128,0,1024,0,0,0,0,0,599,100,SYNFlood,Hping3,Malicious,1
1016,UE_3,udp,127.5,-43.01,50.63,1.142,1.142,231,113,118,37989,18826,19163,166.6,162.4,202.28,98.95,103.33,266122.59,64,64,0,0,0,0,0,431,0,0,Benign,None,Benign,0
2875,UE_6,tcp,321,-52.58,39.18,1.676,1.676,65,22,43,27726,7348,20378,334,473.9,38.78,13.13,25.66,132343.68,64,64,65535,65535,0.0308,0.0154,0.0154,159,1,0.05,Benign,None,Benign,0
4652,UE_10,tcp,440.7,-54.44,39.64,30.4,30.4,23,14,9,732,372,360,26.6,40,0.76,0.46,0.3,192.63,64,64,512,16384,0.0915,0.0549,0.0366,128,0,0,SlowrateDoS,Slowloris,Malicious,1
538,UE_2,tcp,235.5,-53.53,40.86,5.928,5.928,253,46,207,305125,4250,300875,92.4,1453.5,42.68,7.76,34.92,411774.63,64,64,131072,131072,0.0182,0.0091,0.0091,264,0,0,Benign,None,Benign,0
4306,UE_9,tcp,409.2,-55.88,38.25,0.0056,0.0056,1,1,0,44,44,0,44,0,178.57,178.57,0,62857.14,47,0,1024,0,0,0,0,0,1,100,SYNScan,Nmap,Malicious,1
4096,UE_9,tcp,409.2,-54.58,39.41,0.0027,0.0027,1,1,0,44,44,0,44,0,370.37,370.37,0,130370.37,55,0,1024,0,0,0,0,0,1,100,SYNScan,Nmap,Malicious,1
222,UE_1,tcp,146.1,-43.33,48.89,3.825,3.825,49,25,24,34100,3985,30115,159.4,1254.8,12.81,6.54,6.27,71320.26,64,64,65535,65535,0.0351,0.0176,0.0176,328,0,0,Benign,None,Benign,0
1663,UE_4,udp,116.4,-39.45,52.76,0.202,0.202,6,4,2,429,301,128,75.3,63.9,29.7,19.8,9.9,16990.1,64,64,0,0,0,0,0,330,0,0,Benign,None,Benign,0
2328,UE_5,tcp,309,-53.14,39.38,3.633,3.633,936,62,874,1280008,3968,1276040,64,1460,257.64,17.07,240.57,2818624.83,64,64,262144,262144,0.0179,0.009,0.009,451,1,0.05,Benign,None,Benign,0
4853,UE_10,tcp,440.7,-55.09,39.27,38.5,38.5,23,13,10,850,450,400,34.6,40,0.6,0.34,0.26,176.62,64,64,512,16384,0.2253,0.1352,0.0901,128,0,0,SlowrateDoS,Slowloris,Malicious,1
3601,UE_8,udp,403.8,-53.37,40.63,0.223,0.223,1713,1713,0,1741093,1741093,0,1016.4,0,7681.61,7681.61,0,62460735.43,64,0,0,0,0,0,0,0,1370,80,UDPFlood,Hping3,Malicious,1
3084,UE_7,tcp,413,-59.18,33.71,0.0761,0.0761,289,289,0,11560,11560,0,40,0,3797.63,3797.63,0,1215243.1,128,0,1024,0,0,0,0,0,289,100,SYNFlood,Hping3,Malicious,1
4987,UE_10,tcp,440.7,-54.63,39.04,55.93,55.93,14,10,4,496,336,160,33.6,40,0.25,0.18,0.07,70.95,64,64,512,16384,0.1622,0.0973,0.0649,128,0,0,SlowrateDoS,Slowloris,Malicious,1
1414,UE_3,udp,127.5,-41.61,50.29,2.458,2.458,127,62,65,20742,9932,10810,160.2,166.3,51.67,25.22,26.44,67508.54,64,64,0,0,0,0,0,280,0,0,Benign,None,Benign,0
2965,UE_6,tcp,321,-50.68,40.03,1.018,1.018,63,38,25,26157,13197,12960,347.3,518.4,61.89,37.33,24.56,205555.99,64,64,65535,65535,0.0279,0.014,0.014,448,1,0.05,Benign,None,Benign,0
1345,UE_3,udp,127.5,-42.53,50.45,3.521,3.521,267,135,132,47766,24125,23641,178.7,179.1,75.83,38.34,37.49,108528.26,64,64,0,0,0,0,0,170,0,0,Benign,None,Benign,0
1779,UE_4,udp,116.4,-40.3,52.41,0.199,0.199,4,3,1,337,279,58,92.9,58.4,20.1,15.08,5.03,13547.74,64,64,0,0,0,0,0,409,1,0.05,Benign,None,Benign,0
568,UE_2,tcp,235.5,-53.13,40.34,3.131,3.131,379,36,343,423476,3164,420312,87.9,1225.4,121.05,11.5,109.55,1082021.08,64,64,131072,131072,0.0133,0.0067,0.0067,290,1,0.05,Benign,None,Benign,0
997,UE_2,tcp,235.5,-52.33,40.19,9.161,9.161,316,63,253,330066,7289,322777,115.7,1275.8,34.49,6.88,27.62,288235.78,64,64,131072,131072,0.0213,0.0107,0.0107,507,1,0.05,Benign,None,Benign,0
2935,UE_6,tcp,321,-51.56,39.6,3.23,3.23,66,19,47,25927,6948,18979,365.7,403.8,20.43,5.88,14.55,64215.48,64,64,65535,65535,0.0298,0.0149,0.0149,505,1,0.05,Benign,None,Benign,0
1062,UE_3,udp,127.5,-41.82,51.4,5.191,5.191,203,103,100,34672,17562,17110,170.5,171.1,39.11,19.84,19.26,53434.02,64,64,0,0,0,0,0,498,0,0,Benign,None,Benign,0
4874,UE_10,tcp,440.7,-54.03,39.14,36.7,36.7,29,20,9,974,614,360,30.7,40,0.79,0.54,0.25,212.32,64,64,512,16384,0.155,0.093,0.062,128,0,0,SlowrateDoS,Slowloris,Malicious,1
935,UE_2,tcp,235.5,-52.85,40.98,3.259,3.259,440,64,376,502324,5402,496922,84.4,1321.6,135.01,19.64,115.37,1233075.18,64,64,131072,131072,0.0114,0.0057,0.0057,204,0,0,Benign,None,Benign,0
2574,UE_6,tcp,321,-51.37,39.57,2.348,2.348,75,34,41,39904,12815,27089,376.9,660.7,31.94,14.48,17.46,135959.11,64,64,65535,65535,0.0241,0.0121,0.0121,407,1,0.05,Benign,None,Benign,0
59,UE_1,tcp,146.1,-45.06,47.69,1.957,1.957,71,23,48,61126,3540,57586,153.9,1199.7,36.28,11.75,24.53,249876.34,64,64,65535,65535,0.0338,0.0169,0.0169,305,0,0,Benign,None,Benign,0
3595,UE_8,udp,403.8,-51.94,40.98,0.423,0.423,936,936,0,587902,587902,0,628.1,0,2212.77,2212.77,0,11118713.95,64,0,0,0,0,0,0,0,749,80,UDPFlood,Hping3,Malicious,1
2776,UE_6,tcp,321,-52.58,39.49,0.828,0.828,58,34,24,31002,15796,15206,464.6,633.6,70.05,41.06,28.99,299536.23,64,64,65535,65535,0.0325,0.0163,0.0163,261,1,0.05,Benign,None,Benign,0
3376,UE_7,tcp,413,-58.76,34.8,0.046,0.046,824,824,0,32960,32960,0,40,0,17913.04,17913.04,0,5732173.91,128,0,1024,0,0,0,0,0,824,100,SYNFlood,Hping3,Malicious,1
2719,UE_6,tcp,321,-51.64,39.48,2.665,2.665,70,21,49,34504,8343,26161,397.3,533.9,26.27,7.88,18.39,103576.74,64,64,65535,65535,0.0395,0.0198,0.0198,290,0,0,Benign,None,Benign,0
2417,UE_5,tcp,309,-52.94,40.62,11.159,11.159,496,59,437,641796,3776,638020,64,1460,44.45,5.29,39.16,460110.05,64,64,262144,262144,0.0185,0.0093,0.0093,461,0,0,Benign,None,Benign,0
2604,UE_6,tcp,321,-50.98,39.84,2.097,2.097,64,25,39,26282,9730,16552,389.2,424.4,30.52,11.92,18.6,100265.14,64,64,65535,65535,0.0294,0.0147,0.0147,457,1,0.05,Benign,None,Benign,0
4234,UE_9,tcp,409.2,-55.17,39.06,0.002,0.002,2,1,1,84,44,40,44,40,1000,500,500,336000,57,55,1024,0,0.0131,0,0,0,0,0,SYNScan,Nmap,Malicious,1
75,UE_1,tcp,146.1,-44.18,47.83,4.007,4.007,71,18,53,67730,2900,64830,161.1,1223.2,17.72,4.49,13.23,135223.36,64,64,65535,65535,0.0188,0.0094,0.0094,347,1,0.05,Benign,None,Benign,0
3473,UE_7,tcp,413,-59.57,34.6,0.0661,0.0661,251,251,0,10040,10040,0,40,0,3797.28,3797.28,0,1215128.59,128,0,1024,0,0,0,0,0,251,100,SYNFlood,Hping3,Malicious,1
2940,UE_6,tcp,321,-51.69,39.89,2.593,2.593,65,22,43,33122,6686,26436,303.9,614.8,25.07,8.48,16.58,102188.97,64,64,65535,65535,0.0226,0.0113,0.0113,342,1,0.05,Benign,None,Benign,0
4512,UE_10,tcp,440.7,-54.18,39.18,37.63,37.63,22,18,4,777,617,160,34.3,40,0.58,0.48,0.11,165.19,64,64,512,16384,0.2034,0.122,0.0814,128,0,0,SlowrateDoS,Slowloris,Malicious,1
3850,UE_8,udp,403.8,-52.38,40.64,0.444,0.444,657,657,0,520344,520344,0,792,0,1479.73,1479.73,0,9375567.57,64,0,0,0,0,0,0,0,526,80,UDPFlood,Hping3,Malicious,1
670,UE_2,tcp,235.5,-50.58,41.05,2.011,2.011,453,52,401,590731,5351,585380,102.9,1459.8,225.26,25.86,199.4,2349999.01,64,64,131072,131072,0.0157,0.0079,0.0079,245,0,0,Benign,None,Benign,0
611,UE_2,tcp,235.5,-53,41.45,8.689,8.689,277,37,240,314562,3330,311232,90,1296.8,31.88,4.26,27.62,289618.6,64,64,131072,131072,0.0151,0.0076,0.0076,406,0,0,Benign,None,Benign,0
4335,UE_9,tcp,409.2,-55.86,39,0.0024,0.0024,1,1,0,44,44,0,44,0,416.67,416.67,0,146666.67,52,0,1024,0,0,0,0,0,1,100,SYNScan,Nmap,Malicious,1
389,UE_1,tcp,146.1,-44.01,48.17,4.461,4.461,54,10,44,52496,2160,50336,216,1144,12.1,2.24,9.86,94142.12,64,64,65535,65535,0.0186,0.0093,0.0093,429,0,0,Benign,None,Benign,0
4313,UE_9,tcp,409.2,-54.13,37.63,0.005,0.005,2,1,1,84,44,40,44,40,400,200,200,134400,55,55,1024,0,0.0143,0,0,0,0,0,SYNScan,Nmap,Malicious,1
4004,UE_9,tcp,409.2,-54.91,38.7,0.0048,0.0048,1,1,0,44,44,0,44,0,208.33,208.33,0,73333.33,47,0,1024,0,0,0,0,0,1,100,SYNScan,Nmap,Malicious,1
665,UE_2,tcp,235.5,-52.12,40.71,5.032,5.032,333,45,288,420310,5072,415238,112.7,1441.8,66.18,8.94,57.23,668219.4,64,64,131072,131072,0.0209,0.0105,0.0105,347,1,0.05,Benign,None,Benign,0
144,UE_1,tcp,146.1,-44.09,47.52,3.105,3.105,58,12,46,40908,2999,37909,249.9,824.1,18.68,3.86,14.81,105399.03,64,64,65535,65535,0.0443,0.0222,0.0222,381,0,0,Benign,None,Benign,0
1906,UE_4,udp,116.4,-39.8,51.26,0.203,0.203,3,2,1,196,147,49,73.7,49.3,14.78,9.85,4.93,7724.14,64,64,0,0,0,0,0,183,0,0,Benign,None,Benign,0
84,UE_1,tcp,146.1,-43.88,47.86,2.388,2.388,46,24,22,28047,5462,22585,227.6,1026.6,19.26,10.05,9.21,93959.8,64,64,65535,65535,0.0307,0.0154,0.0154,201,0,0,Benign,None,Benign,0
340,UE_1,tcp,146.1,-44.34,49.18,3.33,3.33,49,20,29,40853,4194,36659,209.7,1264.1,14.71,6.01,8.71,98145.35,64,64,65535,65535,0.0429,0.0215,0.0215,419,0,0,Benign,None,Benign,0
3617,UE_8,udp,403.8,-52.28,40.85,0.354,0.354,2327,2327,0,2107331,2107331,0,905.6,0,6573.45,6573.45,0,47623299.44,64,0,0,0,0,0,0,0,1862,80,UDPFlood,Hping3,Malicious,1
742,UE_2,tcp,235.5,-52.37,40.98,7.339,7.339,442,30,412,534087,2937,531150,97.9,1289.2,60.23,4.09,56.14,582190.49,64,64,131072,131072,0.0128,0.0064,0.0064,281,0,0,Benign,None,Benign,0
3058,UE_7,tcp,413,-59.67,33.84,0.0439,0.0439,382,382,0,15280,15280,0,40,0,8701.59,8701.59,0,2784510.25,128,0,1024,0,0,0,0,0,382,100,SYNFlood,Hping3,Malicious,1
1618,UE_4,udp,116.4,-40.71,51.8,0.214,0.214,2,1,1,117,65,52,64.8,51.8,9.35,4.67,4.67,4373.83,64,64,0,0,0,0,0,489,1,0.05,Benign,None,Benign,0
1905,UE_4,udp,116.4,-40.1,51.7,0.092,0.092,2,1,1,141,86,55,85.5,55.4,21.74,10.87,10.87,12260.87,64,64,0,0,0,0,0,343,0,0,Benign,None,Benign,0
2077,UE_5,tcp,309,-53.12,39.73,9.919,9.919,609,83,526,773272,5312,767960,64,1460,61.4,8.37,53.03,623669.32,64,64,262144,262144,0.0182,0.0091,0.0091,320,0,0,Benign,None,Benign,0
1996,UE_4,udp,116.4,-40.53,52.4,0.07,0.07,6,4,2,457,354,103,88.5,51.4,85.71,57.14,28.57,52228.57,64,64,0,0,0,0,0,488,0,0,Benign,None,Benign,0
2236,UE_5,tcp,309,-53.88,40.02,3.719,3.719,531,51,480,704064,3264,700800,64,1460,142.78,13.71,129.07,1514523.26,64,64,262144,262144,0.0214,0.0107,0.0107,281,1,0.05,Benign,None,Benign,0
3823,UE_8,udp,403.8,-52.18,41.02,0.414,0.414,600,600,0,610920,610920,0,1018.2,0,1449.28,1449.28,0,11805217.39,64,0,0,0,0,0,0,0,480,80,UDPFlood,Hping3,Malicious,1
2434,UE_5,tcp,309,-52.51,39.53,10.744,10.744,643,40,603,882940,2560,880380,64,1460,59.85,3.72,56.12,657438.57,64,64,262144,262144,0.0155,0.0078,0.0078,321,1,0.05,Benign,None,Benign,0
3738,UE_8,udp,403.8,-52.38,41.11,0.214,0.214,2324,2324,0,1826199,1826199,0,785.8,0,10859.81,10859.81,0,68269121.5,64,0,0,0,0,0,0,0,1859,80,UDPFlood,Hping3,Malicious,1
4899,UE_10,tcp,440.7,-54.81,39.43,31.93,31.93,28,19,9,835,475,360,25,40,0.88,0.6,0.28,209.21,64,64,512,16384,0.1251,0.0751,0.05,128,0,0,SlowrateDoS,Slowloris,Malicious,1
4831,UE_10,tcp,440.7,-53.84,38.14,41.65,41.65,20,14,6,692,452,240,32.3,40,0.48,0.34,0.14,132.92,64,64,512,16384,0.2129,0.1277,0.0852,128,0,0,SlowrateDoS,Slowloris,Malicious,1
540,UE_2,tcp,235.5,-52.21,41.24,2.243,2.243,361,73,288,362097,6475,355622,88.7,1234.8,160.95,32.55,128.4,1291473.92,64,64,131072,131072,0.0291,0.0146,0.0146,209,1,0.05,Benign,None,Benign,0
4044,UE_9,tcp,409.2,-54.89,39.59,0.0051,0.0051,1,1,0,44,44,0,44,0,196.08,196.08,0,69019.61,56,0,1024,0,0,0,0,0,1,100,SYNScan,Nmap,Malicious,1
871,UE_2,tcp,235.5,-53.1,41.16,5.188,5.188,264,38,226,307319,3439,303880,90.5,1344.6,50.89,7.32,43.56,473892.06,64,64,131072,131072,0.0182,0.0091,0.0091,432,0,0,Benign,None,Benign,0
1248,UE_3,udp,127.5,-41.82,52.63,5.793,5.793,136,67,69,23522,11544,11978,172.3,173.6,23.48,11.57,11.91,32483.34,64,64,0,0,0,0,0,233,0,0,Benign,None,Benign,0
2220,UE_5,tcp,309,-53.21,40.04,11.821,11.821,896,42,854,1249528,2688,1246840,64,1460,75.8,3.55,72.24,845632.69,64,64,262144,262144,0.0149,0.0075,0.0075,421,0,0,Benign,None,Benign,0
2696,UE_6,tcp,321,-51.1,39.93,3.052,3.052,53,33,20,27786,14078,13708,426.6,685.4,17.37,10.81,6.55,72833.55,64,64,65535,65535,0.022,0.011,0.011,457,0,0,Benign,None,Benign,0
2897,UE_6,tcp,321,-51.07,39.6,3.06,3.06,72,40,32,29278,13272,16006,331.8,500.2,23.53,13.07,10.46,76543.79,64,64,65535,65535,0.0392,0.0196,0.0196,458,1,0.05,Benign,None,Benign,0
719,UE_2,tcp,235.5,-52.35,40.31,2.376,2.376,473,64,409,582717,5536,577181,86.5,1411.2,199.07,26.94,172.14,1962010.1,64,64,131072,131072,0.0271,0.0136,0.0136,332,0,0,Benign,None,Benign,0
3555,UE_8,udp,403.8,-52.98,40.28,0.207,0.207,2498,2498,0,2137039,2137039,0,855.5,0,12067.63,12067.63,0,82590879.23,64,0,0,0,0,0,0,0,1998,80,UDPFlood,Hping3,Malicious,1
3506,UE_8,udp,403.8,-51.77,40.78,0.459,0.459,2293,2293,0,2081815,2081815,0,907.9,0,4995.64,4995.64,0,36284357.3,64,0,0,0,0,0,0,0,1834,80,UDPFlood,Hping3,Malicious,1
681,UE_2,tcp,235.5,-52.98,41.94,6.259,6.259,313,45,268,365804,3924,361880,87.2,1350.3,50.01,7.19,42.82,467555.84,64,64,131072,131072,0.0292,0.0146,0.0146,496,0,0,Benign,None,Benign,0
2660,UE_6,tcp,321,-51.41,40.3,1.402,1.402,61,18,43,32957,7888,25069,438.2,583,43.51,12.84,30.67,188057.06,64,64,65535,65535,0.021,0.0105,0.0105,380,0,0,Benign,None,Benign,0
4267,UE_9,tcp,409.2,-54.94,38.47,0.0054,0.0054,1,1,0,44,44,0,44,0,185.19,185.19,0,65185.19,55,0,1024,0,0,0,0,0,1,100,SYNScan,Nmap,Malicious,1
521,UE_2,tcp,235.5,-52.25,41.09,5.655,5.655,320,54,266,373836,6410,367426,118.7,1381.3,56.59,9.55,47.04,528857.29,64,64,131072,131072,0.0117,0.0059,0.0059,435,1,0.05,Benign,None,Benign,0
4776,UE_10,tcp,440.7,-54.12,39.06,63.55,63.55,21,10,11,731,291,440,29.1,40,0.33,0.16,0.17,92.02,64,64,512,16384,0.1135,0.0681,0.0454,128,0,0,SlowrateDoS,Slowloris,Malicious,1
2753,UE_6,tcp,321,-51.48,39.74,0.878,0.878,71,36,35,39056,16495,22561,458.2,644.6,80.87,41,39.86,355863.33,64,64,65535,65535,0.0258,0.0129,0.0129,317,0,0,Benign,None,Benign,0
2356,UE_5,tcp,309,-52.86,39.98,12.151,12.151,624,63,561,823092,4032,819060,64,1460,51.35,5.18,46.17,541908.98,64,64,262144,262144,0.0225,0.0113,0.0113,240,1,0.05,Benign,None,Benign,0
2762,UE_6,tcp,321,-51.81,40.18,1.91,1.91,70,40,30,32918,12716,20202,317.9,673.4,36.65,20.94,15.71,137876.44,64,64,65535,65535,0.0297,0.0149,0.0149,360,0,0,Benign,None,Benign,0
247,UE_1,tcp,146.1,-44.59,48.33,3.962,3.962,71,35,36,50711,8148,42563,232.8,1182.3,17.92,8.83,9.09,102394.75,64,64,65535,65535,0.0322,0.0161,0.0161,317,0,0,Benign,None,Benign,0
1537,UE_4,udp,116.4,-40.65,51.78,0.197,0.197,5,3,2,404,279,125,93,62.7,25.38,15.23,10.15,16406.09,64,64,0,0,0,0,0,428,0,0,Benign,None,Benign,0
646,UE_2,tcp,235.5,-52.17,41.41,7.465,7.465,417,32,385,545645,3642,542003,113.8,1407.8,55.86,4.29,51.57,584750.17,64,64,131072,131072,0.0202,0.0101,0.0101,480,1,0.05,Benign,None,Benign,0
2834,UE_6,tcp,321,-51.84,39.49,3.194,3.194,61,27,34,30836,11888,18948,440.3,557.3,19.1,8.45,10.64,77234.82,64,64,65535,65535,0.0296,0.0148,0.0148,357,0,0,Benign,None,Benign,0
2128,UE_5,tcp,309,-53.76,39.85,9.011,9.011,533,96,437,644164,6144,638020,64,1460,59.15,10.65,48.5,571891.24,64,64,262144,262144,0.0194,0.0097,0.0097,392,0,0,Benign,None,Benign,0
2340,UE_5,tcp,309,-52.74,39.41,4.394,4.394,693,84,609,894516,5376,889140,64,1460,157.72,19.12,138.6,1628613.56,64,64,262144,262144,0.0137,0.0069,0.0069,413,1,0.05,Benign,None,Benign,0
3393,UE_7,tcp,413,-60.39,34.03,0.0767,0.0767,595,595,0,23800,23800,0,40,0,7757.5,7757.5,0,2482398.96,128,0,1024,0,0,0,0,0,595,100,SYNFlood,Hping3,Malicious,1
275,UE_1,tcp,146.1,-45.18,48.22,3.875,3.875,87,35,52,56131,8239,47892,235.4,921,22.45,9.03,13.42,115883.35,64,64,65535,65535,0.0438,0.0219,0.0219,208,0,0,Benign,None,Benign,0
1443,UE_3,udp,127.5,-41.56,51.66,2.053,2.053,206,105,101,35564,17525,18039,166.9,178.6,100.34,51.14,49.2,138583.54,64,64,0,0,0,0,0,252,1,0.05,Benign,None,Benign,0
3493,UE_7,tcp,413,-59.36,34.05,0.0966,0.0966,961,961,0,38440,38440,0,40,0,9948.24,9948.24,0,3183436.85,128,0,1024,0,0,0,0,0,961,100,SYNFlood,Hping3,Malicious,1
1657,UE_4,udp,116.4,-41.29,52.32,0.231,0.231,2,1,1,128,79,49,79.1,48.5,8.66,4.33,4.33,4432.9,64,64,0,0,0,0,0,404,1,0.05,Benign,None,Benign,0
3195,UE_7,tcp,413,-59.42,34.11,0.0585,0.0585,539,539,0,21560,21560,0,40,0,9213.68,9213.68,0,2948376.07,128,0,1024,0,0,0,0,0,539,100,SYNFlood,Hping3,Malicious,1
2275,UE_5,tcp,309,-52.8,39.88,5.304,5.304,752,54,698,1022536,3456,1019080,64,1460,141.78,10.18,131.6,1542286.58,64,64,262144,262144,0.0195,0.0098,0.0098,476,0,0,Benign,None,Benign,0
431,UE_1,tcp,146.1,-44.06,48.4,2.719,2.719,76,31,45,56549,7080,49469,228.4,1099.3,27.95,11.4,16.55,166381.76,64,64,65535,65535,0.0274,0.0137,0.0137,263,1,0.05,Benign,None,Benign,0
3941,UE_8,udp,403.8,-51.87,39.58,0.445,0.445,1414,1414,0,1222827,1222827,0,864.8,0,3177.53,3177.53,0,21983406.74,64,0,0,0,0,0,0,0,1131,80,UDPFlood,Hping3,Malicious,1
1166,UE_3,udp,127.5,-42.12,51.01,5.042,5.042,147,76,71,24414,12912,11502,169.9,162,29.16,15.07,14.08,38737.01,64,64,0,0,0,0,0,462,0,0,Benign,None,Benign,0
4199,UE_9,tcp,409.2,-56.35,37.92,0.0013,0.0013,1,1,0,44,44,0,44,0,769.23,769.23,0,270769.23,55,0,1024,0,0,0,0,0,1,100,SYNScan,Nmap,Malicious,1
2321,UE_5,tcp,309,-52.2,39.8,12.821,12.821,613,95,518,762360,6080,756280,64,1460,47.81,7.41,40.4,475694.56,64,64,262144,262144,0.0236,0.0118,0.0118,459,0,0,Benign,None,Benign,0
1079,UE_3,udp,127.5,-42.92,50.78,2.012,2.012,292,146,146,51451,26032,25419,178.3,174.1,145.13,72.56,72.56,204576.54,64,64,0,0,0,0,0,416,1,0.05,Benign,None,Benign,0
307,UE_1,tcp,146.1,-45.38,48.22,4.158,4.158,51,21,30,38912,4061,34851,193.4,1161.7,12.27,5.05,7.22,74866.76,64,64,65535,65535,0.0153,0.0077,0.0077,163,1,0.05,Benign,None,Benign,0
3904,UE_8,udp,403.8,-52.44,41.08,0.115,0.115,1091,1091,0,1012012,1012012,0,927.6,0,9486.96,9486.96,0,70400834.78,64,0,0,0,0,0,0,0,873,80,UDPFlood,Hping3,Malicious,1
4502,UE_10,tcp,440.7,-54.66,39.97,37.78,37.78,17,11,6,639,399,240,36.3,40,0.45,0.29,0.16,135.31,64,64,512,16384,0.106,0.0636,0.0424,128,0,0,SlowrateDoS,Slowloris,Malicious,1
4150,UE_9,tcp,409.2,-55.05,39.35,0.0014,0.0014,1,1,0,44,44,0,44,0,714.29,714.29,0,251428.57,54,0,1024,0,0,0,0,0,1,100,SYNScan,Nmap,Malicious,1
2345,UE_5,tcp,309,-52.18,40.32,3.727,3.727,403,42,361,529748,2688,527060,64,1460,108.13,11.27,96.86,1137103.3,64,64,262144,262144,0.0133,0.0067,0.0067,382,1,0.05,Benign,None,Benign,0
2539,UE_6,tcp,321,-51.48,40.01,2.402,2.402,65,15,50,38951,5196,33755,346.4,675.1,27.06,6.24,20.82,129728.56,64,64,65535,65535,0.0227,0.0114,0.0114,291,0,0,Benign,None,Benign,0
695,UE_2,tcp,235.5,-53.38,40.54,4.805,4.805,359,49,310,395357,3920,391437,80,1262.7,74.71,10.2,64.52,658242.66,64,64,131072,131072,0.0142,0.0071,0.0071,448,1,0.05,Benign,None,Benign,0
3025,UE_7,tcp,413,-60.88,33.48,0.0611,0.0611,468,468,0,18720,18720,0,40,0,7659.57,7659.57,0,2451063.83,128,0,1024,0,0,0,0,0,468,100,SYNFlood,Hping3,Malicious,1
4325,UE_9,tcp,409.2,-55.07,39.04,0.0057,0.0057,1,1,0,44,44,0,44,0,175.44,175.44,0,61754.39,57,0,1024,0,0,0,0,0,1,100,SYNScan,Nmap,Malicious,1
2635,UE_6,tcp,321,-50.88,39.38,0.818,0.818,40,16,24,20527,5400,15127,337.5,630.3,48.9,19.56,29.34,200753.06,64,64,65535,65535,0.0256,0.0128,0.0128,501,0,0,Benign,None,Benign,0
601,UE_2,tcp,235.5,-52.71,41.71,5.922,5.922,473,73,400,521695,7015,514680,96.1,1286.7,79.87,12.33,67.54,704755.15,64,64,131072,131072,0.0198,0.0099,0.0099,317,0,0,Benign,None,Benign,0
526,UE_2,tcp,235.5,-52.42,40.6,5.427,5.427,416,31,385,540761,2492,538269,80.4,1398.1,76.65,5.71,70.94,797141.7,64,64,131072,131072,0.0279,0.014,0.014,308,0,0,Benign,None,Benign,0
3982,UE_8,udp,403.8,-52.07,41.36,0.169,0.169,1506,1506,0,842607,842607,0,559.5,0,8911.24,8911.24,0,39886721.89,64,0,0,0,0,0,0,0,1205,80,UDPFlood,Hping3,Malicious,1
3364,UE_7,tcp,413,-59.72,33.83,0.0937,0.0937,258,258,0,10320,10320,0,40,0,2753.47,2753.47,0,881109.93,128,0,1024,0,0,0,0,0,258,100,SYNFlood,Hping3,Malicious,1
1813,UE_4,udp,116.4,-40.79,52.77,0.157,0.157,5,3,2,314,209,105,69.7,52.7,31.85,19.11,12.74,16000,64,64,0,0,0,0,0,332,0,0,Benign,None,Benign,0
2588,UE_6,tcp,321,-51.74,39.1,1.28,1.28,58,26,32,31081,12345,18736,474.8,585.5,45.31,20.31,25,194256.25,64,64,65535,65535,0.0301,0.0151,0.0151,425,0,0,Benign,None,Benign,0
852,UE_2,tcp,235.5,-51.12,40.47,4.756,4.756,264,33,231,334006,3653,330353,110.7,1430.1,55.51,6.94,48.57,561826.75,64,64,131072,131072,0.0144,0.0072,0.0072,388,0,0,Benign,None,Benign,0
104,UE_1,tcp,146.1,-44.19,48.49,3.01,3.01,92,32,60,67792,7258,60534,226.8,1008.9,30.56,10.63,19.93,180178.07,64,64,65535,65535,0.0276,0.0138,0.0138,282,0,0,Benign,None,Benign,0
3575,UE_8,udp,403.8,-51.54,40.51,0.514,0.514,1256,1256,0,805598,805598,0,641.4,0,2443.58,2443.58,0,12538490.27,64,0,0,0,0,0,0,0,1005,80,UDPFlood,Hping3,Malicious,1
4974,UE_10,tcp,440.7,-53.92,40.31,51.65,51.65,17,13,4,624,464,160,35.7,40,0.33,0.25,0.08,96.65,64,64,512,16384,0.2247,0.1348,0.0899,128,0,0,SlowrateDoS,Slowloris,Malicious,1
4737,UE_10,tcp,440.7,-54.81,39.01,42.81,42.81,25,16,9,893,533,360,33.3,40,0.58,0.37,0.21,166.88,64,64,512,16384,0.124,0.0744,0.0496,128,0,0,SlowrateDoS,Slowloris,Malicious,1
3043,UE_7,tcp,413,-59.35,33.39,0.0442,0.0442,307,307,0,12280,12280,0,40,0,6945.7,6945.7,0,2222624.43,128,0,1024,0,0,0,0,0,307,100,SYNFlood,Hping3,Malicious,1
208,UE_1,tcp,146.1,-44.89,48.62,3.929,3.929,64,33,31,35179,8197,26982,248.4,870.4,16.29,8.4,7.89,71629.42,64,64,65535,65535,0.0211,0.0106,0.0106,433,0,0,Benign,None,Benign,0
1948,UE_4,udp,116.4,-40.16,52.17,0.22,0.22,5,4,1,366,305,61,76.2,61.3,22.73,18.18,4.55,13309.09,64,64,0,0,0,0,0,446,1,0.05,Benign,None,Benign,0
10,UE_1,tcp,146.1,-44.03,48.4,1.246,1.246,75,33,42,60029,7613,52416,230.7,1248,60.19,26.48,33.71,385418.94,64,64,65535,65535,0.0245,0.0123,0.0123,463,1,0.05,Benign,None,Benign,0
1291,UE_3,udp,127.5,-41.99,51.81,1.754,1.754,273,134,139,45404,21802,23602,162.7,169.8,155.64,76.4,79.25,207087.8,64,64,0,0,0,0,0,406,0,0,Benign,None,Benign,0
281,UE_1,tcp,146.1,-44,48.07,4.174,4.174,77,34,43,57647,6314,51333,185.7,1193.8,18.45,8.15,10.3,110487.78,64,64,65535,65535,0.0225,0.0113,0.0113,279,1,0.05,Benign,None,Benign,0
2029,UE_5,tcp,309,-52.87,39.38,12.972,12.972,395,41,354,519464,2624,516840,64,1460,30.45,3.16,27.29,320360.16,64,64,262144,262144,0.0132,0.0066,0.0066,352,1,0.05,Benign,None,Benign,0
1427,UE_3,udp,127.5,-42.58,50.7,1.925,1.925,101,53,48,17606,9360,8246,176.6,171.8,52.47,27.53,24.94,73167.79,64,64,0,0,0,0,0,183,0,0,Benign,None,Benign,0
1735,UE_4,udp,116.4,-40.44,52.68,0.233,0.233,6,4,2,393,290,103,72.4,51.7,25.75,17.17,8.58,13493.56,64,64,0,0,0,0,0,254,0,0,Benign,None,Benign,0
3138,UE_7,tcp,413,-60.04,34.55,0.0877,0.0877,805,805,0,32200,32200,0,40,0,9179.02,9179.02,0,2937286.2,128,0,1024,0,0,0,0,0,805,100,SYNFlood,Hping3,Malicious,1
712,UE_2,tcp,235.5,-52.57,41.45,2.775,2.775,502,54,448,568089,5983,562106,110.8,1254.7,180.9,19.46,161.44,1637734.05,64,64,131072,131072,0.02,0.01,0.01,273,1,0.05,Benign,None,Benign,0
2027,UE_5,tcp,309,-53.15,39.39,12.021,12.021,964,81,883,1294364,5184,1289180,64,1460,80.19,6.74,73.45,861401.88,64,64,262144,262144,0.0196,0.0098,0.0098,458,0,0,Benign,None,Benign,0
4725,UE_10,tcp,440.7,-54.72,39.56,60.42,60.42,25,16,9,771,411,360,25.7,40,0.41,0.26,0.15,102.09,64,64,512,16384,0.1797,0.1078,0.0719,128,0,0,SlowrateDoS,Slowloris,Malicious,1
4695,UE_10,tcp,440.7,-53.8,39.89,49.37,49.37,16,11,5,473,273,200,24.8,40,0.32,0.22,0.1,76.65,64,64,512,16384,0.0868,0.0521,0.0347,128,0,0,SlowrateDoS,Slowloris,Malicious,1
4479,UE_9,tcp,409.2,-55.19,38.56,0.0041,0.0041,1,1,0,44,44,0,44,0,243.9,243.9,0,85853.66,49,0,1024,0,0,0,0,0,1,100,SYNScan,Nmap,Malicious,1
675,UE_2,tcp,235.5,-53.27,40.27,5.466,5.466,442,70,372,485487,6797,478690,97.1,1286.8,80.86,12.81,68.06,710555.43,64,64,131072,131072,0.0163,0.0082,0.0082,212,0,0,Benign,None,Benign,0
3341,UE_7,tcp,413,-59.81,35.23,0.0655,0.0655,951,951,0,38040,38040,0,40,0,14519.08,14519.08,0,4646106.87,128,0,1024,0,0,0,0,0,951,100,SYNFlood,Hping3,Malicious,1
3067,UE_7,tcp,413,-59.95,33.99,0.0745,0.0745,802,802,0,32080,32080,0,40,0,10765.1,10765.1,0,3444832.21,128,0,1024,0,0,0,0,0,802,100,SYNFlood,Hping3,Malicious,1
811,UE_2,tcp,235.5,-52.58,40.87,7.484,7.484,260,52,208,298865,5855,293010,112.6,1408.7,34.74,6.95,27.79,319470.87,64,64,131072,131072,0.0197,0.0099,0.0099,267,0,0,Benign,None,Benign,0
3783,UE_8,udp,403.8,-51.53,40.16,0.394,0.394,2232,2232,0,1889165,1889165,0,846.4,0,5664.97,5664.97,0,38358680.2,64,0,0,0,0,0,0,0,1786,80,UDPFlood,Hping3,Malicious,1
2300,UE_5,tcp,309,-52.36,39.61,12.188,12.188,866,46,820,1200144,2944,1197200,64,1460,71.05,3.77,67.28,787754.51,64,64,262144,262144,0.0202,0.0101,0.0101,189,0,0,Benign,None,Benign,0
3507,UE_8,udp,403.8,-51.64,40.58,0.552,0.552,1743,1743,0,1668923,1668923,0,957.5,0,3157.61,3157.61,0,24187289.86,64,0,0,0,0,0,0,0,1394,80,UDPFlood,Hping3,Malicious,1
4852,UE_10,tcp,440.7,-53.87,39.73,32.34,32.34,24,19,5,880,680,200,35.8,40,0.74,0.59,0.15,217.69,64,64,512,16384,0.2239,0.1343,0.0896,128,0,0,SlowrateDoS,Slowloris,Malicious,1
2422,UE_5,tcp,309,-53.05,39.69,7.797,7.797,601,93,508,747632,5952,741680,64,1460,77.08,11.93,65.15,767097.09,64,64,262144,262144,0.0238,0.0119,0.0119,506,1,0.05,Benign,None,Benign,0
4197,UE_9,tcp,409.2,-55.57,38.45,0.0023,0.0023,1,1,0,44,44,0,44,0,434.78,434.78,0,153043.48,53,0,1024,0,0,0,0,0,1,100,SYNScan,Nmap,Malicious,1
1975,UE_4,udp,116.4,-41.27,51.97,0.217,0.217,4,3,1,326,263,63,87.5,63,18.43,13.82,4.61,12018.43,64,64,0,0,0,0,0,370,0,0,Benign,None,Benign,0
1992,UE_4,udp,116.4,-39.97,50.88,0.086,0.086,5,3,2,307,205,102,68.4,51.2,58.14,34.88,23.26,28558.14,64,64,0,0,0,0,0,400,0,0,Benign,None,Benign,0
3081,UE_7,tcp,413,-59.67,33.09,0.0165,0.0165,973,973,0,38920,38920,0,40,0,58969.7,58969.7,0,18870303.03,128,0,1024,0,0,0,0,0,973,100,SYNFlood,Hping3,Malicious,1
2281,UE_5,tcp,309,-52.8,39.34,12.233,12.233,801,50,751,1099660,3200,1096460,64,1460,65.48,4.09,61.39,719143.3,64,64,262144,262144,0.0133,0.0067,0.0067,414,0,0,Benign,None,Benign,0
882,UE_2,tcp,235.5,-51.83,40.61,4.989,4.989,366,40,326,398009,3908,394101,97.7,1208.9,73.36,8.02,65.34,638218.48,64,64,131072,131072,0.0164,0.0082,0.0082,164,0,0,Benign,None,Benign,0
3479,UE_7,tcp,413,-59.13,33.87,0.0604,0.0604,300,300,0,12000,12000,0,40,0,4966.89,4966.89,0,1589403.97,128,0,1024,0,0,0,0,0,300,100,SYNFlood,Hping3,Malicious,1
4404,UE_9,tcp,409.2,-54.98,38.89,0.0039,0.0039,1,1,0,44,44,0,44,0,256.41,256.41,0,90256.41,46,0,1024,0,0,0,0,0,1,100,SYNScan,Nmap,Malicious,1
2476,UE_5,tcp,309,-52.63,40.17,11.474,11.474,685,63,622,912152,4032,908120,64,1460,59.7,5.49,54.21,635978.39,64,64,262144,262144,0.0217,0.0109,0.0109,210,0,0,Benign,None,Benign,0
4257,UE_9,tcp,409.2,-55.22,38.72,0.0037,0.0037,1,1,0,44,44,0,44,0,270.27,270.27,0,95135.14,51,0,1024,0,0,0,0,0,1,100,SYNScan,Nmap,Malicious,1
2885,UE_6,tcp,321,-51.59,39.49,1.43,1.43,64,18,46,36467,5495,30972,305.3,673.3,44.76,12.59,32.17,204011.19,64,64,65535,65535,0.0276,0.0138,0.0138,312,1,0.05,Benign,None,Benign,0
1198,UE_3,udp,127.5,-40.73,50.93,4.788,4.788,208,106,102,35128,18084,17044,170.6,167.1,43.44,22.14,21.3,58693.4,64,64,0,0,0,0,0,470,1,0.05,Benign,None,Benign,0
1684,UE_4,udp,116.4,-40.42,52.27,0.159,0.159,3,2,1,230,171,59,85.5,59,18.87,12.58,6.29,11572.33,64,64,0,0,0,0,0,244,0,0,Benign,None,Benign,0
4532,UE_10,tcp,440.7,-54.52,39.95,54.42,54.42,21,11,10,707,307,400,27.9,40,0.39,0.2,0.18,103.93,64,64,512,16384,0.1813,0.1088,0.0725,128,0,0,SlowrateDoS,Slowloris,Malicious,1
3927,UE_8,udp,403.8,-52.34,41.36,0.529,0.529,2305,2305,0,1186614,1186614,0,514.8,0,4357.28,4357.28,0,17945013.23,64,0,0,0,0,0,0,0,1844,80,UDPFlood,Hping3,Malicious,1
2083,UE_5,tcp,309,-52.81,39.63,8.784,8.784,409,66,343,505004,4224,500780,64,1460,46.56,7.51,39.05,459930.78,64,64,262144,262144,0.0254,0.0127,0.0127,134,0,0,Benign,None,Benign,0
156,UE_1,tcp,146.1,-44.24,48.41,2.064,2.064,65,25,40,40948,6220,34728,248.8,868.2,31.49,12.11,19.38,158713.18,64,64,65535,65535,0.0359,0.018,0.018,338,0,0,Benign,None,Benign,0
2194,UE_5,tcp,309,-52.92,39.48,6.671,6.671,590,47,543,795788,3008,792780,64,1460,88.44,7.05,81.4,954325.29,64,64,262144,262144,0.0126,0.0063,0.0063,454,0,0,Benign,None,Benign,0
2089,UE_5,tcp,309,-52.82,40.62,12.714,12.714,455,59,396,581936,3776,578160,64,1460,35.79,4.64,31.15,366170.21,64,64,262144,262144,0.0197,0.0099,0.0099,232,0,0,Benign,None,Benign,0
1824,UE_4,udp,116.4,-40.12,52.81,0.237,0.237,4,2,2,275,166,109,83.1,54.6,16.88,8.44,8.44,9282.7,64,64,0,0,0,0,0,412,0,0,Benign,None,Benign,0
1730,UE_4,udp,116.4,-39.77,52.49,0.176,0.176,6,4,2,416,301,115,75.2,57.4,34.09,22.73,11.36,18909.09,64,64,0,0,0,0,0,216,0,0,Benign,None,Benign,0
3724,UE_8,udp,403.8,-51.51,40.6,0.208,0.208,1585,1585,0,1512090,1512090,0,954,0,7620.19,7620.19,0,58157307.69,64,0,0,0,0,0,0,0,1268,80,UDPFlood,Hping3,Malicious,1
3135,UE_7,tcp,413,-59.69,33.45,0.0704,0.0704,995,995,0,39800,39800,0,40,0,14133.52,14133.52,0,4522727.27,128,0,1024,0,0,0,0,0,995,100,SYNFlood,Hping3,Malicious,1
1679,UE_4,udp,116.4,-40.34,52.54,0.203,0.203,6,4,2,412,285,127,71.2,63.6,29.56,19.7,9.85,16236.45,64,64,0,0,0,0,0,149,0,0,Benign,None,Benign,0
3442,UE_7,tcp,413,-60.42,33.91,0.1011,0.1011,908,908,0,36320,36320,0,40,0,8981.21,8981.21,0,2873986.15,128,0,1024,0,0,0,0,0,908,100,SYNFlood,Hping3,Malicious,1
3261,UE_7,tcp,413,-59.5,34.35,0.09,0.09,347,347,0,13880,13880,0,40,0,3855.56,3855.56,0,1233777.78,128,0,1024,0,0,0,0,0,347,100,SYNFlood,Hping3,Malicious,1
922,UE_2,tcp,235.5,-52.05,40.45,2.19,2.19,309,34,275,385592,4002,381590,117.7,1387.6,141.1,15.53,125.57,1408555.25,64,64,131072,131072,0.0118,0.0059,0.0059,239,0,0,Benign,None,Benign,0
1408,UE_3,udp,127.5,-42.72,50.79,1.964,1.964,214,108,106,36403,19051,17352,176.4,163.7,108.96,54.99,53.97,148281.06,64,64,0,0,0,0,0,223,0,0,Benign,None,Benign,0
4431,UE_9,tcp,409.2,-55.63,38.12,0.0041,0.0041,1,1,0,44,44,0,44,0,243.9,243.9,0,85853.66,56,0,1024,0,0,0,0,0,1,100,SYNScan,Nmap,Malicious,1
1719,UE_4,udp,116.4,-40.37,52.56,0.172,0.172,5,4,1,349,298,51,74.4,50.9,29.07,23.26,5.81,16232.56,64,64,0,0,0,0,0,477,0,0,Benign,None,Benign,0
3179,UE_7,tcp,413,-59.22,34.29,0.0698,0.0698,303,303,0,12120,12120,0,40,0,4340.97,4340.97,0,1389111.75,128,0,1024,0,0,0,0,0,303,100,SYNFlood,Hping3,Malicious,1
4989,UE_10,tcp,440.7,-54.41,39.81,25.97,25.97,22,15,7,786,506,280,33.7,40,0.85,0.58,0.27,242.13,64,64,512,16384,0.134,0.0804,0.0536,128,0,0,SlowrateDoS,Slowloris,Malicious,1
3414,UE_7,tcp,413,-60,33.71,0.0118,0.0118,477,477,0,19080,19080,0,40,0,40423.73,40423.73,0,12935593.22,128,0,1024,0,0,0,0,0,477,100,SYNFlood,Hping3,Malicious,1
3186,UE_7,tcp,413,-60.48,34.46,0.0103,0.0103,639,639,0,25560,25560,0,40,0,62038.83,62038.83,0,19852427.18,128,0,1024,0,0,0,0,0,639,100,SYNFlood,Hping3,Malicious,1
3640,UE_8,udp,403.8,-52.76,40.69,0.166,0.166,1651,1651,0,1134567,1134567,0,687.2,0,9945.78,9945.78,0,54677927.71,64,0,0,0,0,0,0,0,1321,80,UDPFlood,Hping3,Malicious,1
1043,UE_3,udp,127.5,-41.48,52.02,3.296,3.296,149,75,74,24647,12030,12617,160.4,170.5,45.21,22.75,22.45,59822.82,64,64,0,0,0,0,0,475,1,0.05,Benign,None,Benign,0
1070,UE_3,udp,127.5,-41.09,51.42,4.637,4.637,171,87,84,28411,14694,13717,168.9,163.3,36.88,18.76,18.12,49016.17,64,64,0,0,0,0,0,500,0,0,Benign,None,Benign,0
7,UE_1,tcp,146.1,-44.96,47.95,3.05,3.05,72,33,39,50453,5346,45107,162,1156.6,23.61,10.82,12.79,132335.74,64,64,65535,65535,0.0378,0.0189,0.0189,253,1,0.05,Benign,None,Benign,0
3113,UE_7,tcp,413,-60.19,34.43,0.0674,0.0674,225,225,0,9000,9000,0,40,0,3338.28,3338.28,0,1068249.26,128,0,1024,0,0,0,0,0,225,100,SYNFlood,Hping3,Malicious,1
1123,UE_3,udp,127.5,-41.45,51.53,4.001,4.001,298,148,150,49944,23769,26175,160.6,174.5,74.48,36.99,37.49,99863.03,64,64,0,0,0,0,0,490,0,0,Benign,None,Benign,0
3903,UE_8,udp,403.8,-52.42,39.78,0.327,0.327,1694,1694,0,1220696,1220696,0,720.6,0,5180.43,5180.43,0,29864122.32,64,0,0,0,0,0,0,0,1355,80,UDPFlood,Hping3,Malicious,1
3685,UE_8,udp,403.8,-52.08,40.12,0.519,0.519,874,874,0,885624,885624,0,1013.3,0,1684.01,1684.01,0,13651236.99,64,0,0,0,0,0,0,0,699,80,UDPFlood,Hping3,Malicious,1
1126,UE_3,udp,127.5,-41.32,50.73,4.777,4.777,287,141,146,48778,24746,24032,175.5,164.6,60.08,29.52,30.56,81688.09,64,64,0,0,0,0,0,278,0,0,Benign,None,Benign,0
2927,UE_6,tcp,321,-50.99,39.83,1.2,1.2,60,31,29,28976,12571,16405,405.5,565.7,50,25.83,24.17,193173.33,64,64,65535,65535,0.0222,0.0111,0.0111,270,1,0.05,Benign,None,Benign,0
414,UE_1,tcp,146.1,-44.47,48.32,2.831,2.831,64,31,33,38645,5599,33046,180.6,1001.4,22.61,10.95,11.66,109205.23,64,64,65535,65535,0.0352,0.0176,0.0176,464,1,0.05,Benign,None,Benign,0
2845,UE_6,tcp,321,-51.11,39.15,1.85,1.85,74,43,31,37630,20958,16672,487.4,537.8,40,23.24,16.76,162724.32,64,64,65535,65535,0.0441,0.0221,0.0221,212,0,0,Benign,None,Benign,0
4647,UE_10,tcp,440.7,-54.42,39.97,33.86,33.86,21,10,11,779,339,440,33.9,40,0.62,0.3,0.32,184.05,64,64,512,16384,0.2284,0.137,0.0914,128,0,0,SlowrateDoS,Slowloris,Malicious,1
677,UE_2,tcp,235.5,-52.57,41.01,3.722,3.722,280,71,209,293826,6284,287542,88.5,1375.8,75.23,19.08,56.15,631544.33,64,64,131072,131072,0.0181,0.0091,0.0091,503,1,0.05,Benign,None,Benign,0
751,UE_2,tcp,235.5,-53.02,41.22,9.359,9.359,429,32,397,516922,2608,514314,81.5,1295.5,45.84,3.42,42.42,441860.88,64,64,131072,131072,0.0208,0.0104,0.0104,320,1,0.05,Benign,None,Benign,0
1026,UE_3,udp,127.5,-42.05,52.22,1.227,1.227,275,135,140,46578,23814,22764,176.4,162.6,224.12,110.02,114.1,303687.04,64,64,0,0,0,0,0,464,0,0,Benign,None,Benign,0
1042,UE_3,udp,127.5,-41.56,51.64,2.971,2.971,236,118,118,41831,21228,20603,179.9,174.6,79.43,39.72,39.72,112638.17,64,64,0,0,0,0,0,230,1,0.05,Benign,None,Benign,0
2114,UE_5,tcp,309,-53.73,40.3,6.857,6.857,832,44,788,1153296,2816,1150480,64,1460,121.34,6.42,114.92,1345540.03,64,64,262144,262144,0.0207,0.0104,0.0104,171,1,0.05,Benign,None,Benign,0
2903,UE_6,tcp,321,-51,40.07,1.003,1.003,90,40,50,37508,16628,20880,415.7,417.6,89.73,39.88,49.85,299166.5,64,64,65535,65535,0.0395,0.0198,0.0198,493,0,0,Benign,None,Benign,0
617,UE_2,tcp,235.5,-52.19,40.41,3.211,3.211,432,70,362,475031,6132,468899,87.6,1295.3,134.54,21.8,112.74,1183509.19,64,64,131072,131072,0.0121,0.0061,0.0061,269,0,0,Benign,None,Benign,0
1703,UE_4,udp,116.4,-39.09,52.43,0.184,0.184,3,2,1,230,174,56,86.9,56.3,16.3,10.87,5.43,10000,64,64,0,0,0,0,0,408,0,0,Benign,None,Benign,0
364,UE_1,tcp,146.1,-44.72,47.63,2.933,2.933,44,17,27,35615,3196,32419,188,1200.7,15,5.8,9.21,97142.86,64,64,65535,65535,0.0268,0.0134,0.0134,406,0,0,Benign,None,Benign,0
1721,UE_4,udp,116.4,-40.41,52.38,0.22,0.22,2,1,1,119,65,54,65.4,53.8,9.09,4.55,4.55,4327.27,64,64,0,0,0,0,0,442,0,0,Benign,None,Benign,0
844,UE_2,tcp,235.5,-52.9,41.56,3.361,3.361,323,46,277,356871,4250,352621,92.4,1273,96.1,13.69,82.42,849440.05,64,64,131072,131072,0.0294,0.0147,0.0147,510,0,0,Benign,None,Benign,0
1646,UE_4,udp,116.4,-40.27,52.82,0.115,0.115,2,1,1,122,71,51,71.1,51.1,17.39,8.7,8.7,8486.96,64,64,0,0,0,0,0,143,0,0,Benign,None,Benign,0
2614,UE_6,tcp,321,-51.02,39.7,1.719,1.719,55,17,38,23073,7166,15907,421.5,418.6,32,9.89,22.11,107378.71,64,64,65535,65535,0.0301,0.0151,0.0151,190,0,0,Benign,None,Benign,0
4079,UE_9,tcp,409.2,-55.08,39.43,0.0026,0.0026,1,1,0,44,44,0,44,0,384.62,384.62,0,135384.62,54,0,1024,0,0,0,0,0,1,100,SYNScan,Nmap,Malicious,1
218,UE_1,tcp,146.1,-45.03,48.41,3.933,3.933,74,17,57,72375,3832,68543,225.4,1202.5,18.82,4.32,14.49,147215.87,64,64,65535,65535,0.0155,0.0078,0.0078,481,0,0,Benign,None,Benign,0
4955,UE_10,tcp,440.7,-54.46,39.83,42.02,42.02,23,13,10,713,313,400,24.1,40,0.55,0.31,0.24,135.74,64,64,512,16384,0.1818,0.1091,0.0727,128,0,0,SlowrateDoS,Slowloris,Malicious,1
2977,UE_6,tcp,321,-51.34,39.5,2.926,2.926,77,27,50,35516,9266,26250,343.2,525,26.32,9.23,17.09,97104.58,64,64,65535,65535,0.0295,0.0148,0.0148,205,1,0.05,Benign,None,Benign,0
2065,UE_5,tcp,309,-54.19,39.64,11.925,11.925,662,72,590,866008,4608,861400,64,1460,55.51,6.04,49.48,580969.73,64,64,262144,262144,0.0223,0.0112,0.0112,215,0,0,Benign,None,Benign,0
406,UE_1,tcp,146.1,-44.43,48.9,0.555,0.555,42,12,30,35305,1834,33471,152.8,1115.7,75.68,21.62,54.05,508900.9,64,64,65535,65535,0.0278,0.0139,0.0139,255,0,0,Benign,None,Benign,0
2278,UE_5,tcp,309,-52.81,40.75,4.49,4.49,628,84,544,799616,5376,794240,64,1460,139.87,18.71,121.16,1424705.57,64,64,262144,262144,0.0129,0.0065,0.0065,209,0,0,Benign,None,Benign,0
2842,UE_6,tcp,321,-50.58,39.74,1.836,1.836,71,30,41,36541,9186,27355,306.2,667.2,38.67,16.34,22.33,159220.04,64,64,65535,65535,0.0392,0.0196,0.0196,439,1,0.05,Benign,None,Benign,0
3348,UE_7,tcp,413,-59.02,34.01,0.0922,0.0922,815,815,0,32600,32600,0,40,0,8839.48,8839.48,0,2828633.41,128,0,1024,0,0,0,0,0,815,100,SYNFlood,Hping3,Malicious,1
1896,UE_4,udp,116.4,-40.09,52.02,0.091,0.091,4,2,2,289,187,102,93.6,50.9,43.96,21.98,21.98,25406.59,64,64,0,0,0,0,0,506,0,0,Benign,None,Benign,0
1223,UE_3,udp,127.5,-41.27,50.64,4.821,4.821,217,108,109,35286,17388,17898,161,164.2,45.01,22.4,22.61,58553.83,64,64,0,0,0,0,0,338,0,0,Benign,None,Benign,0
318,UE_1,tcp,146.1,-44.41,48.43,1.217,1.217,57,28,29,30125,4530,25595,161.8,882.6,46.84,23.01,23.83,198027.94,64,64,65535,65535,0.0151,0.0076,0.0076,189,1,0.05,Benign,None,Benign,0
4407,UE_9,tcp,409.2,-54.72,38.43,0.002,0.002,2,1,1,84,44,40,44,40,1000,500,500,336000,56,55,1024,0,0.0084,0,0,0,0,0,SYNScan,Nmap,Malicious,1
3963,UE_8,udp,403.8,-52.2,40.39,0.13,0.13,1865,1865,0,1220829,1220829,0,654.6,0,14346.15,14346.15,0,75127938.46,64,0,0,0,0,0,0,0,1492,80,UDPFlood,Hping3,Malicious,1
3583,UE_8,udp,403.8,-51.8,41.55,0.565,0.565,1463,1463,0,1314359,1314359,0,898.4,0,2589.38,2589.38,0,18610392.92,64,0,0,0,0,0,0,0,1170,80,UDPFlood,Hping3,Malicious,1
2924,UE_6,tcp,321,-51.35,40.14,1.877,1.877,87,42,45,42663,20509,22154,488.3,492.3,46.35,22.38,23.97,181834.84,64,64,65535,65535,0.0297,0.0149,0.0149,297,0,0,Benign,None,Benign,0
3923,UE_8,udp,403.8,-51.83,40.77,0.502,0.502,1910,1910,0,1216288,1216288,0,636.8,0,3804.78,3804.78,0,19383075.7,64,0,0,0,0,0,0,0,1528,80,UDPFlood,Hping3,Malicious,1
2949,UE_6,tcp,321,-51.96,39.07,1.732,1.732,69,26,43,28043,9334,18709,359,435.1,39.84,15.01,24.83,129528.87,64,64,65535,65535,0.0264,0.0132,0.0132,448,1,0.05,Benign,None,Benign,0
329,UE_1,tcp,146.1,-44.16,48.51,3.566,3.566,77,25,52,68108,5630,62478,225.2,1201.5,21.59,7.01,14.58,152794.17,64,64,65535,65535,0.0305,0.0153,0.0153,339,0,0,Benign,None,Benign,0
2811,UE_6,tcp,321,-51.55,39.49,2.438,2.438,52,21,31,24884,10401,14483,495.3,467.2,21.33,8.61,12.72,81653.81,64,64,65535,65535,0.034,0.017,0.017,387,1,0.05,Benign,None,Benign,0
290,UE_1,tcp,146.1,-43.87,48.13,0.814,0.814,73,24,49,62326,4001,58325,166.7,1190.3,89.68,29.48,60.2,612540.54,64,64,65535,65535,0.0325,0.0163,0.0163,355,0,0,Benign,None,Benign,0
1072,UE_3,udp,127.5,-41.63,51.86,2.426,2.426,133,69,64,22481,11371,11110,164.8,173.6,54.82,28.44,26.38,74133.55,64,64,0,0,0,0,0,502,0,0,Benign,None,Benign,0
3958,UE_8,udp,403.8,-52.41,40.35,0.243,0.243,747,747,0,492497,492497,0,659.3,0,3074.07,3074.07,0,16213893,64,0,0,0,0,0,0,0,598,80,UDPFlood,Hping3,Malicious,1
3465,UE_7,tcp,413,-60.39,34.24,0.042,0.042,340,340,0,13600,13600,0,40,0,8095.24,8095.24,0,2590476.19,128,0,1024,0,0,0,0,0,340,100,SYNFlood,Hping3,Malicious,1
1778,UE_4,udp,116.4,-40.83,51.91,0.22,0.22,4,3,1,260,200,60,66.5,60,18.18,13.64,4.55,9454.55,64,64,0,0,0,0,0,141,1,0.05,Benign,None,Benign,0
4547,UE_10,tcp,440.7,-53.2,39.4,35.34,35.34,14,9,5,492,292,200,32.4,40,0.4,0.25,0.14,111.38,64,64,512,16384,0.1262,0.0757,0.0505,128,0,0,SlowrateDoS,Slowloris,Malicious,1
4825,UE_10,tcp,440.7,-53.65,39.37,35.8,35.8,23,16,7,720,440,280,27.5,40,0.64,0.45,0.2,160.89,64,64,512,16384,0.1413,0.0848,0.0565,128,0,0,SlowrateDoS,Slowloris,Malicious,1
569,UE_2,tcp,235.5,-52.08,41.26,6.298,6.298,419,64,355,457292,6726,450566,105.1,1269.2,66.53,10.16,56.37,580872.66,64,64,131072,131072,0.0108,0.0054,0.0054,264,0,0,Benign,None,Benign,0
2983,UE_6,tcp,321,-51.78,40.73,2.78,2.78,49,24,25,24059,9811,14248,408.8,569.9,17.63,8.63,8.99,69234.53,64,64,65535,65535,0.0406,0.0203,0.0203,369,0,0,Benign,None,Benign,0
4997,UE_10,tcp,440.7,-54.24,39.16,26.8,26.8,18,14,4,675,515,160,36.8,40,0.67,0.52,0.15,201.49,64,64,512,16384,0.1837,0.1102,0.0735,128,0,0,SlowrateDoS,Slowloris,Malicious,1
3004,UE_7,tcp,413,-59.83,33.63,0.1049,0.1049,989,989,0,39560,39560,0,40,0,9428.03,9428.03,0,3016968.54,128,0,1024,0,0,0,0,0,989,100,SYNFlood,Hping3,Malicious,1
1237,UE_3,udp,127.5,-41.2,50.18,3.907,3.907,167,85,82,28602,14646,13956,172.3,170.2,42.74,21.76,20.99,58565.65,64,64,0,0,0,0,0,132,1,0.05,Benign,None,Benign,0
3018,UE_7,tcp,413,-59.68,34.16,0.0259,0.0259,428,428,0,17120,17120,0,40,0,16525.1,16525.1,0,5288030.89,128,0,1024,0,0,0,0,0,428,100,SYNFlood,Hping3,Malicious,1
3141,UE_7,tcp,413,-61.17,32.96,0.0224,0.0224,544,544,0,21760,21760,0,40,0,24285.71,24285.71,0,7771428.57,128,0,1024,0,0,0,0,0,544,100,SYNFlood,Hping3,Malicious,1
2022,UE_5,tcp,309,-52.76,40.62,11.292,11.292,488,98,390,575672,6272,569400,64,1460,43.22,8.68,34.54,407844.14,64,64,262144,262144,0.0195,0.0098,0.0098,511,1,0.05,Benign,None,Benign,0
3230,UE_7,tcp,413,-60.01,33.49,0.0545,0.0545,789,789,0,31560,31560,0,40,0,14477.06,14477.06,0,4632660.55,128,0,1024,0,0,0,0,0,789,100,SYNFlood,Hping3,Malicious,1
1550,UE_4,udp,116.4,-39.58,51.29,0.211,0.211,3,2,1,239,184,55,91.8,54.6,14.22,9.48,4.74,9061.61,64,64,0,0,0,0,0,481,0,0,Benign,None,Benign,0
1174,UE_3,udp,127.5,-41.82,51.95,4.069,4.069,224,112,112,38942,18816,20126,168,179.7,55.05,27.53,27.53,76563.28,64,64,0,0,0,0,0,251,0,0,Benign,None,Benign,0
2793,UE_6,tcp,321,-50.97,39.99,1.898,1.898,76,45,31,32838,20156,12682,447.9,409.1,40.04,23.71,16.33,138410.96,64,64,65535,65535,0.0374,0.0187,0.0187,504,0,0,Benign,None,Benign,0
2426,UE_5,tcp,309,-53.13,40.29,12.404,12.404,761,67,694,1017528,4288,1013240,64,1460,61.35,5.4,55.95,656257.98,64,64,262144,262144,0.0179,0.009,0.009,445,1,0.05,Benign,None,Benign,0
2761,UE_6,tcp,321,-51.11,39.98,1.24,1.24,60,39,21,31233,18587,12646,476.6,602.2,48.39,31.45,16.94,201503.23,64,64,65535,65535,0.0293,0.0147,0.0147,342,1,0.05,Benign,None,Benign,0
3127,UE_7,tcp,413,-59.27,34.51,0.0604,0.0604,447,447,0,17880,17880,0,40,0,7400.66,7400.66,0,2368211.92,128,0,1024,0,0,0,0,0,447,100,SYNFlood,Hping3,Malicious,1
661,UE_2,tcp,235.5,-53.25,40.62,4.774,4.774,486,68,418,545173,7500,537673,110.3,1286.3,101.8,14.24,87.56,913570.17,64,64,131072,131072,0.0249,0.0125,0.0125,348,0,0,Benign,None,Benign,0
3303,UE_7,tcp,413,-59.61,34.74,0.036,0.036,703,703,0,28120,28120,0,40,0,19527.78,19527.78,0,6248888.89,128,0,1024,0,0,0,0,0,703,100,SYNFlood,Hping3,Malicious,1
3451,UE_7,tcp,413,-59.92,34.53,0.0355,0.0355,998,998,0,39920,39920,0,40,0,28112.68,28112.68,0,8996056.34,128,0,1024,0,0,0,0,0,998,100,SYNFlood,Hping3,Malicious,1
2711,UE_6,tcp,321,-51.38,39.59,3.207,3.207,66,25,41,36604,8790,27814,351.6,678.4,20.58,7.8,12.78,91310.26,64,64,65535,65535,0.0368,0.0184,0.0184,215,1,0.05,Benign,None,Benign,0
4599,UE_10,tcp,440.7,-54.37,40.5,32.03,32.03,23,13,10,881,481,400,37,40,0.72,0.41,0.31,220.04,64,64,512,16384,0.1517,0.091,0.0607,128,0,0,SlowrateDoS,Slowloris,Malicious,1
4753,UE_10,tcp,440.7,-53.17,39.58,27.26,27.26,21,15,6,689,449,240,29.9,40,0.77,0.55,0.22,202.2,64,64,512,16384,0.1489,0.0893,0.0596,128,0,0,SlowrateDoS,Slowloris,Malicious,1
468,UE_1,tcp,146.1,-43.71,48.32,4.483,4.483,78,21,57,51037,3875,47162,184.5,827.4,17.4,4.68,12.71,91076.51,64,64,65535,65535,0.0211,0.0106,0.0106,251,0,0,Benign,None,Benign,0
2247,UE_5,tcp,309,-52.86,38.59,8.216,8.216,670,49,621,909796,3136,906660,64,1460,81.55,5.96,75.58,885877.31,64,64,262144,262144,0.0257,0.0129,0.0129,180,0,0,Benign,None,Benign,0
2072,UE_5,tcp,309,-53.26,40.15,9.871,9.871,715,55,660,967120,3520,963600,64,1460,72.43,5.57,66.86,783807.11,64,64,262144,262144,0.0223,0.0112,0.0112,206,0,0,Benign,None,Benign,0
2656,UE_6,tcp,321,-51.11,40.17,3.298,3.298,84,41,43,40368,17728,22640,432.4,526.5,25.47,12.43,13.04,97921.16,64,64,65535,65535,0.0383,0.0192,0.0192,181,1,0.05,Benign,None,Benign,0
2110,UE_5,tcp,309,-53.32,39.83,4.845,4.845,759,61,698,1022984,3904,1019080,64,1460,156.66,12.59,144.07,1689137.67,64,64,262144,262144,0.0192,0.0096,0.0096,194,1,0.05,Benign,None,Benign,0
4900,UE_10,tcp,440.7,-54.01,39.31,45.53,45.53,26,19,7,839,559,280,29.4,40,0.57,0.42,0.15,147.42,64,64,512,16384,0.203,0.1218,0.0812,128,0,0,SlowrateDoS,Slowloris,Malicious,1
2526,UE_6,tcp,321,-51.66,39.63,1.218,1.218,64,29,35,34393,11783,22610,406.3,646,52.55,23.81,28.74,225898.19,64,64,65535,65535,0.0329,0.0165,0.0165,287,0,0,Benign,None,Benign,0
1257,UE_3,udp,127.5,-42.07,51.09,5.793,5.793,154,76,78,27106,13589,13517,178.8,173.3,26.58,13.12,13.46,37432.76,64,64,0,0,0,0,0,418,0,0,Benign,None,Benign,0
2981,UE_6,tcp,321,-51.64,39.32,0.84,0.84,49,15,34,24616,5049,19567,336.6,575.5,58.33,17.86,40.48,234438.1,64,64,65535,65535,0.0302,0.0151,0.0151,371,0,0,Benign,None,Benign,0
1799,UE_4,udp,116.4,-39.69,52.26,0.099,0.099,6,4,2,458,334,124,83.5,62,60.61,40.4,20.2,37010.1,64,64,0,0,0,0,0,300,1,0.05,Benign,None,Benign,0
4735,UE_10,tcp,440.7,-53.62,39.31,29.08,29.08,28,16,12,976,496,480,31,40,0.96,0.55,0.41,268.5,64,64,512,16384,0.1837,0.1102,0.0735,128,0,0,SlowrateDoS,Slowloris,Malicious,1
1119,UE_3,udp,127.5,-42.22,51.95,4.835,4.835,287,145,142,48210,25433,22777,175.4,160.4,59.36,29.99,29.37,79768.36,64,64,0,0,0,0,0,392,1,0.05,Benign,None,Benign,0
3604,UE_8,udp,403.8,-51.94,39.7,0.474,0.474,1171,1171,0,832347,832347,0,710.8,0,2470.46,2470.46,0,14048050.63,64,0,0,0,0,0,0,0,937,80,UDPFlood,Hping3,Malicious,1
1650,UE_4,udp,116.4,-40.08,51.79,0.124,0.124,2,1,1,147,92,55,92.1,55,16.13,8.06,8.06,9483.87,64,64,0,0,0,0,0,284,0,0,Benign,None,Benign,0
2726,UE_6,tcp,321,-51.58,41.1,2.412,2.412,57,16,41,27882,7062,20820,441.4,507.8,23.63,6.63,17,92477.61,64,64,65535,65535,0.0255,0.0128,0.0128,472,0,0,Benign,None,Benign,0
3829,UE_8,udp,403.8,-51.46,40.65,0.413,0.413,2441,2441,0,1903248,1903248,0,779.7,0,5910.41,5910.41,0,36866789.35,64,0,0,0,0,0,0,0,1953,80,UDPFlood,Hping3,Malicious,1
4263,UE_9,tcp,409.2,-55.89,37.47,0.0032,0.0032,2,1,1,84,44,40,44,40,625,312.5,312.5,210000,55,55,1024,0,0.0085,0,0,0,0,0,SYNScan,Nmap,Malicious,1
4668,UE_10,tcp,440.7,-53.47,38.86,47.79,47.79,16,9,7,588,308,280,34.2,40,0.33,0.19,0.15,98.43,64,64,512,16384,0.1834,0.11,0.0734,128,0,0,SlowrateDoS,Slowloris,Malicious,1
1920,UE_4,udp,116.4,-39.58,52.26,0.155,0.155,3,1,2,188,87,101,87.4,50.6,19.35,6.45,12.9,9703.23,64,64,0,0,0,0,0,273,1,0.05,Benign,None,Benign,0
943,UE_2,tcp,235.5,-53.15,40.72,4.788,4.788,383,39,344,460952,3845,457107,98.6,1328.8,79.99,8.15,71.85,770178.78,64,64,131072,131072,0.0186,0.0093,0.0093,321,0,0,Benign,None,Benign,0
650,UE_2,tcp,235.5,-52.42,40.96,4.673,4.673,382,56,326,460212,4497,455715,80.3,1397.9,81.75,11.98,69.76,787865.61,64,64,131072,131072,0.0243,0.0122,0.0122,183,0,0,Benign,None,Benign,0
3250,UE_7,tcp,413,-59.76,33.79,0.1028,0.1028,270,270,0,10800,10800,0,40,0,2626.46,2626.46,0,840466.93,128,0,1024,0,0,0,0,0,270,100,SYNFlood,Hping3,Malicious,1
4194,UE_9,tcp,409.2,-54.39,38.72,0.0055,0.0055,1,1,0,44,44,0,44,0,181.82,181.82,0,64000,46,0,1024,0,0,0,0,0,1,100,SYNScan,Nmap,Malicious,1
2420,UE_5,tcp,309,-53.2,40.08,12.524,12.524,612,59,553,811156,3776,807380,64,1460,48.87,4.71,44.16,518145,64,64,262144,262144,0.0136,0.0068,0.0068,462,1,0.05,Benign,None,Benign,0
2715,UE_6,tcp,321,-51.01,39.57,1.393,1.393,77,39,38,31441,13307,18134,341.2,477.2,55.28,28,27.28,180565.69,64,64,65535,65535,0.0404,0.0202,0.0202,285,0,0,Benign,None,Benign,0
3312,UE_7,tcp,413,-59.3,33.98,0.0103,0.0103,479,479,0,19160,19160,0,40,0,46504.85,46504.85,0,14881553.4,128,0,1024,0,0,0,0,0,479,100,SYNFlood,Hping3,Malicious,1
3987,UE_8,udp,403.8,-53.17,39.92,0.492,0.492,2189,2189,0,1869844,1869844,0,854.2,0,4449.19,4449.19,0,30403967.48,64,0,0,0,0,0,0,0,1751,80,UDPFlood,Hping3,Malicious,1
4797,UE_10,tcp,440.7,-53.67,38.99,41.76,41.76,18,8,10,645,245,400,30.6,40,0.43,0.19,0.24,123.56,64,64,512,16384,0.0955,0.0573,0.0382,128,0,0,SlowrateDoS,Slowloris,Malicious,1
892,UE_2,tcp,235.5,-52.6,41.06,7.15,7.15,423,46,377,519740,4871,514869,105.9,1365.7,59.16,6.43,52.73,581527.27,64,64,131072,131072,0.0211,0.0106,0.0106,254,1,0.05,Benign,None,Benign,0
462,UE_1,tcp,146.1,-44.14,48.18,2.696,2.696,63,14,49,56823,2815,54008,201.1,1102.2,23.37,5.19,18.18,168614.24,64,64,65535,65535,0.0288,0.0144,0.0144,192,1,0.05,Benign,None,Benign,0
3012,UE_7,tcp,413,-60.95,34.77,0.0359,0.0359,854,854,0,34160,34160,0,40,0,23788.3,23788.3,0,7612256.27,128,0,1024,0,0,0,0,0,854,100,SYNFlood,Hping3,Malicious,1
61,UE_1,tcp,146.1,-44.41,48.54,3.49,3.49,40,10,30,39641,2213,37428,221.3,1247.6,11.46,2.87,8.6,90867.62,64,64,65535,65535,0.0304,0.0152,0.0152,270,0,0,Benign,None,Benign,0
451,UE_1,tcp,146.1,-44.47,48.17,3.098,3.098,79,27,52,48694,6569,42125,243.3,810.1,25.5,8.72,16.79,125743.06,64,64,65535,65535,0.0196,0.0098,0.0098,440,0,0,Benign,None,Benign,0
490,UE_1,tcp,146.1,-44.4,47.92,3.549,3.549,65,31,34,47618,5995,41623,193.4,1224.2,18.32,8.73,9.58,107338.41,64,64,65535,65535,0.0259,0.013,0.013,478,0,0,Benign,None,Benign,0
4106,UE_9,tcp,409.2,-55.24,38.51,0.0015,0.0015,1,1,0,44,44,0,44,0,666.67,666.67,0,234666.67,60,0,1024,0,0,0,0,0,1,100,SYNScan,Nmap,Malicious,1
4718,UE_10,tcp,440.7,-53.82,39.16,37.19,37.19,25,16,9,979,619,360,38.7,40,0.67,0.43,0.24,210.59,64,64,512,16384,0.1949,0.1169,0.078,128,0,0,SlowrateDoS,Slowloris,Malicious,1
3342,UE_7,tcp,413,-59.29,34.21,0.0449,0.0449,443,443,0,17720,17720,0,40,0,9866.37,9866.37,0,3157238.31,128,0,1024,0,0,0,0,0,443,100,SYNFlood,Hping3,Malicious,1
3324,UE_7,tcp,413,-59.02,34.25,0.0463,0.0463,747,747,0,29880,29880,0,40,0,16133.91,16133.91,0,5162850.97,128,0,1024,0,0,0,0,0,747,100,SYNFlood,Hping3,Malicious,1
2407,UE_5,tcp,309,-54.08,39.86,7.945,7.945,900,65,835,1223260,4160,1219100,64,1460,113.28,8.18,105.1,1231728.13,64,64,262144,262144,0.0121,0.0061,0.0061,315,0,0,Benign,None,Benign,0
1776,UE_4,udp,116.4,-39.83,52.17,0.231,0.231,5,3,2,372,268,104,89.4,52.1,21.65,12.99,8.66,12883.12,64,64,0,0,0,0,0,375,0,0,Benign,None,Benign,0
1714,UE_4,udp,116.4,-40.37,52.17,0.072,0.072,3,1,2,204,91,113,90.7,56.7,41.67,13.89,27.78,22666.67,64,64,0,0,0,0,0,483,1,0.05,Benign,None,Benign,0
2336,UE_5,tcp,309,-53.92,40.54,5.96,5.96,673,59,614,900216,3776,896440,64,1460,112.92,9.9,103.02,1208343.62,64,64,262144,262144,0.0219,0.011,0.011,264,0,0,Benign,None,Benign,0
1969,UE_4,udp,116.4,-40.15,52.57,0.228,0.228,4,3,1,334,277,57,92.2,56.7,17.54,13.16,4.39,11719.3,64,64,0,0,0,0,0,465,0,0,Benign,None,Benign,0
427,UE_1,tcp,146.1,-44.26,48.63,3.02,3.02,83,31,52,71570,5509,66061,177.7,1270.4,27.48,10.26,17.22,189589.4,64,64,65535,65535,0.0187,0.0094,0.0094,158,0,0,Benign,None,Benign,0
2229,UE_5,tcp,309,-52.77,39.88,12.447,12.447,559,59,500,733776,3776,730000,64,1460,44.91,4.74,40.17,471616.29,64,64,262144,262144,0.0248,0.0124,0.0124,501,1,0.05,Benign,None,Benign,0
2896,UE_6,tcp,321,-51.08,39.85,2.687,2.687,81,32,49,50084,15853,34231,495.4,698.6,30.15,11.91,18.24,149115,64,64,65535,65535,0.0367,0.0184,0.0184,323,0,0,Benign,None,Benign,0
536,UE_2,tcp,235.5,-52.13,40.79,5.156,5.156,297,74,223,331933,8784,323149,118.7,1449.1,57.6,14.35,43.25,515024.05,64,64,131072,131072,0.015,0.0075,0.0075,163,0,0,Benign,None,Benign,0
3929,UE_8,udp,403.8,-51.89,40.38,0.527,0.527,855,855,0,598500,598500,0,700,0,1622.39,1622.39,0,9085388.99,64,0,0,0,0,0,0,0,684,80,UDPFlood,Hping3,Malicious,1
1329,UE_3,udp,127.5,-41.66,51.26,5.138,5.138,188,93,95,33452,16656,16796,179.1,176.8,36.59,18.1,18.49,52085.64,64,64,0,0,0,0,0,298,0,0,Benign,None,Benign,0
3534,UE_8,udp,403.8,-51.59,40.7,0.378,0.378,1411,1411,0,1365707,1365707,0,967.9,0,3732.8,3732.8,0,28903851.85,64,0,0,0,0,0,0,0,1129,80,UDPFlood,Hping3,Malicious,1
4556,UE_10,tcp,440.7,-54.32,39.48,45.1,45.1,24,18,6,721,481,240,26.7,40,0.53,0.4,0.13,127.89,64,64,512,16384,0.1931,0.1159,0.0772,128,0,0,SlowrateDoS,Slowloris,Malicious,1
257,UE_1,tcp,146.1,-44.39,47.78,0.717,0.717,62,29,33,39185,4350,34835,150,1055.6,86.47,40.45,46.03,437210.6,64,64,65535,65535,0.0164,0.0082,0.0082,179,0,0,Benign,None,Benign,0
2803,UE_6,tcp,321,-51.5,39.21,2.534,2.534,71,27,44,32063,11929,20134,441.8,457.6,28.02,10.66,17.36,101224.94,64,64,65535,65535,0.0341,0.0171,0.0171,199,0,0,Benign,None,Benign,0
343,UE_1,tcp,146.1,-44.76,47.6,1.217,1.217,66,28,38,52381,6070,46311,216.8,1218.7,54.23,23.01,31.22,344328.68,64,64,65535,65535,0.0201,0.0101,0.0101,372,0,0,Benign,None,Benign,0
864,UE_2,tcp,235.5,-52.52,41.1,5.769,5.769,488,59,429,557509,6673,550836,113.1,1284,84.59,10.23,74.36,773110.07,64,64,131072,131072,0.0147,0.0074,0.0074,498,0,0,Benign,None,Benign,0
3535,UE_8,udp,403.8,-52.19,41.61,0.355,0.355,1085,1085,0,752990,752990,0,694,0,3056.34,3056.34,0,16968788.73,64,0,0,0,0,0,0,0,868,80,UDPFlood,Hping3,Malicious,1
2170,UE_5,tcp,309,-53.65,39.67,11.579,11.579,872,69,803,1176796,4416,1172380,64,1460,75.31,5.96,69.35,813055.36,64,64,262144,262144,0.0168,0.0084,0.0084,453,0,0,Benign,None,Benign,0
4000,UE_8,udp,403.8,-52.35,41.53,0.352,0.352,1950,1950,0,1824030,1824030,0,935.4,0,5539.77,5539.77,0,41455227.27,64,0,0,0,0,0,0,0,1560,80,UDPFlood,Hping3,Malicious,1
4452,UE_9,tcp,409.2,-55,38.38,0.0048,0.0048,1,1,0,44,44,0,44,0,208.33,208.33,0,73333.33,53,0,1024,0,0,0,0,0,1,100,SYNScan,Nmap,Malicious,1
991,UE_2,tcp,235.5,-52.99,40.24,2.483,2.483,258,52,206,296824,5169,291655,99.4,1415.8,103.91,20.94,82.96,956339.91,64,64,131072,131072,0.029,0.0145,0.0145,503,1,0.05,Benign,None,Benign,0
2838,UE_6,tcp,321,-51.26,39.57,3.066,3.066,50,19,31,22628,5863,16765,308.6,540.8,16.31,6.2,10.11,59042.4,64,64,65535,65535,0.0388,0.0194,0.0194,353,1,0.05,Benign,None,Benign,0
1418,UE_3,udp,127.5,-43.18,51.25,3.131,3.131,128,63,65,21742,10653,11089,169.1,170.6,40.88,20.12,20.76,55552.86,64,64,0,0,0,0,0,235,0,0,Benign,None,Benign,0
3251,UE_7,tcp,413,-59.85,34.49,0.1001,0.1001,761,761,0,30440,30440,0,40,0,7602.4,7602.4,0,2432767.23,128,0,1024,0,0,0,0,0,761,100,SYNFlood,Hping3,Malicious,1
2385,UE_5,tcp,309,-52.44,41.04,10.265,10.265,549,97,452,666128,6208,659920,64,1460,53.48,9.45,44.03,519145.06,64,64,262144,262144,0.0231,0.0116,0.0116,150,1,0.05,Benign,None,Benign,0
2352,UE_5,tcp,309,-52.97,40.36,8.823,8.823,899,50,849,1242740,3200,1239540,64,1460,101.89,5.67,96.23,1126818.54,64,64,262144,262144,0.0222,0.0111,0.0111,362,1,0.05,Benign,None,Benign,0
117,UE_1,tcp,146.1,-44,47.09,0.769,0.769,59,25,34,33282,5303,27979,212.1,822.9,76.72,32.51,44.21,346236.67,64,64,65535,65535,0.0411,0.0206,0.0206,243,1,0.05,Benign,None,Benign,0
3097,UE_7,tcp,413,-58.92,33.8,0.0163,0.0163,333,333,0,13320,13320,0,40,0,20429.45,20429.45,0,6537423.31,128,0,1024,0,0,0,0,0,333,100,SYNFlood,Hping3,Malicious,1
3709,UE_8,udp,403.8,-51.89,39.86,0.131,0.131,1270,1270,0,916686,916686,0,721.8,0,9694.66,9694.66,0,55980824.43,64,0,0,0,0,0,0,0,1016,80,UDPFlood,Hping3,Malicious,1
167,UE_1,tcp,146.1,-44.4,48.56,2.51,2.51,46,20,26,25423,3736,21687,186.8,834.1,18.33,7.97,10.36,81029.48,64,64,65535,65535,0.0158,0.0079,0.0079,422,0,0,Benign,None,Benign,0
4,UE_1,tcp,146.1,-43.99,48.9,4.187,4.187,40,12,28,28810,1854,26956,154.5,962.7,9.55,2.87,6.69,55046.57,64,64,65535,65535,0.0267,0.0134,0.0134,472,0,0,Benign,None,Benign,0
4345,UE_9,tcp,409.2,-55.59,38.39,0.0012,0.0012,1,1,0,44,44,0,44,0,833.33,833.33,0,293333.33,50,0,1024,0,0,0,0,0,1,100,SYNScan,Nmap,Malicious,1
2173,UE_5,tcp,309,-53.25,39.82,9.457,9.457,474,51,423,620844,3264,617580,64,1460,50.12,5.39,44.73,525193.19,64,64,262144,262144,0.0158,0.0079,0.0079,292,1,0.05,Benign,None,Benign,0
1191,UE_3,udp,127.5,-41.27,51.35,5.091,5.091,105,50,55,17502,8185,9317,163.7,169.4,20.62,9.82,10.8,27502.65,64,64,0,0,0,0,0,293,0,0,Benign,None,Benign,0
4698,UE_10,tcp,440.7,-53.4,38.7,25.2,25.2,24,18,6,935,695,240,38.6,40,0.95,0.71,0.24,296.83,64,64,512,16384,0.1125,0.0675,0.045,128,0,0,SlowrateDoS,Slowloris,Malicious,1
2262,UE_5,tcp,309,-52.92,39.39,4.298,4.298,735,46,689,1008884,2944,1005940,64,1460,171.01,10.7,160.31,1877866.91,64,64,262144,262144,0.0186,0.0093,0.0093,495,0,0,Benign,None,Benign,0
1711,UE_4,udp,116.4,-39.92,52.06,0.129,0.129,3,2,1,209,156,53,77.8,53.4,23.26,15.5,7.75,12961.24,64,64,0,0,0,0,0,139,0,0,Benign,None,Benign,0
20,UE_1,tcp,146.1,-44.65,48.39,3.486,3.486,80,26,54,64158,5611,58547,215.8,1084.2,22.95,7.46,15.49,147235.8,64,64,65535,65535,0.0178,0.0089,0.0089,219,0,0,Benign,None,Benign,0
3666,UE_8,udp,403.8,-52.27,40.76,0.566,0.566,1256,1256,0,670076,670076,0,533.5,0,2219.08,2219.08,0,9471038.87,64,0,0,0,0,0,0,0,1005,80,UDPFlood,Hping3,Malicious,1
4660,UE_10,tcp,440.7,-53.92,39.55,63.53,63.53,27,15,12,1005,525,480,35,40,0.42,0.24,0.19,126.55,64,64,512,16384,0.2163,0.1298,0.0865,128,0,0,SlowrateDoS,Slowloris,Malicious,1
3102,UE_7,tcp,413,-60.5,34.39,0.0647,0.0647,986,986,0,39440,39440,0,40,0,15239.57,15239.57,0,4876661.51,128,0,1024,0,0,0,0,0,986,100,SYNFlood,Hping3,Malicious,1
4117,UE_9,tcp,409.2,-55.76,38.4,0.0053,0.0053,1,1,0,44,44,0,44,0,188.68,188.68,0,66415.09,49,0,1024,0,0,0,0,0,1,100,SYNScan,Nmap,Malicious,1
99,UE_1,tcp,146.1,-43.97,48.93,3.897,3.897,56,16,40,54506,2754,51752,172.1,1293.8,14.37,4.11,10.26,111893.25,64,64,65535,65535,0.0433,0.0217,0.0217,381,1,0.05,Benign,None,Benign,0
2297,UE_5,tcp,309,-53.36,40.2,6.653,6.653,841,43,798,1167832,2752,1165080,64,1460,126.41,6.46,119.95,1404277.17,64,64,262144,262144,0.0146,0.0073,0.0073,394,0,0,Benign,None,Benign,0
3934,UE_8,udp,403.8,-52.27,40.22,0.171,0.171,1992,1992,0,1354958,1354958,0,680.2,0,11649.12,11649.12,0,63389847.95,64,0,0,0,0,0,0,0,1594,80,UDPFlood,Hping3,Malicious,1
3655,UE_8,udp,403.8,-52,41.24,0.496,0.496,2064,2064,0,1150474,1150474,0,557.4,0,4161.29,4161.29,0,18556032.26,64,0,0,0,0,0,0,0,1651,80,UDPFlood,Hping3,Malicious,1
566,UE_2,tcp,235.5,-52.62,40.44,4.019,4.019,305,76,229,289761,8801,280960,115.8,1226.9,75.89,18.91,56.98,576782.28,64,64,131072,131072,0.0231,0.0116,0.0116,264,0,0,Benign,None,Benign,0
3349,UE_7,tcp,413,-59.51,34.41,0.02,0.02,743,743,0,29720,29720,0,40,0,37150,37150,0,11888000,128,0,1024,0,0,0,0,0,743,100,SYNFlood,Hping3,Malicious,1
4680,UE_10,tcp,440.7,-54.06,38.62,40.85,40.85,26,20,6,1040,800,240,40,40,0.64,0.49,0.15,203.67,64,64,512,16384,0.0926,0.0556,0.037,128,0,0,SlowrateDoS,Slowloris,Malicious,1
3647,UE_8,udp,403.8,-52.14,41.34,0.556,0.556,2066,2066,0,1279474,1279474,0,619.3,0,3715.83,3715.83,0,18409697.84,64,0,0,0,0,0,0,0,1653,80,UDPFlood,Hping3,Malicious,1
3634,UE_8,udp,403.8,-51.55,40.49,0.304,0.304,1952,1952,0,1098390,1098390,0,562.7,0,6421.05,6421.05,0,28905000,64,0,0,0,0,0,0,0,1562,80,UDPFlood,Hping3,Malicious,1
3933,UE_8,udp,403.8,-52.05,40.95,0.241,0.241,1182,1182,0,1020421,1020421,0,863.3,0,4904.56,4904.56,0,33872896.27,64,0,0,0,0,0,0,0,946,80,UDPFlood,Hping3,Malicious,1
3546,UE_8,udp,403.8,-52.1,40.98,0.561,0.561,2360,2360,0,2010956,2010956,0,852.1,0,4206.77,4206.77,0,28676734.4,64,0,0,0,0,0,0,0,1888,80,UDPFlood,Hping3,Malicious,1
292,UE_1,tcp,146.1,-44.79,48.93,3.357,3.357,79,22,57,71206,4829,66377,219.5,1164.5,23.53,6.55,16.98,169689.6,64,64,65535,65535,0.0409,0.0205,0.0205,446,1,0.05,Benign,None,Benign,0
3017,UE_7,tcp,413,-59.89,33.54,0.034,0.034,684,684,0,27360,27360,0,40,0,20117.65,20117.65,0,6437647.06,128,0,1024,0,0,0,0,0,684,100,SYNFlood,Hping3,Malicious,1
356,UE_1,tcp,146.1,-43.39,47.8,2.458,2.458,55,26,29,33935,5338,28597,205.3,986.1,22.38,10.58,11.8,110447.52,64,64,65535,65535,0.0349,0.0175,0.0175,346,0,0,Benign,None,Benign,0
3335,UE_7,tcp,413,-60.45,34.03,0.0846,0.0846,588,588,0,23520,23520,0,40,0,6950.35,6950.35,0,2224113.48,128,0,1024,0,0,0,0,0,588,100,SYNFlood,Hping3,Malicious,1
4786,UE_10,tcp,440.7,-52.68,39.95,31.88,31.88,26,14,12,960,480,480,34.3,40,0.82,0.44,0.38,240.9,64,64,512,16384,0.0991,0.0595,0.0396,128,0,0,SlowrateDoS,Slowloris,Malicious,1
2172,UE_5,tcp,309,-52.54,40.25,9.029,9.029,617,57,560,821248,3648,817600,64,1460,68.34,6.31,62.02,727653.56,64,64,262144,262144,0.0193,0.0097,0.0097,283,0,0,Benign,None,Benign,0
4072,UE_9,tcp,409.2,-54.2,38.77,0.0018,0.0018,1,1,0,44,44,0,44,0,555.56,555.56,0,195555.56,60,0,1024,0,0,0,0,0,1,100,SYNScan,Nmap,Malicious,1
2880,UE_6,tcp,321,-52.06,39.14,0.912,0.912,38,18,20,19283,7909,11374,439.4,568.7,41.67,19.74,21.93,169149.12,64,64,65535,65535,0.0252,0.0126,0.0126,367,0,0,Benign,None,Benign,0
2869,UE_6,tcp,321,-50.51,39.56,2.73,2.73,66,39,27,31322,13065,18257,335,676.2,24.18,14.29,9.89,91786.08,64,64,65535,65535,0.0211,0.0106,0.0106,190,0,0,Benign,None,Benign,0
2367,UE_5,tcp,309,-53.24,40.47,11.708,11.708,608,59,549,805316,3776,801540,64,1460,51.93,5.04,46.89,550267.17,64,64,262144,262144,0.0187,0.0094,0.0094,204,0,0,Benign,None,Benign,0
166,UE_1,tcp,146.1,-44.43,48.01,4.402,4.402,79,26,53,69489,4246,65243,163.3,1231,17.95,5.91,12.04,126286.23,64,64,65535,65535,0.0427,0.0214,0.0214,395,0,0,Benign,None,Benign,0
41,UE_1,tcp,146.1,-44.41,46.68,4.051,4.051,43,19,24,31461,3122,28339,164.3,1180.8,10.61,4.69,5.92,62129.84,64,64,65535,65535,0.0335,0.0168,0.0168,339,0,0,Benign,None,Benign,0
1929,UE_4,udp,116.4,-40.83,52.05,0.072,0.072,3,2,1,223,161,62,80.6,61.5,41.67,27.78,13.89,24777.78,64,64,0,0,0,0,0,440,0,0,Benign,None,Benign,0
3639,UE_8,udp,403.8,-52.53,40.11,0.107,0.107,941,941,0,809260,809260,0,860,0,8794.39,8794.39,0,60505420.56,64,0,0,0,0,0,0,0,753,80,UDPFlood,Hping3,Malicious,1
328,UE_1,tcp,146.1,-44.56,48.25,3.335,3.335,38,10,28,31338,2162,29176,216.2,1042,11.39,3,8.4,75173.61,64,64,65535,65535,0.0152,0.0076,0.0076,406,0,0,Benign,None,Benign,0
3661,UE_8,udp,403.8,-52.38,40.48,0.439,0.439,1957,1957,0,1364420,1364420,0,697.2,0,4457.86,4457.86,0,24864145.79,64,0,0,0,0,0,0,0,1566,80,UDPFlood,Hping3,Malicious,1
3777,UE_8,udp,403.8,-52.37,40.79,0.426,0.426,605,605,0,400510,400510,0,662,0,1420.19,1420.19,0,7521314.55,64,0,0,0,0,0,0,0,484,80,UDPFlood,Hping3,Malicious,1
4060,UE_9,tcp,409.2,-55.29,38.63,0.0012,0.0012,2,1,1,84,44,40,44,40,1666.67,833.33,833.33,560000,46,55,1024,0,0.012,0,0,0,0,0,SYNScan,Nmap,Malicious,1
4743,UE_10,tcp,440.7,-54.34,39.68,25.73,25.73,27,19,8,844,524,320,27.6,40,1.05,0.74,0.31,262.42,64,64,512,16384,0.0804,0.0482,0.0322,128,0,0,SlowrateDoS,Slowloris,Malicious,1
4606,UE_10,tcp,440.7,-53.64,39.79,47.36,47.36,18,10,8,640,320,320,32,40,0.38,0.21,0.17,108.11,64,64,512,16384,0.1514,0.0908,0.0606,128,0,0,SlowrateDoS,Slowloris,Malicious,1
1146,UE_3,udp,127.5,-42.1,51.55,2.412,2.412,191,98,93,34008,17287,16721,176.4,179.8,79.19,40.63,38.56,112796.02,64,64,0,0,0,0,0,360,1,0.05,Benign,None,Benign,0
3099,UE_7,tcp,413,-59.27,34.18,0.0277,0.0277,318,318,0,12720,12720,0,40,0,11480.14,11480.14,0,3673646.21,128,0,1024,0,0,0,0,0,318,100,SYNFlood,Hping3,Malicious,1
4822,UE_10,tcp,440.7,-53.82,39.31,43.68,43.68,22,13,9,757,397,360,30.5,40,0.5,0.3,0.21,138.64,64,64,512,16384,0.1021,0.0613,0.0408,128,0,0,SlowrateDoS,Slowloris,Malicious,1
4163,UE_9,tcp,409.2,-55.41,38.87,0.0048,0.0048,2,1,1,84,44,40,44,40,416.67,208.33,208.33,140000,52,55,1024,0,0.0086,0,0,0,0,0,SYNScan,Nmap,Malicious,1
3420,UE_7,tcp,413,-59.77,32.97,0.0188,0.0188,410,410,0,16400,16400,0,40,0,21808.51,21808.51,0,6978723.4,128,0,1024,0,0,0,0,0,410,100,SYNFlood,Hping3,Malicious,1
3407,UE_7,tcp,413,-59.29,34.55,0.1001,0.1001,371,371,0,14840,14840,0,40,0,3706.29,3706.29,0,1186013.99,128,0,1024,0,0,0,0,0,371,100,SYNFlood,Hping3,Malicious,1
3327,UE_7,tcp,413,-60.31,33.16,0.0893,0.0893,201,201,0,8040,8040,0,40,0,2250.84,2250.84,0,720268.76,128,0,1024,0,0,0,0,0,201,100,SYNFlood,Hping3,Malicious,1
2298,UE_5,tcp,309,-53.12,40.11,4.406,4.406,865,47,818,1197288,3008,1194280,64,1460,196.32,10.67,185.66,2173922.83,64,64,262144,262144,0.0125,0.0063,0.0063,313,0,0,Benign,None,Benign,0
1234,UE_3,udp,127.5,-42.64,51.37,2.39,2.39,279,139,140,46004,23394,22610,168.3,161.5,116.74,58.16,58.58,153988.28,64,64,0,0,0,0,0,314,0,0,Benign,None,Benign,0
1791,UE_4,udp,116.4,-40.45,52.72,0.056,0.056,5,3,2,376,249,127,83.1,63.5,89.29,53.57,35.71,53714.29,64,64,0,0,0,0,0,364,0,0,Benign,None,Benign,0
810,UE_2,tcp,235.5,-52.18,41.53,5.08,5.08,435,50,385,480592,5925,474667,118.5,1232.9,85.63,9.84,75.79,756837.8,64,64,131072,131072,0.0184,0.0092,0.0092,197,1,0.05,Benign,None,Benign,0
108,UE_1,tcp,146.1,-44.54,47.39,0.731,0.731,91,35,56,81158,8498,72660,242.8,1297.5,124.49,47.88,76.61,888186.05,64,64,65535,65535,0.0202,0.0101,0.0101,428,0,0,Benign,None,Benign,0
4316,UE_9,tcp,409.2,-55.86,38.25,0.0017,0.0017,1,1,0,44,44,0,44,0,588.24,588.24,0,207058.82,56,0,1024,0,0,0,0,0,1,100,SYNScan,Nmap,Malicious,1
2684,UE_6,tcp,321,-51.37,39.8,1.518,1.518,70,35,35,35522,12842,22680,366.9,648,46.11,23.06,23.06,187204.22,64,64,65535,65535,0.0382,0.0191,0.0191,317,0,0,Benign,None,Benign,0
3603,UE_8,udp,403.8,-51.16,40.67,0.257,0.257,2449,2449,0,2427449,2427449,0,991.2,0,9529.18,9529.18,0,75562614.79,64,0,0,0,0,0,0,0,1959,80,UDPFlood,Hping3,Malicious,1
4715,UE_10,tcp,440.7,-53.78,40.06,31.61,31.61,26,19,7,993,713,280,37.5,40,0.82,0.6,0.22,251.31,64,64,512,16384,0.1569,0.0941,0.0628,128,0,0,SlowrateDoS,Slowloris,Malicious,1
2744,UE_6,tcp,321,-52.63,39.97,2.853,2.853,58,18,40,34547,7715,26832,428.6,670.8,20.33,6.31,14.02,96872.06,64,64,65535,65535,0.0228,0.0114,0.0114,512,0,0,Benign,None,Benign,0
1386,UE_3,udp,127.5,-42.13,51.28,5.015,5.015,177,90,87,29845,15768,14077,175.2,161.8,35.29,17.95,17.35,47609.17,64,64,0,0,0,0,0,440,0,0,Benign,None,Benign,0
4190,UE_9,tcp,409.2,-55.34,39.21,0.0016,0.0016,1,1,0,44,44,0,44,0,625,625,0,220000,53,0,1024,0,0,0,0,0,1,100,SYNScan,Nmap,Malicious,1
4964,UE_10,tcp,440.7,-53.97,39.96,54.92,54.92,17,10,7,642,362,280,36.2,40,0.31,0.18,0.13,93.52,64,64,512,16384,0.216,0.1296,0.0864,128,0,0,SlowrateDoS,Slowloris,Malicious,1
1022,UE_3,udp,127.5,-41.63,50.74,4.345,4.345,294,145,149,48557,23316,25241,160.8,169.4,67.66,33.37,34.29,89402.99,64,64,0,0,0,0,0,390,1,0.05,Benign,None,Benign,0
858,UE_2,tcp,235.5,-52.99,41.47,6.852,6.852,458,60,398,511917,5820,506097,97,1271.6,66.84,8.76,58.09,597684.76,64,64,131072,131072,0.0153,0.0077,0.0077,436,0,0,Benign,None,Benign,0
1112,UE_3,udp,127.5,-42.66,50.78,2.369,2.369,130,63,67,22496,11334,11162,179.9,166.6,54.88,26.59,28.28,75967.92,64,64,0,0,0,0,0,332,0,0,Benign,None,Benign,0
1504,UE_4,udp,116.4,-40.5,52.89,0.119,0.119,4,2,2,271,158,113,78.9,56.3,33.61,16.81,16.81,18218.49,64,64,0,0,0,0,0,317,1,0.05,Benign,None,Benign,0
380,UE_1,tcp,146.1,-44.49,48.82,2.336,2.336,75,17,58,76232,2752,73480,161.9,1266.9,32.11,7.28,24.83,261068.49,64,64,65535,65535,0.0355,0.0178,0.0178,445,0,0,Benign,None,Benign,0
3061,UE_7,tcp,413,-59.99,33.76,0.0538,0.0538,651,651,0,26040,26040,0,40,0,12100.37,12100.37,0,3872118.96,128,0,1024,0,0,0,0,0,651,100,SYNFlood,Hping3,Malicious,1
3345,UE_7,tcp,413,-59.95,34.58,0.046,0.046,430,430,0,17200,17200,0,40,0,9347.83,9347.83,0,2991304.35,128,0,1024,0,0,0,0,0,430,100,SYNFlood,Hping3,Malicious,1
3718,UE_8,udp,403.8,-52.64,40.48,0.136,0.136,773,773,0,659292,659292,0,852.9,0,5683.82,5683.82,0,38781882.35,64,0,0,0,0,0,0,0,618,80,UDPFlood,Hping3,Malicious,1
4610,UE_10,tcp,440.7,-54.44,39.49,43.4,43.4,22,18,4,772,612,160,34,40,0.51,0.41,0.09,142.3,64,64,512,16384,0.1941,0.1165,0.0776,128,0,0,SlowrateDoS,Slowloris,Malicious,1
3382,UE_7,tcp,413,-59.64,34.38,0.0821,0.0821,408,408,0,16320,16320,0,40,0,4969.55,4969.55,0,1590255.79,128,0,1024,0,0,0,0,0,408,100,SYNFlood,Hping3,Malicious,1
2929,UE_6,tcp,321,-51.16,40.39,2.573,2.573,81,31,50,42629,13609,29020,439,580.4,31.48,12.05,19.43,132542.56,64,64,65535,65535,0.0302,0.0151,0.0151,376,1,0.05,Benign,None,Benign,0
3874,UE_8,udp,403.8,-51.07,40.54,0.455,0.455,2319,2319,0,2185426,2185426,0,942.4,0,5096.7,5096.7,0,38425072.53,64,0,0,0,0,0,0,0,1855,80,UDPFlood,Hping3,Malicious,1
157,UE_1,tcp,146.1,-44.53,48.2,4.465,4.465,37,13,24,29032,2891,26141,222.4,1089.2,8.29,2.91,5.38,52017.02,64,64,65535,65535,0.0232,0.0116,0.0116,404,1,0.05,Benign,None,Benign,0
1532,UE_4,udp,116.4,-40.46,51.72,0.198,0.198,6,4,2,385,259,126,64.7,62.9,30.3,20.2,10.1,15555.56,64,64,0,0,0,0,0,287,0,0,Benign,None,Benign,0
3228,UE_7,tcp,413,-58.89,34.15,0.0943,0.0943,809,809,0,32360,32360,0,40,0,8579,8579,0,2745281.02,128,0,1024,0,0,0,0,0,809,100,SYNFlood,Hping3,Malicious,1
3334,UE_7,tcp,413,-60.13,34.09,0.0269,0.0269,845,845,0,33800,33800,0,40,0,31412.64,31412.64,0,10052044.61,128,0,1024,0,0,0,0,0,845,100,SYNFlood,Hping3,Malicious,1
4655,UE_10,tcp,440.7,-54.8,38.59,52.96,52.96,19,14,5,669,469,200,33.5,40,0.36,0.26,0.09,101.06,64,64,512,16384,0.1617,0.097,0.0647,128,0,0,SlowrateDoS,Slowloris,Malicious,1
2368,UE_5,tcp,309,-52.4,39.4,8.273,8.273,505,59,446,654936,3776,651160,64,1460,61.04,7.13,53.91,633323.82,64,64,262144,262144,0.0214,0.0107,0.0107,471,0,0,Benign,None,Benign,0
461,UE_1,tcp,146.1,-45.61,48.65,1.509,1.509,58,32,26,35099,4973,30126,155.4,1158.7,38.44,21.21,17.23,186078.2,64,64,65535,65535,0.0293,0.0147,0.0147,413,1,0.05,Benign,None,Benign,0
4551,UE_10,tcp,440.7,-54.06,38.79,47.24,47.24,19,10,9,696,336,360,33.6,40,0.4,0.21,0.19,117.87,64,64,512,16384,0.1428,0.0857,0.0571,128,0,0,SlowrateDoS,Slowloris,Malicious,1
22,UE_1,tcp,146.1,-44.41,47.98,0.597,0.597,53,26,27,40823,6344,34479,244,1277,88.78,43.55,45.23,547041.88,64,64,65535,65535,0.0424,0.0212,0.0212,406,0,0,Benign,None,Benign,0
2228,UE_5,tcp,309,-53.4,40.63,5.889,5.889,992,99,893,1310116,6336,1303780,64,1460,168.45,16.81,151.64,1779746.65,64,64,262144,262144,0.0239,0.012,0.012,198,0,0,Benign,None,Benign,0
3287,UE_7,tcp,413,-59.64,33.79,0.0735,0.0735,883,883,0,35320,35320,0,40,0,12013.61,12013.61,0,3844353.74,128,0,1024,0,0,0,0,0,883,100,SYNFlood,Hping3,Malicious,1
2059,UE_5,tcp,309,-52.52,39.95,4.557,4.557,392,50,342,502520,3200,499320,64,1460,86.02,10.97,75.05,882194.43,64,64,262144,262144,0.0168,0.0084,0.0084,418,1,0.05,Benign,None,Benign,0
2841,UE_6,tcp,321,-51.87,40.05,2.636,2.636,56,15,41,26677,5078,21599,338.5,526.8,21.24,5.69,15.55,80962.06,64,64,65535,65535,0.0356,0.0178,0.0178,271,1,0.05,Benign,None,Benign,0
2471,UE_5,tcp,309,-52.48,39.62,3.739,3.739,566,64,502,737016,4096,732920,64,1460,151.38,17.12,134.26,1576926.45,64,64,262144,262144,0.0238,0.0119,0.0119,474,1,0.05,Benign,None,Benign,0
2454,UE_5,tcp,309,-52.93,39.67,12.177,12.177,875,61,814,1192344,3904,1188440,64,1460,71.86,5.01,66.85,783341.71,64,64,262144,262144,0.0255,0.0128,0.0128,301,0,0,Benign,None,Benign,0
4176,UE_9,tcp,409.2,-55.92,38.95,0.0057,0.0057,1,1,0,44,44,0,44,0,175.44,175.44,0,61754.39,56,0,1024,0,0,0,0,0,1,100,SYNScan,Nmap,Malicious,1
664,UE_2,tcp,235.5,-52.49,40.04,7.416,7.416,389,70,319,445372,7672,437700,109.6,1372.1,52.45,9.44,43.02,480444.44,64,64,131072,131072,0.0171,0.0086,0.0086,432,0,0,Benign,None,Benign,0
872,UE_2,tcp,235.5,-51.67,40.49,8.183,8.183,240,47,193,252470,5372,247098,114.3,1280.3,29.33,5.74,23.59,246823.9,64,64,131072,131072,0.0232,0.0116,0.0116,502,0,0,Benign,None,Benign,0
4220,UE_9,tcp,409.2,-55.62,38.92,0.0019,0.0019,1,1,0,44,44,0,44,0,526.32,526.32,0,185263.16,54,0,1024,0,0,0,0,0,1,100,SYNScan,Nmap,Malicious,1
4059,UE_9,tcp,409.2,-54.83,39.3,0.0045,0.0045,2,1,1,84,44,40,44,40,444.44,222.22,222.22,149333.33,56,55,1024,0,0.008,0,0,0,0,0,SYNScan,Nmap,Malicious,1
2970,UE_6,tcp,321,-52.35,39.53,2.403,2.403,69,29,40,40785,13189,27596,454.8,689.9,28.71,12.07,16.65,135780.27,64,64,65535,65535,0.0422,0.0211,0.0211,401,1,0.05,Benign,None,Benign,0
2528,UE_6,tcp,321,-51.19,40.47,2.204,2.204,49,27,22,24402,10384,14018,384.6,637.2,22.23,12.25,9.98,88573.5,64,64,65535,65535,0.0401,0.0201,0.0201,497,0,0,Benign,None,Benign,0
1018,UE_3,udp,127.5,-40.89,50.64,4.534,4.534,255,129,126,42769,21311,21458,165.2,170.3,56.24,28.45,27.79,75463.61,64,64,0,0,0,0,0,135,0,0,Benign,None,Benign,0
4437,UE_9,tcp,409.2,-54.17,38.4,0.0013,0.0013,1,1,0,44,44,0,44,0,769.23,769.23,0,270769.23,59,0,1024,0,0,0,0,0,1,100,SYNScan,Nmap,Malicious,1
653,UE_2,tcp,235.5,-52.87,41.07,7.917,7.917,385,34,351,467440,3278,464162,96.4,1322.4,48.63,4.29,44.33,472340.53,64,64,131072,131072,0.011,0.0055,0.0055,467,1,0.05,Benign,None,Benign,0
1288,UE_3,udp,127.5,-42.13,52,1.515,1.515,110,57,53,18320,9787,8533,171.7,161,72.61,37.62,34.98,96739.27,64,64,0,0,0,0,0,420,0,0,Benign,None,Benign,0
870,UE_2,tcp,235.5,-51.93,41.32,3.679,3.679,210,55,155,212960,5880,207080,106.9,1336,57.08,14.95,42.13,463082.36,64,64,131072,131072,0.028,0.014,0.014,216,0,0,Benign,None,Benign,0
4659,UE_10,tcp,440.7,-54.51,39.25,54.18,54.18,22,16,6,666,426,240,26.6,40,0.41,0.3,0.11,98.34,64,64,512,16384,0.1976,0.1186,0.079,128,0,0,SlowrateDoS,Slowloris,Malicious,1
2802,UE_6,tcp,321,-51.39,39.82,1.979,1.979,53,25,28,25772,12128,13644,485.1,487.3,26.78,12.63,14.15,104181.91,64,64,65535,65535,0.0309,0.0155,0.0155,265,1,0.05,Benign,None,Benign,0
3730,UE_8,udp,403.8,-51.73,40.31,0.134,0.134,806,806,0,473525,473525,0,587.5,0,6014.93,6014.93,0,28270149.25,64,0,0,0,0,0,0,0,645,80,UDPFlood,Hping3,Malicious,1
2867,UE_6,tcp,321,-50.85,39.11,1.428,1.428,65,37,28,33770,14881,18889,402.2,674.6,45.52,25.91,19.61,189187.68,64,64,65535,65535,0.0212,0.0106,0.0106,380,0,0,Benign,None,Benign,0
619,UE_2,tcp,235.5,-52.22,41.15,9.152,9.152,254,76,178,255602,7737,247865,101.8,1392.5,27.75,8.3,19.45,223428.32,64,64,131072,131072,0.0251,0.0126,0.0126,378,1,0.05,Benign,None,Benign,0
2682,UE_6,tcp,321,-50.47,40.02,2.37,2.37,76,29,47,39329,10950,28379,377.6,603.8,32.07,12.24,19.83,132756.12,64,64,65535,65535,0.0257,0.0129,0.0129,405,0,0,Benign,None,Benign,0
1208,UE_3,udp,127.5,-42.05,50.74,5.298,5.298,290,143,147,48152,23838,24314,166.7,165.4,54.74,26.99,27.75,72709.7,64,64,0,0,0,0,0,177,0,0,Benign,None,Benign,0
4098,UE_9,tcp,409.2,-54.51,37.77,0.0013,0.0013,1,1,0,44,44,0,44,0,769.23,769.23,0,270769.23,45,0,1024,0,0,0,0,0,1,100,SYNScan,Nmap,Malicious,1
409,UE_1,tcp,146.1,-43.67,48.99,3.219,3.219,66,34,32,35055,5103,29952,150.1,936,20.5,10.56,9.94,87120.22,64,64,65535,65535,0.0215,0.0108,0.0108,432,1,0.05,Benign,None,Benign,0
404,UE_1,tcp,146.1,-44.13,48.51,2.216,2.216,68,17,51,61390,2934,58456,172.6,1146.2,30.69,7.67,23.01,221624.55,64,64,65535,65535,0.022,0.011,0.011,390,0,0,Benign,None,Benign,0
902,UE_2,tcp,235.5,-52.83,41.43,7.781,7.781,291,40,251,326738,3952,322786,98.8,1286,37.4,5.14,32.26,335934.2,64,64,131072,131072,0.0251,0.0126,0.0126,429,1,0.05,Benign,None,Benign,0
1122,UE_3,udp,127.5,-41.61,50.99,2.044,2.044,193,99,94,33907,17513,16394,176.9,174.4,94.42,48.43,45.99,132708.41,64,64,0,0,0,0,0,333,0,0,Benign,None,Benign,0
3182,UE_7,tcp,413,-58.94,34.48,0.0886,0.0886,211,211,0,8440,8440,0,40,0,2381.49,2381.49,0,762076.75,128,0,1024,0,0,0,0,0,211,100,SYNFlood,Hping3,Malicious,1
1438,UE_3,udp,127.5,-41.48,51,3.928,3.928,172,85,87,27659,13626,14033,160.3,161.3,43.79,21.64,22.15,56331.98,64,64,0,0,0,0,0,263,0,0,Benign,None,Benign,0
2505,UE_6,tcp,321,-51.18,40.43,1.944,1.944,61,37,24,24379,13109,11270,354.3,469.6,31.38,19.03,12.35,100325.1,64,64,65535,65535,0.03,0.015,0.015,136,0,0,Benign,None,Benign,0
2817,UE_6,tcp,321,-51.28,39.37,1.53,1.53,91,41,50,41766,17126,24640,417.7,492.8,59.48,26.8,32.68,218384.31,64,64,65535,65535,0.0368,0.0184,0.0184,359,1,0.05,Benign,None,Benign,0
4250,UE_9,tcp,409.2,-54.93,39.11,0.0015,0.0015,1,1,0,44,44,0,44,0,666.67,666.67,0,234666.67,47,0,1024,0,0,0,0,0,1,100,SYNScan,Nmap,Malicious,1
1162,UE_3,udp,127.5,-41.92,51.53,3.778,3.778,243,119,124,41314,19242,22072,161.7,178,64.32,31.5,32.82,87483.32,64,64,0,0,0,0,0,170,1,0.05,Benign,None,Benign,0
4483,UE_9,tcp,409.2,-55.35,38.49,0.0019,0.0019,1,1,0,44,44,0,44,0,526.32,526.32,0,185263.16,53,0,1024,0,0,0,0,0,1,100,SYNScan,Nmap,Malicious,1
4929,UE_10,tcp,440.7,-55.41,39.49,46.92,46.92,18,10,8,716,396,320,39.6,40,0.38,0.21,0.17,122.08,64,64,512,16384,0.1746,0.1048,0.0698,128,0,0,SlowrateDoS,Slowloris,Malicious,1
95,UE_1,tcp,146.1,-44.64,48,1.688,1.688,63,24,39,54662,5194,49468,216.4,1268.4,37.32,14.22,23.1,259061.61,64,64,65535,65535,0.037,0.0185,0.0185,264,1,0.05,Benign,None,Benign,0
4693,UE_10,tcp,440.7,-54.62,39.06,35.56,35.56,25,17,8,934,614,320,36.1,40,0.7,0.48,0.22,210.12,64,64,512,16384,0.153,0.0918,0.0612,128,0,0,SlowrateDoS,Slowloris,Malicious,1
4916,UE_10,tcp,440.7,-54.23,38.62,39.18,39.18,23,17,6,680,440,240,25.9,40,0.59,0.43,0.15,138.85,64,64,512,16384,0.1561,0.0937,0.0624,128,0,0,SlowrateDoS,Slowloris,Malicious,1
384,UE_1,tcp,146.1,-44.51,47.78,0.668,0.668,46,20,26,32799,4758,28041,237.9,1078.5,68.86,29.94,38.92,392802.4,64,64,65535,65535,0.0219,0.011,0.011,188,1,0.05,Benign,None,Benign,0
1860,UE_4,udp,116.4,-40.13,52.55,0.243,0.243,4,2,2,255,144,111,72.1,55.5,16.46,8.23,8.23,8395.06,64,64,0,0,0,0,0,459,0,0,Benign,None,Benign,0
4057,UE_9,tcp,409.2,-55.33,39.29,0.0027,0.0027,1,1,0,44,44,0,44,0,370.37,370.37,0,130370.37,48,0,1024,0,0,0,0,0,1,100,SYNScan,Nmap,Malicious,1
2441,UE_5,tcp,309,-52.24,39.27,4.715,4.715,944,61,883,1293084,3904,1289180,64,1460,200.21,12.94,187.27,2193991.94,64,64,262144,262144,0.0237,0.0119,0.0119,418,1,0.05,Benign,None,Benign,0
2429,UE_5,tcp,309,-53.71,39.03,5.355,5.355,725,100,625,918900,6400,912500,64,1460,135.39,18.67,116.71,1372773.11,64,64,262144,262144,0.0219,0.011,0.011,160,0,0,Benign,None,Benign,0
4847,UE_10,tcp,440.7,-54.84,39.47,25.26,25.26,27,19,8,854,534,320,28.1,40,1.07,0.75,0.32,270.47,64,64,512,16384,0.1391,0.0835,0.0556,128,0,0,SlowrateDoS,Slowloris,Malicious,1
45,UE_1,tcp,146.1,-44.3,48.93,3.974,3.974,74,15,59,78077,2268,75809,151.2,1284.9,18.62,3.77,14.85,157175.64,64,64,65535,65535,0.0163,0.0082,0.0082,272,0,0,Benign,None,Benign,0
3631,UE_8,udp,403.8,-52.77,40.94,0.346,0.346,1273,1273,0,847436,847436,0,665.7,0,3679.19,3679.19,0,19593895.95,64,0,0,0,0,0,0,0,1018,80,UDPFlood,Hping3,Malicious,1
4887,UE_10,tcp,440.7,-54.33,39.67,54.87,54.87,26,18,8,981,661,320,36.7,40,0.47,0.33,0.15,143.03,64,64,512,16384,0.0838,0.0503,0.0335,128,0,0,SlowrateDoS,Slowloris,Malicious,1
3438,UE_7,tcp,413,-59.65,33.88,0.0628,0.0628,459,459,0,18360,18360,0,40,0,7308.92,7308.92,0,2338853.5,128,0,1024,0,0,0,0,0,459,100,SYNFlood,Hping3,Malicious,1
3082,UE_7,tcp,413,-60.16,33.54,0.0868,0.0868,528,528,0,21120,21120,0,40,0,6082.95,6082.95,0,1946543.78,128,0,1024,0,0,0,0,0,528,100,SYNFlood,Hping3,Malicious,1
1229,UE_3,udp,127.5,-42.09,51.41,1.568,1.568,120,61,59,20853,10693,10160,175.3,172.2,76.53,38.9,37.63,106392.86,64,64,0,0,0,0,0,232,0,0,Benign,None,Benign,0
2704,UE_6,tcp,321,-51.07,39.75,1.963,1.963,73,39,34,33680,14715,18965,377.3,557.8,37.19,19.87,17.32,137259.3,64,64,65535,65535,0.0369,0.0185,0.0185,406,1,0.05,Benign,None,Benign,0
4091,UE_9,tcp,409.2,-54.78,38.54,0.0047,0.0047,1,1,0,44,44,0,44,0,212.77,212.77,0,74893.62,47,0,1024,0,0,0,0,0,1,100,SYNScan,Nmap,Malicious,1
3622,UE_8,udp,403.8,-51.85,41.47,0.239,0.239,860,860,0,775204,775204,0,901.4,0,3598.33,3598.33,0,25948251.05,64,0,0,0,0,0,0,0,688,80,UDPFlood,Hping3,Malicious,1
2165,UE_5,tcp,309,-53.6,39.17,5.823,5.823,510,80,430,632920,5120,627800,64,1460,87.58,13.74,73.85,869544.91,64,64,262144,262144,0.0221,0.0111,0.0111,201,0,0,Benign,None,Benign,0
889,UE_2,tcp,235.5,-52.75,41.34,3.966,3.966,291,59,232,285392,6667,278725,113,1201.4,73.37,14.88,58.5,575677.26,64,64,131072,131072,0.0213,0.0107,0.0107,428,1,0.05,Benign,None,Benign,0
4486,UE_9,tcp,409.2,-55.15,37.91,0.0021,0.0021,2,1,1,84,44,40,44,40,952.38,476.19,476.19,320000,45,55,1024,0,0.0089,0,0,0,0,0,SYNScan,Nmap,Malicious,1
4145,UE_9,tcp,409.2,-55.35,39.11,0.0024,0.0024,1,1,0,44,44,0,44,0,416.67,416.67,0,146666.67,50,0,1024,0,0,0,0,0,1,100,SYNScan,Nmap,Malicious,1
2889,UE_6,tcp,321,-52.44,39.78,1.551,1.551,72,44,28,30784,15079,15705,342.7,560.9,46.42,28.37,18.05,158782.72,64,64,65535,65535,0.0368,0.0184,0.0184,298,0,0,Benign,None,Benign,0
4472,UE_9,tcp,409.2,-54.67,38.49,0.0012,0.0012,1,1,0,44,44,0,44,0,833.33,833.33,0,293333.33,49,0,1024,0,0,0,0,0,1,100,SYNScan,Nmap,Malicious,1
3147,UE_7,tcp,413,-59.65,34.6,0.0292,0.0292,269,269,0,10760,10760,0,40,0,9212.33,9212.33,0,2947945.21,128,0,1024,0,0,0,0,0,269,100,SYNFlood,Hping3,Malicious,1
2290,UE_5,tcp,309,-53.64,40.25,10.288,10.288,845,46,799,1169484,2944,1166540,64,1460,82.13,4.47,77.66,909396.58,64,64,262144,262144,0.0222,0.0111,0.0111,273,1,0.05,Benign,None,Benign,0
2923,UE_6,tcp,321,-51.98,39.7,2.879,2.879,70,35,35,35840,12159,23681,347.4,676.6,24.31,12.16,12.16,99590.14,64,64,65535,65535,0.0214,0.0107,0.0107,452,0,0,Benign,None,Benign,0
4832,UE_10,tcp,440.7,-53.59,40.12,44.36,44.36,22,13,9,759,399,360,30.7,40,0.5,0.29,0.2,136.88,64,64,512,16384,0.0863,0.0518,0.0345,128,0,0,SlowrateDoS,Slowloris,Malicious,1
990,UE_2,tcp,235.5,-53.37,41.15,6.4,6.4,375,55,320,399093,5973,393120,108.6,1228.5,58.59,8.59,50,498866.25,64,64,131072,131072,0.025,0.0125,0.0125,347,0,0,Benign,None,Benign,0
1358,UE_3,udp,127.5,-41.49,51.03,2.067,2.067,212,104,108,36571,17919,18652,172.3,172.7,102.56,50.31,52.25,141542.33,64,64,0,0,0,0,0,163,0,0,Benign,None,Benign,0
72,UE_1,tcp,146.1,-44.33,48.13,3.766,3.766,56,21,35,37397,4122,33275,196.3,950.7,14.87,5.58,9.29,79441.32,64,64,65535,65535,0.0374,0.0187,0.0187,465,0,0,Benign,None,Benign,0
581,UE_2,tcp,235.5,-52.08,41.65,8.099,8.099,189,37,152,208570,2990,205580,80.8,1352.5,23.34,4.57,18.77,206020.5,64,64,131072,131072,0.0191,0.0096,0.0096,460,0,0,Benign,None,Benign,0
1355,UE_3,udp,127.5,-42.61,50.69,4.561,4.561,164,82,82,28061,14252,13809,173.8,168.4,35.96,17.98,17.98,49219.03,64,64,0,0,0,0,0,194,0,0,Benign,None,Benign,0
1958,UE_4,udp,116.4,-41.25,51.89,0.222,0.222,5,3,2,364,240,124,80,62.2,22.52,13.51,9.01,13117.12,64,64,0,0,0,0,0,321,1,0.05,Benign,None,Benign,0
3748,UE_8,udp,403.8,-52.75,41.35,0.218,0.218,1288,1288,0,905206,905206,0,702.8,0,5908.26,5908.26,0,33218568.81,64,0,0,0,0,0,0,0,1030,80,UDPFlood,Hping3,Malicious,1
196,UE_1,tcp,146.1,-44.5,48.27,3.412,3.412,59,22,37,48670,4906,43764,223,1182.8,17.29,6.45,10.84,114114.89,64,64,65535,65535,0.0198,0.0099,0.0099,179,0,0,Benign,None,Benign,0
4480,UE_9,tcp,409.2,-54.63,38.68,0.0046,0.0046,1,1,0,44,44,0,44,0,217.39,217.39,0,76521.74,46,0,1024,0,0,0,0,0,1,100,SYNScan,Nmap,Malicious,1
4675,UE_10,tcp,440.7,-53.4,39.07,29.21,29.21,14,8,6,483,243,240,30.4,40,0.48,0.27,0.21,132.28,64,64,512,16384,0.0942,0.0565,0.0377,128,0,0,SlowrateDoS,Slowloris,Malicious,1
339,UE_1,tcp,146.1,-44.5,48.54,3.848,3.848,69,26,43,58510,5525,52985,212.5,1232.2,17.93,6.76,11.17,121642.41,64,64,65535,65535,0.0326,0.0163,0.0163,421,0,0,Benign,None,Benign,0
18,UE_1,tcp,146.1,-44.26,48.11,4.088,4.088,84,33,51,50016,7069,42947,214.2,842.1,20.55,8.07,12.48,97878.67,64,64,65535,65535,0.0198,0.0099,0.0099,262,1,0.05,Benign,None,Benign,0
720,UE_2,tcp,235.5,-51.59,40.34,6.419,6.419,195,32,163,217925,3482,214443,108.8,1315.6,30.38,4.99,25.39,271599.94,64,64,131072,131072,0.0151,0.0076,0.0076,476,0,0,Benign,None,Benign,0
4108,UE_9,tcp,409.2,-55.36,38.79,0.0038,0.0038,1,1,0,44,44,0,44,0,263.16,263.16,0,92631.58,56,0,1024,0,0,0,0,0,1,100,SYNScan,Nmap,Malicious,1
383,UE_1,tcp,146.1,-44,48.46,0.923,0.923,55,19,36,44782,4134,40648,217.6,1129.1,59.59,20.59,39,388143.01,64,64,65535,65535,0.0171,0.0086,0.0086,271,0,0,Benign,None,Benign,0
2603,UE_6,tcp,321,-51.7,40.08,2.321,2.321,67,31,36,31158,11696,19462,377.3,540.6,28.87,13.36,15.51,107395.09,64,64,65535,65535,0.0359,0.018,0.018,432,1,0.05,Benign,None,Benign,0
2284,UE_5,tcp,309,-52.48,39.96,8.287,8.287,941,57,884,1294288,3648,1290640,64,1460,113.55,6.88,106.67,1249463.5,64,64,262144,262144,0.0249,0.0125,0.0125,409,0,0,Benign,None,Benign,0
4553,UE_10,tcp,440.7,-54.57,38.96,25.01,25.01,20,15,5,563,363,200,24.2,40,0.8,0.6,0.2,180.09,64,64,512,16384,0.1339,0.0803,0.0536,128,0,0,SlowrateDoS,Slowloris,Malicious,1
3997,UE_8,udp,403.8,-52.55,40.54,0.396,0.396,1844,1844,0,1553201,1553201,0,842.3,0,4656.57,4656.57,0,31377797.98,64,0,0,0,0,0,0,0,1475,80,UDPFlood,Hping3,Malicious,1
1243,UE_3,udp,127.5,-41.97,52.33,4.817,4.817,123,60,63,20174,10044,10130,167.4,160.8,25.53,12.46,13.08,33504.67,64,64,0,0,0,0,0,505,0,0,Benign,None,Benign,0
1625,UE_4,udp,116.4,-40.78,52.33,0.239,0.239,3,1,2,188,64,124,64,62.1,12.55,4.18,8.37,6292.89,64,64,0,0,0,0,0,339,0,0,Benign,None,Benign,0
3304,UE_7,tcp,413,-60.18,33.97,0.0393,0.0393,383,383,0,15320,15320,0,40,0,9745.55,9745.55,0,3118575.06,128,0,1024,0,0,0,0,0,383,100,SYNFlood,Hping3,Malicious,1
3633,UE_8,udp,403.8,-51.33,40.31,0.523,0.523,1171,1171,0,1085517,1085517,0,927,0,2239.01,2239.01,0,16604466.54,64,0,0,0,0,0,0,0,937,80,UDPFlood,Hping3,Malicious,1
1708,UE_4,udp,116.4,-39.85,51.76,0.064,0.064,3,2,1,227,175,52,87.3,51.8,46.88,31.25,15.63,28375,64,64,0,0,0,0,0,396,0,0,Benign,None,Benign,0
4497,UE_9,tcp,409.2,-55.42,38.72,0.0031,0.0031,1,1,0,44,44,0,44,0,322.58,322.58,0,113548.39,54,0,1024,0,0,0,0,0,1,100,SYNScan,Nmap,Malicious,1
3952,UE_8,udp,403.8,-51.36,41.06,0.214,0.214,1109,1109,0,588325,588325,0,530.5,0,5182.24,5182.24,0,21993457.94,64,0,0,0,0,0,0,0,887,80,UDPFlood,Hping3,Malicious,1
2665,UE_6,tcp,321,-51.03,39.65,1.337,1.337,71,37,34,34190,16343,17847,441.7,524.9,53.1,27.67,25.43,204577.41,64,64,65535,65535,0.0422,0.0211,0.0211,190,0,0,Benign,None,Benign,0
4730,UE_10,tcp,440.7,-53.98,38.63,53.44,53.44,22,16,6,813,573,240,35.8,40,0.41,0.3,0.11,121.71,64,64,512,16384,0.1626,0.0976,0.065,128,0,0,SlowrateDoS,Slowloris,Malicious,1
4223,UE_9,tcp,409.2,-55.65,38.93,0.0054,0.0054,1,1,0,44,44,0,44,0,185.19,185.19,0,65185.19,51,0,1024,0,0,0,0,0,1,100,SYNScan,Nmap,Malicious,1
832,UE_2,tcp,235.5,-52.14,41.08,3.815,3.815,336,59,277,350634,5935,344699,100.6,1244.4,88.07,15.47,72.61,735274.44,64,64,131072,131072,0.0233,0.0117,0.0117,277,0,0,Benign,None,Benign,0
4866,UE_10,tcp,440.7,-54.5,39.15,60.37,60.37,24,20,4,818,658,160,32.9,40,0.4,0.33,0.07,108.4,64,64,512,16384,0.1192,0.0715,0.0477,128,0,0,SlowrateDoS,Slowloris,Malicious,1
2564,UE_6,tcp,321,-51.81,40.13,2.194,2.194,63,36,27,33467,16819,16648,467.2,616.6,28.71,16.41,12.31,122030.99,64,64,65535,65535,0.0259,0.013,0.013,261,0,0,Benign,None,Benign,0
4393,UE_9,tcp,409.2,-55.1,38.8,0.0025,0.0025,1,1,0,44,44,0,44,0,400,400,0,140800,57,0,1024,0,0,0,0,0,1,100,SYNScan,Nmap,Malicious,1
3592,UE_8,udp,403.8,-52.67,41.55,0.322,0.322,1901,1901,0,1592278,1592278,0,837.6,0,5903.73,5903.73,0,39559701.86,64,0,0,0,0,0,0,0,1521,80,UDPFlood,Hping3,Malicious,1
4499,UE_9,tcp,409.2,-55.89,38.86,0.0022,0.0022,1,1,0,44,44,0,44,0,454.55,454.55,0,160000,51,0,1024,0,0,0,0,0,1,100,SYNScan,Nmap,Malicious,1
3841,UE_8,udp,403.8,-51.87,39.57,0.451,0.451,540,540,0,284148,284148,0,526.2,0,1197.34,1197.34,0,5040319.29,64,0,0,0,0,0,0,0,432,80,UDPFlood,Hping3,Malicious,1
3840,UE_8,udp,403.8,-51.89,41.13,0.259,0.259,508,508,0,497129,497129,0,978.6,0,1961.39,1961.39,0,15355335.91,64,0,0,0,0,0,0,0,406,80,UDPFlood,Hping3,Malicious,1
2725,UE_6,tcp,321,-51.47,40.56,1.624,1.624,77,28,49,35648,10447,25201,373.1,514.3,47.41,17.24,30.17,175605.91,64,64,65535,65535,0.0363,0.0182,0.0182,456,0,0,Benign,None,Benign,0
3716,UE_8,udp,403.8,-52.95,40,0.176,0.176,993,993,0,593913,593913,0,598.1,0,5642.05,5642.05,0,26996045.45,64,0,0,0,0,0,0,0,794,80,UDPFlood,Hping3,Malicious,1
502,UE_2,tcp,235.5,-52.63,41.33,6.465,6.465,477,47,430,577652,5494,572158,116.9,1330.6,73.78,7.27,66.51,714805.26,64,64,131072,131072,0.0166,0.0083,0.0083,296,0,0,Benign,None,Benign,0
728,UE_2,tcp,235.5,-52.18,41.23,3.872,3.872,262,32,230,311299,3398,307901,106.2,1338.7,67.67,8.26,59.4,643179.75,64,64,131072,131072,0.0289,0.0145,0.0145,327,0,0,Benign,None,Benign,0
3344,UE_7,tcp,413,-60.15,34.43,0.0595,0.0595,458,458,0,18320,18320,0,40,0,7697.48,7697.48,0,2463193.28,128,0,1024,0,0,0,0,0,458,100,SYNFlood,Hping3,Malicious,1
3699,UE_8,udp,403.8,-51.94,40.47,0.516,0.516,1825,1825,0,965972,965972,0,529.3,0,3536.82,3536.82,0,14976310.08,64,0,0,0,0,0,0,0,1460,80,UDPFlood,Hping3,Malicious,1
283,UE_1,tcp,146.1,-45.72,48.01,4.302,4.302,62,25,37,44357,5200,39157,208,1058.3,14.41,5.81,8.6,82486.29,64,64,65535,65535,0.0378,0.0189,0.0189,461,0,0,Benign,None,Benign,0
4273,UE_9,tcp,409.2,-55.41,39.76,0.0014,0.0014,1,1,0,44,44,0,44,0,714.29,714.29,0,251428.57,52,0,1024,0,0,0,0,0,1,100,SYNScan,Nmap,Malicious,1
1580,UE_4,udp,116.4,-40.46,51.32,0.065,0.065,5,3,2,372,274,98,91.2,49.1,76.92,46.15,30.77,45784.62,64,64,0,0,0,0,0,275,0,0,Benign,None,Benign,0
4891,UE_10,tcp,440.7,-54.59,39.7,62.73,62.73,20,9,11,734,294,440,32.7,40,0.32,0.14,0.18,93.61,64,64,512,16384,0.1588,0.0953,0.0635,128,0,0,SlowrateDoS,Slowloris,Malicious,1
266,UE_1,tcp,146.1,-44.43,48.29,2.881,2.881,49,10,39,43784,2463,41321,246.3,1059.5,17.01,3.47,13.54,121580.01,64,64,65535,65535,0.0353,0.0177,0.0177,283,0,0,Benign,None,Benign,0
2596,UE_6,tcp,321,-50.75,39.82,1.401,1.401,73,34,39,33226,10516,22710,309.3,582.3,52.11,24.27,27.84,189727.34,64,64,65535,65535,0.0294,0.0147,0.0147,485,0,0,Benign,None,Benign,0
12,UE_1,tcp,146.1,-44.57,48.71,3.312,3.312,78,19,59,59306,4678,54628,246.2,925.9,23.55,5.74,17.81,143251.21,64,64,65535,65535,0.0299,0.015,0.015,252,0,0,Benign,None,Benign,0
1804,UE_4,udp,116.4,-40,51.86,0.103,0.103,2,1,1,146,87,59,87.4,59.1,19.42,9.71,9.71,11339.81,64,64,0,0,0,0,0,508,0,0,Benign,None,Benign,0
1267,UE_3,udp,127.5,-42.42,51.13,5.151,5.151,269,136,133,45185,21937,23248,161.3,174.8,52.22,26.4,25.82,70176.66,64,64,0,0,0,0,0,232,0,0,Benign,None,Benign,0
2735,UE_6,tcp,321,-51.53,39.74,1.122,1.122,75,42,33,31662,13222,18440,314.8,558.8,66.84,37.43,29.41,225754.01,64,64,65535,65535,0.0362,0.0181,0.0181,394,0,0,Benign,None,Benign,0
764,UE_2,tcp,235.5,-52.37,41.32,7.516,7.516,280,47,233,330717,5635,325082,119.9,1395.2,37.25,6.25,31,352013.84,64,64,131072,131072,0.0229,0.0115,0.0115,389,0,0,Benign,None,Benign,0
4941,UE_10,tcp,440.7,-54.05,39.81,45.23,45.23,22,11,11,820,380,440,34.5,40,0.49,0.24,0.24,145.04,64,64,512,16384,0.2087,0.1252,0.0835,128,0,0,SlowrateDoS,Slowloris,Malicious,1
4322,UE_9,tcp,409.2,-55.18,38.3,0.0028,0.0028,1,1,0,44,44,0,44,0,357.14,357.14,0,125714.29,51,0,1024,0,0,0,0,0,1,100,SYNScan,Nmap,Malicious,1
3837,UE_8,udp,403.8,-52.72,40.68,0.56,0.56,905,905,0,896041,896041,0,990.1,0,1616.07,1616.07,0,12800585.71,64,0,0,0,0,0,0,0,724,80,UDPFlood,Hping3,Malicious,1
2116,UE_5,tcp,309,-52.58,39.65,12.102,12.102,802,42,760,1112288,2688,1109600,64,1460,66.27,3.47,62.8,735275.49,64,64,262144,262144,0.0206,0.0103,0.0103,203,0,0,Benign,None,Benign,0
1204,UE_3,udp,127.5,-42.12,51.79,3.389,3.389,181,93,88,31746,16601,15145,178.5,172.1,53.41,27.44,25.97,74938.92,64,64,0,0,0,0,0,419,1,0.05,Benign,None,Benign,0
1617,UE_4,udp,116.4,-40.64,51.68,0.217,0.217,5,4,1,373,311,62,77.7,62.4,23.04,18.43,4.61,13751.15,64,64,0,0,0,0,0,345,0,0,Benign,None,Benign,0
1561,UE_4,udp,116.4,-40.78,53.41,0.204,0.204,2,1,1,125,73,52,72.8,52.3,9.8,4.9,4.9,4901.96,64,64,0,0,0,0,0,478,0,0,Benign,None,Benign,0
3224,UE_7,tcp,413,-60.18,34.3,0.0976,0.0976,839,839,0,33560,33560,0,40,0,8596.31,8596.31,0,2750819.67,128,0,1024,0,0,0,0,0,839,100,SYNFlood,Hping3,Malicious,1
3854,UE_8,udp,403.8,-52.14,40.36,0.156,0.156,1635,1635,0,1132892,1132892,0,692.9,0,10480.77,10480.77,0,58097025.64,64,0,0,0,0,0,0,0,1308,80,UDPFlood,Hping3,Malicious,1
102,UE_1,tcp,146.1,-44.96,47.27,3.399,3.399,43,11,32,40496,2243,38253,203.9,1195.4,12.65,3.24,9.41,95312.74,64,64,65535,65535,0.0246,0.0123,0.0123,396,0,0,Benign,None,Benign,0
1284,UE_3,udp,127.5,-41.73,51.2,3.69,3.69,241,122,119,42245,21277,20968,174.4,176.2,65.31,33.06,32.25,91588.08,64,64,0,0,0,0,0,139,0,0,Benign,None,Benign,0
3227,UE_7,tcp,413,-60.13,33.97,0.0588,0.0588,479,479,0,19160,19160,0,40,0,8146.26,8146.26,0,2606802.72,128,0,1024,0,0,0,0,0,479,100,SYNFlood,Hping3,Malicious,1
2491,UE_5,tcp,309,-53.86,39.9,4.421,4.421,616,81,535,786284,5184,781100,64,1460,139.33,18.32,121.01,1422816.56,64,64,262144,262144,0.018,0.009,0.009,151,1,0.05,Benign,None,Benign,0
2120,UE_5,tcp,309,-53.1,40.39,8.072,8.072,832,54,778,1139336,3456,1135880,64,1460,103.07,6.69,96.38,1129173.44,64,64,262144,262144,0.0133,0.0067,0.0067,286,1,0.05,Benign,None,Benign,0
674,UE_2,tcp,235.5,-52.12,40.8,5.739,5.739,483,44,439,542065,4070,537995,92.5,1225.5,84.16,7.67,76.49,755622.93,64,64,131072,131072,0.0205,0.0103,0.0103,281,0,0,Benign,None,Benign,0
1566,UE_4,udp,116.4,-40.27,52,0.066,0.066,2,1,1,145,89,56,88.8,56.2,30.3,15.15,15.15,17575.76,64,64,0,0,0,0,0,239,0,0,Benign,None,Benign,0
4963,UE_10,tcp,440.7,-53.64,39.49,30.9,30.9,19,8,11,678,238,440,29.8,40,0.61,0.26,0.36,175.53,64,64,512,16384,0.1272,0.0763,0.0509,128,0,0,SlowrateDoS,Slowloris,Malicious,1
2821,UE_6,tcp,321,-52.41,39.98,2.379,2.379,69,44,25,24510,14260,10250,324.1,410,29,18.5,10.51,82421.19,64,64,65535,65535,0.0291,0.0146,0.0146,345,0,0,Benign,None,Benign,0
3723,UE_8,udp,403.8,-52.7,41,0.452,0.452,1982,1982,0,1225074,1225074,0,618.1,0,4384.96,4384.96,0,21682725.66,64,0,0,0,0,0,0,0,1586,80,UDPFlood,Hping3,Malicious,1
3024,UE_7,tcp,413,-60.72,34.74,0.0553,0.0553,300,300,0,12000,12000,0,40,0,5424.95,5424.95,0,1735985.53,128,0,1024,0,0,0,0,0,300,100,SYNFlood,Hping3,Malicious,1
3988,UE_8,udp,403.8,-53.08,40.52,0.556,0.556,1077,1077,0,1003010,1003010,0,931.3,0,1937.05,1937.05,0,14431798.56,64,0,0,0,0,0,0,0,862,80,UDPFlood,Hping3,Malicious,1
1836,UE_4,udp,116.4,-39.23,52.69,0.179,0.179,5,3,2,396,276,120,92,59.9,27.93,16.76,11.17,17698.32,64,64,0,0,0,0,0,314,0,0,Benign,None,Benign,0
2633,UE_6,tcp,321,-51.87,39.95,2.989,2.989,66,41,25,33024,19717,13307,480.9,532.3,22.08,13.72,8.36,88388.09,64,64,65535,65535,0.0381,0.0191,0.0191,392,0,0,Benign,None,Benign,0
3556,UE_8,udp,403.8,-52.42,40.19,0.399,0.399,1784,1784,0,1659120,1659120,0,930,0,4471.18,4471.18,0,33265563.91,64,0,0,0,0,0,0,0,1427,80,UDPFlood,Hping3,Malicious,1
906,UE_2,tcp,235.5,-52.84,40.92,9.502,9.502,490,73,417,578870,7205,571665,98.7,1370.9,51.57,7.68,43.89,487366.87,64,64,131072,131072,0.0279,0.014,0.014,360,1,0.05,Benign,None,Benign,0
2699,UE_6,tcp,321,-51.65,39.54,3.166,3.166,72,32,40,28047,10323,17724,322.6,443.1,22.74,10.11,12.63,70870.5,64,64,65535,65535,0.0316,0.0158,0.0158,165,0,0,Benign,None,Benign,0
2060,UE_5,tcp,309,-53.07,40.69,5.045,5.045,671,43,628,919632,2752,916880,64,1460,133,8.52,124.48,1458286.62,64,64,262144,262144,0.0225,0.0113,0.0113,407,1,0.05,Benign,None,Benign,0
2883,UE_6,tcp,321,-51.13,40.2,1.666,1.666,62,42,20,23311,15019,8292,357.6,414.6,37.21,25.21,12,111937.58,64,64,65535,65535,0.0363,0.0182,0.0182,400,1,0.05,Benign,None,Benign,0
1134,UE_3,udp,127.5,-41.89,50.79,2.408,2.408,225,111,114,38280,19447,18833,175.2,165.2,93.44,46.1,47.34,127176.08,64,64,0,0,0,0,0,181,0,0,Benign,None,Benign,0
2204,UE_5,tcp,309,-53.54,40.09,8.768,8.768,901,95,806,1182840,6080,1176760,64,1460,102.76,10.83,91.93,1079233.58,64,64,262144,262144,0.0208,0.0104,0.0104,322,0,0,Benign,None,Benign,0
2004,UE_5,tcp,309,-52.99,38.65,11.902,11.902,904,50,854,1250040,3200,1246840,64,1460,75.95,4.2,71.75,840221.81,64,64,262144,262144,0.0198,0.0099,0.0099,200,0,0,Benign,None,Benign,0
3742,UE_8,udp,403.8,-52.78,40.02,0.447,0.447,2152,2152,0,1991461,1991461,0,925.4,0,4814.32,4814.32,0,35641360.18,64,0,0,0,0,0,0,0,1722,80,UDPFlood,Hping3,Malicious,1
2157,UE_5,tcp,309,-53.11,39.95,6.084,6.084,730,90,640,940160,5760,934400,64,1460,119.99,14.79,105.19,1236239.32,64,64,262144,262144,0.0165,0.0083,0.0083,351,1,0.05,Benign,None,Benign,0
4100,UE_9,tcp,409.2,-55.35,38.74,0.006,0.006,1,1,0,44,44,0,44,0,166.67,166.67,0,58666.67,59,0,1024,0,0,0,0,0,1,100,SYNScan,Nmap,Malicious,1
4750,UE_10,tcp,440.7,-53.79,39.79,64.51,64.51,23,14,9,884,524,360,37.4,40,0.36,0.22,0.14,109.63,64,64,512,16384,0.1539,0.0923,0.0616,128,0,0,SlowrateDoS,Slowloris,Malicious,1
2628,UE_6,tcp,321,-51.39,40.14,2.812,2.812,81,37,44,36402,15581,20821,421.1,473.2,28.81,13.16,15.65,103561.88,64,64,65535,65535,0.0247,0.0124,0.0124,230,1,0.05,Benign,None,Benign,0
2250,UE_5,tcp,309,-52.67,39.59,3.137,3.137,755,66,689,1010164,4224,1005940,64,1460,240.68,21.04,219.64,2576127.51,64,64,262144,262144,0.0225,0.0113,0.0113,412,1,0.05,Benign,None,Benign,0
4749,UE_10,tcp,440.7,-54.88,39.74,26.7,26.7,23,12,11,784,344,440,28.7,40,0.86,0.45,0.41,234.91,64,64,512,16384,0.2197,0.1318,0.0879,128,0,0,SlowrateDoS,Slowloris,Malicious,1
961,UE_2,tcp,235.5,-52.25,41.43,5.104,5.104,307,38,269,393031,3922,389109,103.2,1446.5,60.15,7.45,52.7,616036.05,64,64,131072,131072,0.0114,0.0057,0.0057,303,1,0.05,Benign,None,Benign,0
1593,UE_4,udp,116.4,-40.43,52.02,0.093,0.093,5,3,2,362,246,116,82.1,57.8,53.76,32.26,21.51,31139.78,64,64,0,0,0,0,0,252,1,0.05,Benign,None,Benign,0
3196,UE_7,tcp,413,-59.74,33.41,0.0209,0.0209,431,431,0,17240,17240,0,40,0,20622.01,20622.01,0,6599043.06,128,0,1024,0,0,0,0,0,431,100,SYNFlood,Hping3,Malicious,1
1806,UE_4,udp,116.4,-40.06,52.43,0.129,0.129,3,2,1,238,180,58,89.8,58.2,23.26,15.5,7.75,14759.69,64,64,0,0,0,0,0,187,0,0,Benign,None,Benign,0
1989,UE_4,udp,116.4,-40.18,52.59,0.052,0.052,3,2,1,198,143,55,71.4,54.7,57.69,38.46,19.23,30461.54,64,64,0,0,0,0,0,273,0,0,Benign,None,Benign,0
1173,UE_3,udp,127.5,-42.79,50.57,3.428,3.428,167,84,83,29793,15002,14791,178.6,178.2,48.72,24.5,24.21,69528.59,64,64,0,0,0,0,0,155,1,0.05,Benign,None,Benign,0
4984,UE_10,tcp,440.7,-54.68,39.54,40.04,40.04,14,9,5,529,329,200,36.5,40,0.35,0.22,0.12,105.69,64,64,512,16384,0.1042,0.0625,0.0417,128,0,0,SlowrateDoS,Slowloris,Malicious,1
2937,UE_6,tcp,321,-51.83,40.2,1.817,1.817,68,42,26,29466,18018,11448,429,440.3,37.42,23.12,14.31,129734.73,64,64,65535,65535,0.0438,0.0219,0.0219,164,0,0,Benign,None,Benign,0
962,UE_2,tcp,235.5,-52.52,40.75,4.504,4.504,387,71,316,409605,6958,402647,98,1274.2,85.92,15.76,70.16,727539.96,64,64,131072,131072,0.016,0.008,0.008,323,0,0,Benign,None,Benign,0
4381,UE_9,tcp,409.2,-55.5,38.87,0.0029,0.0029,1,1,0,44,44,0,44,0,344.83,344.83,0,121379.31,48,0,1024,0,0,0,0,0,1,100,SYNScan,Nmap,Malicious,1
211,UE_1,tcp,146.1,-44.35,48.31,0.818,0.818,56,29,27,39495,6838,32657,235.8,1209.5,68.46,35.45,33.01,386259.17,64,64,65535,65535,0.0312,0.0156,0.0156,404,1,0.05,Benign,None,Benign,0
1777,UE_4,udp,116.4,-40.36,52.46,0.242,0.242,4,2,2,308,188,120,93.9,60,16.53,8.26,8.26,10181.82,64,64,0,0,0,0,0,162,1,0.05,Benign,None,Benign,0
873,UE_2,tcp,235.5,-52.43,40.95,2.702,2.702,483,64,419,523402,5267,518135,82.3,1236.6,178.76,23.69,155.07,1549672.83,64,64,131072,131072,0.0243,0.0122,0.0122,318,1,0.05,Benign,None,Benign,0
2214,UE_5,tcp,309,-52.39,40.11,6.345,6.345,817,60,757,1109060,3840,1105220,64,1460,128.76,9.46,119.31,1398342,64,64,262144,262144,0.0208,0.0104,0.0104,208,0,0,Benign,None,Benign,0
3075,UE_7,tcp,413,-59.84,34.47,0.0186,0.0186,224,224,0,8960,8960,0,40,0,12043.01,12043.01,0,3853763.44,128,0,1024,0,0,0,0,0,224,100,SYNFlood,Hping3,Malicious,1
3062,UE_7,tcp,413,-60.32,33.54,0.0524,0.0524,451,451,0,18040,18040,0,40,0,8606.87,8606.87,0,2754198.47,128,0,1024,0,0,0,0,0,451,100,SYNFlood,Hping3,Malicious,1
4771,UE_10,tcp,440.7,-54.1,39.57,48.4,48.4,22,16,6,837,597,240,37.3,40,0.45,0.33,0.12,138.35,64,64,512,16384,0.1475,0.0885,0.059,128,0,0,SlowrateDoS,Slowloris,Malicious,1
3071,UE_7,tcp,413,-59.83,34.18,0.0912,0.0912,873,873,0,34920,34920,0,40,0,9572.37,9572.37,0,3063157.89,128,0,1024,0,0,0,0,0,873,100,SYNFlood,Hping3,Malicious,1
66,UE_1,tcp,146.1,-44.38,48.13,2.091,2.091,90,35,55,59205,8110,51095,231.7,929,43.04,16.74,26.3,226513.63,64,64,65535,65535,0.0201,0.0101,0.0101,506,0,0,Benign,None,Benign,0
3484,UE_7,tcp,413,-60.33,33.38,0.0854,0.0854,388,388,0,15520,15520,0,40,0,4543.33,4543.33,0,1453864.17,128,0,1024,0,0,0,0,0,388,100,SYNFlood,Hping3,Malicious,1
4269,UE_9,tcp,409.2,-55.26,38.26,0.0044,0.0044,1,1,0,44,44,0,44,0,227.27,227.27,0,80000,51,0,1024,0,0,0,0,0,1,100,SYNScan,Nmap,Malicious,1
1059,UE_3,udp,127.5,-41.76,51.26,3.37,3.37,135,69,66,23712,11951,11761,173.2,178.2,40.06,20.47,19.58,56289.61,64,64,0,0,0,0,0,362,0,0,Benign,None,Benign,0
631,UE_2,tcp,235.5,-51.85,41.08,7.389,7.389,323,33,290,386366,2957,383409,89.6,1322.1,43.71,4.47,39.25,418314.79,64,64,131072,131072,0.0191,0.0096,0.0096,304,1,0.05,Benign,None,Benign,0
1225,UE_3,udp,127.5,-41.31,51.48,5.365,5.365,252,125,127,41993,21013,20980,168.1,165.2,46.97,23.3,23.67,62617.71,64,64,0,0,0,0,0,199,0,0,Benign,None,Benign,0
3888,UE_8,udp,403.8,-51.9,40.97,0.215,0.215,1472,1472,0,1099142,1099142,0,746.7,0,6846.51,6846.51,0,40898306.98,64,0,0,0,0,0,0,0,1178,80,UDPFlood,Hping3,Malicious,1
765,UE_2,tcp,235.5,-52.81,39.99,8.096,8.096,460,57,403,526680,4634,522046,81.3,1295.4,56.82,7.04,49.78,520434.78,64,64,131072,131072,0.0147,0.0074,0.0074,139,0,0,Benign,None,Benign,0
3589,UE_8,udp,403.8,-52.63,41.03,0.591,0.591,1820,1820,0,1514058,1514058,0,831.9,0,3079.53,3079.53,0,20494862.94,64,0,0,0,0,0,0,0,1456,80,UDPFlood,Hping3,Malicious,1
4174,UE_9,tcp,409.2,-54.76,37.97,0.0014,0.0014,1,1,0,44,44,0,44,0,714.29,714.29,0,251428.57,54,0,1024,0,0,0,0,0,1,100,SYNScan,Nmap,Malicious,1
1627,UE_4,udp,116.4,-40.93,52.16,0.093,0.093,6,4,2,482,374,108,93.5,54,64.52,43.01,21.51,41462.37,64,64,0,0,0,0,0,406,0,0,Benign,None,Benign,0
1785,UE_4,udp,116.4,-40.35,52.27,0.23,0.23,6,4,2,503,380,123,95.1,61.3,26.09,17.39,8.7,17495.65,64,64,0,0,0,0,0,354,1,0.05,Benign,None,Benign,0
4416,UE_9,tcp,409.2,-54.96,38.81,0.0042,0.0042,1,1,0,44,44,0,44,0,238.1,238.1,0,83809.52,59,0,1024,0,0,0,0,0,1,100,SYNScan,Nmap,Malicious,1
4745,UE_10,tcp,440.7,-54.29,39.32,48.59,48.59,19,14,5,581,381,200,27.2,40,0.39,0.29,0.1,95.66,64,64,512,16384,0.1013,0.0608,0.0405,128,0,0,SlowrateDoS,Slowloris,Malicious,1
2010,UE_5,tcp,309,-53.42,40.16,6.26,6.26,475,73,402,591592,4672,586920,64,1460,75.88,11.66,64.22,756028.12,64,64,262144,262144,0.0123,0.0062,0.0062,505,0,0,Benign,None,Benign,0
4391,UE_9,tcp,409.2,-55.18,38.15,0.0015,0.0015,1,1,0,44,44,0,44,0,666.67,666.67,0,234666.67,60,0,1024,0,0,0,0,0,1,100,SYNScan,Nmap,Malicious,1
4838,UE_10,tcp,440.7,-53.6,39.44,59.49,59.49,24,15,9,827,467,360,31.1,40,0.4,0.25,0.15,111.21,64,64,512,16384,0.1018,0.0611,0.0407,128,0,0,SlowrateDoS,Slowloris,Malicious,1
3782,UE_8,udp,403.8,-51.83,41.1,0.41,0.41,1334,1334,0,1224212,1224212,0,917.7,0,3253.66,3253.66,0,23887063.41,64,0,0,0,0,0,0,0,1067,80,UDPFlood,Hping3,Malicious,1
4010,UE_9,tcp,409.2,-55.37,38.61,0.0052,0.0052,1,1,0,44,44,0,44,0,192.31,192.31,0,67692.31,52,0,1024,0,0,0,0,0,1,100,SYNScan,Nmap,Malicious,1
111,UE_1,tcp,146.1,-44.87,48.2,3.394,3.394,45,22,23,30041,3784,26257,172,1141.6,13.26,6.48,6.78,70809.66,64,64,65535,65535,0.0173,0.0087,0.0087,271,0,0,Benign,None,Benign,0
1759,UE_4,udp,116.4,-41.47,51.95,0.174,0.174,3,2,1,182,131,51,65.3,50.7,17.24,11.49,5.75,8367.82,64,64,0,0,0,0,0,152,1,0.05,Benign,None,Benign,0
2732,UE_6,tcp,321,-50.39,39.13,1.246,1.246,61,28,33,34149,12656,21493,452,651.3,48.96,22.47,26.48,219255.22,64,64,65535,65535,0.0224,0.0112,0.0112,431,1,0.05,Benign,None,Benign,0
1615,UE_4,udp,116.4,-40.35,52.5,0.136,0.136,6,4,2,461,350,111,87.4,55.4,44.12,29.41,14.71,27117.65,64,64,0,0,0,0,0,512,0,0,Benign,None,Benign,0
3353,UE_7,tcp,413,-59.57,33.98,0.0762,0.0762,966,966,0,38640,38640,0,40,0,12677.17,12677.17,0,4056692.91,128,0,1024,0,0,0,0,0,966,100,SYNFlood,Hping3,Malicious,1
1766,UE_4,udp,116.4,-39.91,51.16,0.069,0.069,3,2,1,221,162,59,81.2,58.6,43.48,28.99,14.49,25623.19,64,64,0,0,0,0,0,309,0,0,Benign,None,Benign,0
2992,UE_6,tcp,321,-51.35,40.29,3.183,3.183,73,30,43,30244,12150,18094,405,420.8,22.93,9.43,13.51,76013.82,64,64,65535,65535,0.0282,0.0141,0.0141,227,1,0.05,Benign,None,Benign,0
3611,UE_8,udp,403.8,-52.35,41.2,0.51,0.51,989,989,0,841639,841639,0,851,0,1939.22,1939.22,0,13202180.39,64,0,0,0,0,0,0,0,791,80,UDPFlood,Hping3,Malicious,1
733,UE_2,tcp,235.5,-51.42,41.06,2.758,2.758,315,79,236,330747,7663,323084,97,1369,114.21,28.64,85.57,959382.16,64,64,131072,131072,0.0105,0.0053,0.0053,392,0,0,Benign,None,Benign,0
469,UE_1,tcp,146.1,-44.58,48.08,3.876,3.876,55,29,26,26377,4698,21679,162,833.8,14.19,7.48,6.71,54441.69,64,64,65535,65535,0.0367,0.0184,0.0184,128,1,0.05,Benign,None,Benign,0
2608,UE_6,tcp,321,-51.39,40.07,3.127,3.127,88,39,49,46317,14060,32257,360.5,658.3,28.14,12.47,15.67,118495.68,64,64,65535,65535,0.0322,0.0161,0.0161,193,1,0.05,Benign,None,Benign,0
3833,UE_8,udp,403.8,-52.24,40.86,0.341,0.341,2263,2263,0,2011354,2011354,0,888.8,0,6636.36,6636.36,0,47187190.62,64,0,0,0,0,0,0,0,1810,80,UDPFlood,Hping3,Malicious,1
3027,UE_7,tcp,413,-59.17,33.27,0.0857,0.0857,479,479,0,19160,19160,0,40,0,5589.26,5589.26,0,1788564.76,128,0,1024,0,0,0,0,0,479,100,SYNFlood,Hping3,Malicious,1
662,UE_2,tcp,235.5,-53.27,40.53,3.971,3.971,222,33,189,261719,3772,257947,114.3,1364.8,55.91,8.31,47.6,527260.64,64,64,131072,131072,0.0151,0.0076,0.0076,261,1,0.05,Benign,None,Benign,0
4167,UE_9,tcp,409.2,-54.77,39.92,0.0015,0.0015,1,1,0,44,44,0,44,0,666.67,666.67,0,234666.67,58,0,1024,0,0,0,0,0,1,100,SYNScan,Nmap,Malicious,1
3362,UE_7,tcp,413,-59.74,34.3,0.0803,0.0803,477,477,0,19080,19080,0,40,0,5940.22,5940.22,0,1900871.73,128,0,1024,0,0,0,0,0,477,100,SYNFlood,Hping3,Malicious,1
2466,UE_5,tcp,309,-53.72,40.02,11.263,11.263,608,47,561,822068,3008,819060,64,1460,53.98,4.17,49.81,583906.95,64,64,262144,262144,0.0211,0.0106,0.0106,422,0,0,Benign,None,Benign,0
2765,UE_6,tcp,321,-51.81,40.76,2.456,2.456,55,25,30,25955,11168,14787,446.7,492.9,22.39,10.18,12.21,84543.97,64,64,65535,65535,0.025,0.0125,0.0125,319,0,0,Benign,None,Benign,0
4516,UE_10,tcp,440.7,-54.32,39.74,43.85,43.85,17,11,6,604,364,240,33.1,40,0.39,0.25,0.14,110.19,64,64,512,16384,0.0919,0.0551,0.0368,128,0,0,SlowrateDoS,Slowloris,Malicious,1
2692,UE_6,tcp,321,-51.74,39.81,1.874,1.874,65,37,28,28804,15263,13541,412.5,483.6,34.69,19.74,14.94,122962.65,64,64,65535,65535,0.0297,0.0149,0.0149,169,0,0,Benign,None,Benign,0
1177,UE_3,udp,127.5,-42.28,51.78,4.976,4.976,254,128,126,44216,21952,22264,171.5,176.7,51.05,25.72,25.32,71086.82,64,64,0,0,0,0,0,512,0,0,Benign,None,Benign,0
1175,UE_3,udp,127.5,-41.51,51.05,1.501,1.501,169,85,84,28435,13626,14809,160.3,176.3,112.59,56.63,55.96,151552.3,64,64,0,0,0,0,0,408,0,0,Benign,None,Benign,0
2986,UE_6,tcp,321,-51.68,39.46,2.543,2.543,90,43,47,40597,15381,25216,357.7,536.5,35.39,16.91,18.48,127713.72,64,64,65535,65535,0.0387,0.0194,0.0194,268,1,0.05,Benign,None,Benign,0
1664,UE_4,udp,116.4,-40.51,51.14,0.074,0.074,3,2,1,221,172,49,86,49.2,40.54,27.03,13.51,23891.89,64,64,0,0,0,0,0,267,0,0,Benign,None,Benign,0
2918,UE_6,tcp,321,-51.44,40.23,0.976,0.976,79,31,48,37703,15162,22541,489.1,469.6,80.94,31.76,49.18,309040.98,64,64,65535,65535,0.0236,0.0118,0.0118,188,1,0.05,Benign,None,Benign,0
1189,UE_3,udp,127.5,-43.41,50.46,2.197,2.197,149,72,77,24472,11959,12513,166.1,162.5,67.82,32.77,35.05,89110.61,64,64,0,0,0,0,0,131,0,0,Benign,None,Benign,0
4615,UE_10,tcp,440.7,-53.46,39.21,33.16,33.16,20,9,11,661,221,440,24.5,40,0.6,0.27,0.33,159.47,64,64,512,16384,0.2247,0.1348,0.0899,128,0,0,SlowrateDoS,Slowloris,Malicious,1
3566,UE_8,udp,403.8,-52.35,40.46,0.267,0.267,2430,2430,0,2204739,2204739,0,907.3,0,9101.12,9101.12,0,66059595.51,64,0,0,0,0,0,0,0,1944,80,UDPFlood,Hping3,Malicious,1
3314,UE_7,tcp,413,-60.25,34.62,0.0103,0.0103,467,467,0,18680,18680,0,40,0,45339.81,45339.81,0,14508737.86,128,0,1024,0,0,0,0,0,467,100,SYNFlood,Hping3,Malicious,1
4139,UE_9,tcp,409.2,-54.91,40.1,0.0027,0.0027,1,1,0,44,44,0,44,0,370.37,370.37,0,130370.37,59,0,1024,0,0,0,0,0,1,100,SYNScan,Nmap,Malicious,1
2013,UE_5,tcp,309,-53.36,40.04,12.92,12.92,963,85,878,1287320,5440,1281880,64,1460,74.54,6.58,67.96,797102.17,64,64,262144,262144,0.0164,0.0082,0.0082,189,0,0,Benign,None,Benign,0
1116,UE_3,udp,127.5,-41.77,51.42,3.168,3.168,218,107,111,38047,19110,18937,178.6,170.6,68.81,33.78,35.04,96078.28,64,64,0,0,0,0,0,208,0,0,Benign,None,Benign,0
555,UE_2,tcp,235.5,-52.6,42.16,6.203,6.203,475,33,442,588411,3115,585296,94.4,1324.2,76.58,5.32,71.26,758872.8,64,64,131072,131072,0.0171,0.0086,0.0086,374,0,0,Benign,None,Benign,0
862,UE_2,tcp,235.5,-52.94,40.69,6.27,6.27,189,37,152,193517,4155,189362,112.3,1245.8,30.14,5.9,24.24,246911.64,64,64,131072,131072,0.0221,0.0111,0.0111,183,1,0.05,Benign,None,Benign,0
791,UE_2,tcp,235.5,-52.61,41.04,2.262,2.262,470,51,419,578270,6084,572186,119.3,1365.6,207.78,22.55,185.23,2045163.57,64,64,131072,131072,0.0132,0.0066,0.0066,139,0,0,Benign,None,Benign,0
4528,UE_10,tcp,440.7,-53.59,37.95,25.28,25.28,27,15,12,1046,566,480,37.7,40,1.07,0.59,0.47,331.01,64,64,512,16384,0.1178,0.0707,0.0471,128,0,0,SlowrateDoS,Slowloris,Malicious,1
705,UE_2,tcp,235.5,-53.13,39.79,4.093,4.093,191,33,158,228777,2963,225814,89.8,1429.2,46.67,8.06,38.6,447157.59,64,64,131072,131072,0.0183,0.0092,0.0092,497,0,0,Benign,None,Benign,0
716,UE_2,tcp,235.5,-52.64,40.17,3.18,3.18,381,61,320,468641,6625,462016,108.6,1443.8,119.81,19.18,100.63,1178971.07,64,64,131072,131072,0.0282,0.0141,0.0141,230,0,0,Benign,None,Benign,0
1967,UE_4,udp,116.4,-40.88,52.37,0.1,0.1,2,1,1,119,67,52,66.7,52.2,20,10,10,9520,64,64,0,0,0,0,0,366,1,0.05,Benign,None,Benign,0
2544,UE_6,tcp,321,-50.98,39.51,2.095,2.095,67,17,50,34224,7659,26565,450.5,531.3,31.98,8.11,23.87,130688.31,64,64,65535,65535,0.0355,0.0178,0.0178,282,0,0,Benign,None,Benign,0
3918,UE_8,udp,403.8,-52.86,40.9,0.406,0.406,1710,1710,0,1295154,1295154,0,757.4,0,4211.82,4211.82,0,25520275.86,64,0,0,0,0,0,0,0,1368,80,UDPFlood,Hping3,Malicious,1
2756,UE_6,tcp,321,-51.38,40.1,0.908,0.908,75,39,36,34961,14754,20207,378.3,561.3,82.6,42.95,39.65,308026.43,64,64,65535,65535,0.0353,0.0177,0.0177,418,1,0.05,Benign,None,Benign,0
3615,UE_8,udp,403.8,-52.22,39.67,0.413,0.413,2391,2391,0,1324614,1324614,0,554,0,5789.35,5789.35,0,25658382.57,64,0,0,0,0,0,0,0,1913,80,UDPFlood,Hping3,Malicious,1
2602,UE_6,tcp,321,-51.62,39.91,1.642,1.642,95,45,50,40811,20511,20300,455.8,406,57.86,27.41,30.45,198835.57,64,64,65535,65535,0.0336,0.0168,0.0168,165,1,0.05,Benign,None,Benign,0
1030,UE_3,udp,127.5,-42.3,51.95,2.752,2.752,268,136,132,44787,23297,21490,171.3,162.8,97.38,49.42,47.97,130194.77,64,64,0,0,0,0,0,224,0,0,Benign,None,Benign,0
2862,UE_6,tcp,321,-50.78,39.61,1.718,1.718,72,32,40,35730,11722,24008,366.3,600.2,41.91,18.63,23.28,166379.51,64,64,65535,65535,0.0434,0.0217,0.0217,163,0,0,Benign,None,Benign,0
3948,UE_8,udp,403.8,-51.65,40.77,0.305,0.305,1811,1811,0,1177693,1177693,0,650.3,0,5937.7,5937.7,0,30890308.2,64,0,0,0,0,0,0,0,1449,80,UDPFlood,Hping3,Malicious,1
679,UE_2,tcp,235.5,-51.82,40.31,9.276,9.276,314,39,275,376640,3822,372818,98,1355.7,33.85,4.2,29.65,324829.67,64,64,131072,131072,0.0114,0.0057,0.0057,174,0,0,Benign,None,Benign,0
754,UE_2,tcp,235.5,-50.99,40.02,2.094,2.094,314,80,234,300077,8536,291541,106.7,1245.9,149.95,38.2,111.75,1146425.98,64,64,131072,131072,0.0216,0.0108,0.0108,509,0,0,Benign,None,Benign,0
1772,UE_4,udp,116.4,-40.2,51.41,0.233,0.233,4,3,1,297,247,50,82.3,49.5,17.17,12.88,4.29,10197.42,64,64,0,0,0,0,0,348,0,0,Benign,None,Benign,0
249,UE_1,tcp,146.1,-44.36,48.43,2.407,2.407,76,27,49,48414,5921,42493,219.3,867.2,31.57,11.22,20.36,160910.68,64,64,65535,65535,0.024,0.012,0.012,484,0,0,Benign,None,Benign,0
4778,UE_10,tcp,440.7,-54.55,39.53,51.3,51.3,21,17,4,825,665,160,39.1,40,0.41,0.33,0.08,128.65,64,64,512,16384,0.1627,0.0976,0.0651,128,0,0,SlowrateDoS,Slowloris,Malicious,1
3624,UE_8,udp,403.8,-51.2,40.15,0.552,0.552,856,856,0,797193,797193,0,931.3,0,1550.72,1550.72,0,11553521.74,64,0,0,0,0,0,0,0,685,80,UDPFlood,Hping3,Malicious,1
238,UE_1,tcp,146.1,-44.53,48.71,1.372,1.372,73,35,38,40729,7658,33071,218.8,870.3,53.21,25.51,27.7,237486.88,64,64,65535,65535,0.0296,0.0148,0.0148,361,0,0,Benign,None,Benign,0
3745,UE_8,udp,403.8,-52.05,41.22,0.311,0.311,693,693,0,414761,414761,0,598.5,0,2228.3,2228.3,0,10669093.25,64,0,0,0,0,0,0,0,554,80,UDPFlood,Hping3,Malicious,1
2140,UE_5,tcp,309,-52.35,40.75,10.929,10.929,865,97,768,1127488,6208,1121280,64,1460,79.15,8.88,70.27,825318.33,64,64,262144,262144,0.0211,0.0106,0.0106,241,0,0,Benign,None,Benign,0
1066,UE_3,udp,127.5,-42.12,51.36,5.41,5.41,189,94,95,30513,15303,15210,162.8,160.1,34.94,17.38,17.56,45120.89,64,64,0,0,0,0,0,309,0,0,Benign,None,Benign,0
1458,UE_3,udp,127.5,-42.04,51.86,5.066,5.066,228,114,114,40561,20212,20349,177.3,178.5,45.01,22.5,22.5,64052.11,64,64,0,0,0,0,0,423,1,0.05,Benign,None,Benign,0
2048,UE_5,tcp,309,-52.64,39.72,7.349,7.349,609,78,531,780252,4992,775260,64,1460,82.87,10.61,72.25,849369.44,64,64,262144,262144,0.0174,0.0087,0.0087,380,0,0,Benign,None,Benign,0
830,UE_2,tcp,235.5,-52.43,40.28,6.247,6.247,229,32,197,246797,3600,243197,112.5,1234.5,36.66,5.12,31.54,316051.86,64,64,131072,131072,0.0147,0.0074,0.0074,250,0,0,Benign,None,Benign,0
2036,UE_5,tcp,309,-53.01,39.94,5.715,5.715,523,48,475,696572,3072,693500,64,1460,91.51,8.4,83.11,975078.92,64,64,262144,262144,0.0196,0.0098,0.0098,402,1,0.05,Benign,None,Benign,0
235,UE_1,tcp,146.1,-44.49,48.42,3.656,3.656,73,21,52,68774,4876,63898,232.2,1228.8,19.97,5.74,14.22,150490.15,64,64,65535,65535,0.0425,0.0213,0.0213,234,0,0,Benign,None,Benign,0
2616,UE_6,tcp,321,-51.03,39.85,2.806,2.806,84,45,39,36983,21371,15612,474.9,400.3,29.94,16.04,13.9,105439.77,64,64,65535,65535,0.0333,0.0167,0.0167,311,1,0.05,Benign,None,Benign,0
3798,UE_8,udp,403.8,-52.38,40.44,0.313,0.313,857,857,0,780641,780641,0,910.9,0,2738.02,2738.02,0,19952485.62,64,0,0,0,0,0,0,0,686,80,UDPFlood,Hping3,Malicious,1
884,UE_2,tcp,235.5,-53.37,40.4,2.601,2.601,337,78,259,372438,9087,363351,116.5,1402.9,129.57,29.99,99.58,1145522.49,64,64,131072,131072,0.0251,0.0126,0.0126,252,0,0,Benign,None,Benign,0
1136,UE_3,udp,127.5,-41.79,50.94,1.212,1.212,102,51,51,17131,8293,8838,162.6,173.3,84.16,42.08,42.08,113075.91,64,64,0,0,0,0,0,341,1,0.05,Benign,None,Benign,0
964,UE_2,tcp,235.5,-52.49,41.27,7.725,7.725,324,70,254,311061,6083,304978,86.9,1200.7,41.94,9.06,32.88,322134.37,64,64,131072,131072,0.019,0.0095,0.0095,428,0,0,Benign,None,Benign,0
371,UE_1,tcp,146.1,-43.91,48.56,0.528,0.528,62,15,47,49923,2867,47056,191.1,1001.2,117.42,28.41,89.02,756409.09,64,64,65535,65535,0.0415,0.0208,0.0208,419,0,0,Benign,None,Benign,0
1343,UE_3,udp,127.5,-41.97,50.56,2.978,2.978,139,69,70,23941,11999,11942,173.9,170.6,46.68,23.17,23.51,64314.3,64,64,0,0,0,0,0,250,0,0,Benign,None,Benign,0
1184,UE_3,udp,127.5,-41.98,51.42,4.726,4.726,120,62,58,20324,10800,9524,174.2,164.2,25.39,13.12,12.27,34403.72,64,64,0,0,0,0,0,286,0,0,Benign,None,Benign,0
2118,UE_5,tcp,309,-52.96,40.16,7.268,7.268,741,57,684,1002288,3648,998640,64,1460,101.95,7.84,94.11,1103233.9,64,64,262144,262144,0.0182,0.0091,0.0091,425,1,0.05,Benign,None,Benign,0
276,UE_1,tcp,146.1,-44.93,48.99,4.425,4.425,54,24,30,37553,4649,32904,193.7,1096.8,12.2,5.42,6.78,67892.43,64,64,65535,65535,0.0172,0.0086,0.0086,511,1,0.05,Benign,None,Benign,0
4124,UE_9,tcp,409.2,-55.1,38.61,0.0057,0.0057,1,1,0,44,44,0,44,0,175.44,175.44,0,61754.39,52,0,1024,0,0,0,0,0,1,100,SYNScan,Nmap,Malicious,1
1656,UE_4,udp,116.4,-39.92,51.85,0.172,0.172,4,2,2,291,165,126,82.3,63,23.26,11.63,11.63,13534.88,64,64,0,0,0,0,0,414,0,0,Benign,None,Benign,0
3264,UE_7,tcp,413,-59.37,34.7,0.0517,0.0517,237,237,0,9480,9480,0,40,0,4584.14,4584.14,0,1466924.56,128,0,1024,0,0,0,0,0,237,100,SYNFlood,Hping3,Malicious,1
2611,UE_6,tcp,321,-51.41,39.83,2.592,2.592,81,32,49,44917,12067,32850,377.1,670.4,31.25,12.35,18.9,138632.72,64,64,65535,65535,0.0405,0.0203,0.0203,421,0,0,Benign,None,Benign,0
4399,UE_9,tcp,409.2,-54.88,39.08,0.0036,0.0036,1,1,0,44,44,0,44,0,277.78,277.78,0,97777.78,47,0,1024,0,0,0,0,0,1,100,SYNScan,Nmap,Malicious,1
1705,UE_4,udp,116.4,-40.74,52.64,0.187,0.187,3,2,1,195,144,51,72.2,50.5,16.04,10.7,5.35,8342.25,64,64,0,0,0,0,0,395,1,0.05,Benign,None,Benign,0
1478,UE_3,udp,127.5,-42.21,50.77,5.073,5.073,229,115,114,37365,19102,18263,166.1,160.2,45.14,22.67,22.47,58923.71,64,64,0,0,0,0,0,447,1,0.05,Benign,None,Benign,0
2865,UE_6,tcp,321,-51.3,39.36,1.073,1.073,70,45,25,36759,20534,16225,456.3,649,65.24,41.94,23.3,274065.24,64,64,65535,65535,0.0449,0.0225,0.0225,225,0,0,Benign,None,Benign,0
4593,UE_10,tcp,440.7,-53.93,38.43,37.99,37.99,26,19,7,917,637,280,33.5,40,0.68,0.5,0.18,193.1,64,64,512,16384,0.096,0.0576,0.0384,128,0,0,SlowrateDoS,Slowloris,Malicious,1
1279,UE_3,udp,127.5,-42.2,50.79,5.74,5.74,248,122,126,42225,21082,21143,172.8,167.8,43.21,21.25,21.95,58850.17,64,64,0,0,0,0,0,208,1,0.05,Benign,None,Benign,0
4294,UE_9,tcp,409.2,-54.8,38.82,0.0053,0.0053,1,1,0,44,44,0,44,0,188.68,188.68,0,66415.09,46,0,1024,0,0,0,0,0,1,100,SYNScan,Nmap,Malicious,1
1814,UE_4,udp,116.4,-39.47,52.04,0.055,0.055,5,4,1,438,374,64,93.6,63.9,90.91,72.73,18.18,63709.09,64,64,0,0,0,0,0,136,0,0,Benign,None,Benign,0
2311,UE_5,tcp,309,-54.18,39.55,4.94,4.94,734,91,643,944604,5824,938780,64,1460,148.58,18.42,130.16,1529723.08,64,64,262144,262144,0.0215,0.0108,0.0108,311,0,0,Benign,None,Benign,0
1694,UE_4,udp,116.4,-40.2,52.85,0.244,0.244,3,2,1,217,163,54,81.4,54.1,12.3,8.2,4.1,7114.75,64,64,0,0,0,0,0,485,0,0,Benign,None,Benign,0
4254,UE_9,tcp,409.2,-54.79,38.83,0.0022,0.0022,1,1,0,44,44,0,44,0,454.55,454.55,0,160000,57,0,1024,0,0,0,0,0,1,100,SYNScan,Nmap,Malicious,1
3156,UE_7,tcp,413,-59.36,34.46,0.0854,0.0854,878,878,0,35120,35120,0,40,0,10281.03,10281.03,0,3289929.74,128,0,1024,0,0,0,0,0,878,100,SYNFlood,Hping3,Malicious,1
2868,UE_6,tcp,321,-51.17,39.23,3.285,3.285,67,20,47,34174,9964,24210,498.2,515.1,20.4,6.09,14.31,83224.35,64,64,65535,65535,0.0358,0.0179,0.0179,176,0,0,Benign,None,Benign,0
1586,UE_4,udp,116.4,-40,52.3,0.114,0.114,5,4,1,323,274,49,68.4,49.3,43.86,35.09,8.77,22666.67,64,64,0,0,0,0,0,484,0,0,Benign,None,Benign,0
2374,UE_5,tcp,309,-53.27,40.52,11.399,11.399,595,45,550,805880,2880,803000,64,1460,52.2,3.95,48.25,565579.44,64,64,262144,262144,0.0176,0.0088,0.0088,320,0,0,Benign,None,Benign,0
467,UE_1,tcp,146.1,-44.24,48.17,1.283,1.283,77,31,46,53283,5949,47334,191.9,1029,60.02,24.16,35.85,332240.06,64,64,65535,65535,0.0227,0.0114,0.0114,290,1,0.05,Benign,None,Benign,0
3233,UE_7,tcp,413,-60.58,33.68,0.0565,0.0565,878,878,0,35120,35120,0,40,0,15539.82,15539.82,0,4972743.36,128,0,1024,0,0,0,0,0,878,100,SYNFlood,Hping3,Malicious,1
2064,UE_5,tcp,309,-52.71,39.71,8.077,8.077,717,64,653,957476,4096,953380,64,1460,88.77,7.92,80.85,948348.15,64,64,262144,262144,0.0149,0.0075,0.0075,166,1,0.05,Benign,None,Benign,0
3660,UE_8,udp,403.8,-52.46,40.07,0.198,0.198,2051,2051,0,1325151,1325151,0,646.1,0,10358.59,10358.59,0,53541454.55,64,0,0,0,0,0,0,0,1641,80,UDPFlood,Hping3,Malicious,1
3037,UE_7,tcp,413,-59.99,33.52,0.0933,0.0933,913,913,0,36520,36520,0,40,0,9785.64,9785.64,0,3131404.07,128,0,1024,0,0,0,0,0,913,100,SYNFlood,Hping3,Malicious,1
4520,UE_10,tcp,440.7,-54.01,39.96,35.4,35.4,19,12,7,708,428,280,35.7,40,0.54,0.34,0.2,160,64,64,512,16384,0.2198,0.1319,0.0879,128,0,0,SlowrateDoS,Slowloris,Malicious,1
4299,UE_9,tcp,409.2,-55.39,38.87,0.0018,0.0018,1,1,0,44,44,0,44,0,555.56,555.56,0,195555.56,51,0,1024,0,0,0,0,0,1,100,SYNScan,Nmap,Malicious,1
2215,UE_5,tcp,309,-53.47,40.83,12.542,12.542,884,97,787,1155228,6208,1149020,64,1460,70.48,7.73,62.75,736870.04,64,64,262144,262144,0.0153,0.0077,0.0077,242,1,0.05,Benign,None,Benign,0
781,UE_2,tcp,235.5,-52.36,40.72,4.767,4.767,200,48,152,189115,5453,183662,113.6,1208.3,41.96,10.07,31.89,317373.61,64,64,131072,131072,0.0288,0.0144,0.0144,502,0,0,Benign,None,Benign,0
4305,UE_9,tcp,409.2,-54.77,38.66,0.0054,0.0054,1,1,0,44,44,0,44,0,185.19,185.19,0,65185.19,55,0,1024,0,0,0,0,0,1,100,SYNScan,Nmap,Malicious,1
1491,UE_3,udp,127.5,-41.7,51.36,1.164,1.164,198,97,101,34257,16218,18039,167.2,178.6,170.1,83.33,86.77,235443.3,64,64,0,0,0,0,0,147,0,0,Benign,None,Benign,0
688,UE_2,tcp,235.5,-52.86,40.33,9.581,9.581,299,54,245,331706,5978,325728,110.7,1329.5,31.21,5.64,25.57,276969.84,64,64,131072,131072,0.0162,0.0081,0.0081,292,0,0,Benign,None,Benign,0
136,UE_1,tcp,146.1,-44.37,48.04,2.064,2.064,65,35,30,36428,7550,28878,215.7,962.6,31.49,16.96,14.53,141193.8,64,64,65535,65535,0.0382,0.0191,0.0191,356,0,0,Benign,None,Benign,0
4063,UE_9,tcp,409.2,-54.74,38.5,0.0017,0.0017,1,1,0,44,44,0,44,0,588.24,588.24,0,207058.82,52,0,1024,0,0,0,0,0,1,100,SYNScan,Nmap,Malicious,1
2362,UE_5,tcp,309,-53.67,40.07,12.426,12.426,696,83,613,900292,5312,894980,64,1460,56.01,6.68,49.33,579618.22,64,64,262144,262144,0.0144,0.0072,0.0072,390,1,0.05,Benign,None,Benign,0
969,UE_2,tcp,235.5,-53.77,41.95,5.935,5.935,285,69,216,279095,6265,272830,90.8,1263.1,48.02,11.63,36.39,376202.19,64,64,131072,131072,0.0298,0.0149,0.0149,260,0,0,Benign,None,Benign,0
2023,UE_5,tcp,309,-52.82,39.67,10.209,10.209,555,100,455,670700,6400,664300,64,1460,54.36,9.8,44.57,525575.47,64,64,262144,262144,0.023,0.0115,0.0115,451,1,0.05,Benign,None,Benign,0
3824,UE_8,udp,403.8,-52.68,41.08,0.366,0.366,1089,1089,0,656449,656449,0,602.8,0,2975.41,2975.41,0,14348612.02,64,0,0,0,0,0,0,0,871,80,UDPFlood,Hping3,Malicious,1
1707,UE_4,udp,116.4,-41.16,52.76,0.185,0.185,5,4,1,391,342,49,85.6,48.7,27.03,21.62,5.41,16908.11,64,64,0,0,0,0,0,156,1,0.05,Benign,None,Benign,0
2964,UE_6,tcp,321,-52.97,39.86,2.284,2.284,68,42,26,29210,13423,15787,319.6,607.2,29.77,18.39,11.38,102311.73,64,64,65535,65535,0.0406,0.0203,0.0203,418,0,0,Benign,None,Benign,0
1918,UE_4,udp,116.4,-40.52,51.93,0.117,0.117,6,4,2,463,347,116,86.7,58.2,51.28,34.19,17.09,31658.12,64,64,0,0,0,0,0,490,0,0,Benign,None,Benign,0
1102,UE_3,udp,127.5,-42.21,50.83,1.215,1.215,276,137,139,47678,23728,23950,173.2,172.3,227.16,112.76,114.4,313929.22,64,64,0,0,0,0,0,210,0,0,Benign,None,Benign,0
2099,UE_5,tcp,309,-52.66,39.96,6.628,6.628,851,45,806,1179640,2880,1176760,64,1460,128.39,6.79,121.61,1423826.19,64,64,262144,262144,0.0171,0.0086,0.0086,167,1,0.05,Benign,None,Benign,0
3054,UE_7,tcp,413,-60.08,33.85,0.0322,0.0322,466,466,0,18640,18640,0,40,0,14472.05,14472.05,0,4631055.9,128,0,1024,0,0,0,0,0,466,100,SYNFlood,Hping3,Malicious,1
3453,UE_7,tcp,413,-60.24,34.36,0.0323,0.0323,510,510,0,20400,20400,0,40,0,15789.47,15789.47,0,5052631.58,128,0,1024,0,0,0,0,0,510,100,SYNFlood,Hping3,Malicious,1
4224,UE_9,tcp,409.2,-55.73,38.48,0.0029,0.0029,1,1,0,44,44,0,44,0,344.83,344.83,0,121379.31,54,0,1024,0,0,0,0,0,1,100,SYNScan,Nmap,Malicious,1
1894,UE_4,udp,116.4,-39.99,51.99,0.197,0.197,5,4,1,330,277,53,69.3,53.1,25.38,20.3,5.08,13401.02,64,64,0,0,0,0,0,370,0,0,Benign,None,Benign,0
4290,UE_9,tcp,409.2,-55,38.75,0.0035,0.0035,1,1,0,44,44,0,44,0,285.71,285.71,0,100571.43,47,0,1024,0,0,0,0,0,1,100,SYNScan,Nmap,Malicious,1
825,UE_2,tcp,235.5,-52.77,40.18,4.702,4.702,354,51,303,389985,5054,384931,99.1,1270.4,75.29,10.85,64.44,663521.91,64,64,131072,131072,0.0106,0.0053,0.0053,205,0,0,Benign,None,Benign,0
446,UE_1,tcp,146.1,-44.1,48.67,1.033,1.033,53,16,37,42463,3358,39105,209.9,1056.9,51.31,15.49,35.82,328851.89,64,64,65535,65535,0.0236,0.0118,0.0118,362,0,0,Benign,None,Benign,0
4869,UE_10,tcp,440.7,-54.05,40.19,45.57,45.57,15,10,5,579,379,200,37.9,40,0.33,0.22,0.11,101.65,64,64,512,16384,0.0884,0.053,0.0354,128,0,0,SlowrateDoS,Slowloris,Malicious,1
2122,UE_5,tcp,309,-53.17,39.93,8.972,8.972,512,97,415,612108,6208,605900,64,1460,57.07,10.81,46.26,545794.03,64,64,262144,262144,0.0256,0.0128,0.0128,350,0,0,Benign,None,Benign,0
2430,UE_5,tcp,309,-53.24,39.36,7.737,7.737,726,71,655,960844,4544,956300,64,1460,93.83,9.18,84.66,993505.49,64,64,262144,262144,0.0235,0.0118,0.0118,257,1,0.05,Benign,None,Benign,0
1770,UE_4,udp,116.4,-40.74,52.97,0.115,0.115,4,3,1,286,224,62,74.8,61.6,34.78,26.09,8.7,19895.65,64,64,0,0,0,0,0,437,0,0,Benign,None,Benign,0
3173,UE_7,tcp,413,-59.05,33.93,0.0335,0.0335,729,729,0,29160,29160,0,40,0,21761.19,21761.19,0,6963582.09,128,0,1024,0,0,0,0,0,729,100,SYNFlood,Hping3,Malicious,1
851,UE_2,tcp,235.5,-52.55,40.99,5.585,5.585,311,43,268,345700,4107,341593,95.5,1274.6,55.68,7.7,47.99,495183.53,64,64,131072,131072,0.0154,0.0077,0.0077,481,1,0.05,Benign,None,Benign,0
4823,UE_10,tcp,440.7,-54.4,39.95,25.99,25.99,17,9,8,574,254,320,28.2,40,0.65,0.35,0.31,176.68,64,64,512,16384,0.1409,0.0845,0.0564,128,0,0,SlowrateDoS,Slowloris,Malicious,1
3598,UE_8,udp,403.8,-52.8,41.19,0.162,0.162,2397,2397,0,1337526,1337526,0,558,0,14796.3,14796.3,0,66050666.67,64,0,0,0,0,0,0,0,1918,80,UDPFlood,Hping3,Malicious,1
2497,UE_5,tcp,309,-52.37,40.71,9.487,9.487,769,83,686,1006872,5312,1001560,64,1460,81.06,8.75,72.31,849054.07,64,64,262144,262144,0.0236,0.0118,0.0118,157,0,0,Benign,None,Benign,0
2579,UE_6,tcp,321,-51.73,39.31,2.843,2.843,46,17,29,23653,5255,18398,309.1,634.4,16.18,5.98,10.2,66557.86,64,64,65535,65535,0.021,0.0105,0.0105,221,0,0,Benign,None,Benign,0
1863,UE_4,udp,116.4,-41.5,51.5,0.131,0.131,3,1,2,200,95,105,94.5,52.5,22.9,7.63,15.27,12213.74,64,64,0,0,0,0,0,242,0,0,Benign,None,Benign,0
4182,UE_9,tcp,409.2,-56.32,38.96,0.0059,0.0059,1,1,0,44,44,0,44,0,169.49,169.49,0,59661.02,52,0,1024,0,0,0,0,0,1,100,SYNScan,Nmap,Malicious,1
627,UE_2,tcp,235.5,-52.1,41.33,2.234,2.234,364,61,303,398141,6210,391931,101.8,1293.5,162.94,27.31,135.63,1425751.12,64,64,131072,131072,0.0116,0.0058,0.0058,350,0,0,Benign,None,Benign,0
4295,UE_9,tcp,409.2,-55.16,38.34,0.0047,0.0047,2,1,1,84,44,40,44,40,425.53,212.77,212.77,142978.72,56,55,1024,0,0.0129,0,0,0,0,0,SYNScan,Nmap,Malicious,1
3049,UE_7,tcp,413,-58.79,34.22,0.0633,0.0633,363,363,0,14520,14520,0,40,0,5734.6,5734.6,0,1835071.09,128,0,1024,0,0,0,0,0,363,100,SYNFlood,Hping3,Malicious,1
348,UE_1,tcp,146.1,-44.6,47.68,3.91,3.91,57,34,23,25629,6412,19217,188.6,835.5,14.58,8.7,5.88,52437.85,64,64,65535,65535,0.0213,0.0107,0.0107,503,1,0.05,Benign,None,Benign,0
4119,UE_9,tcp,409.2,-56.24,38.67,0.0052,0.0052,2,1,1,84,44,40,44,40,384.62,192.31,192.31,129230.77,49,55,1024,0,0.0052,0,0,0,0,0,SYNScan,Nmap,Malicious,1
58,UE_1,tcp,146.1,-44.6,49.25,1.189,1.189,35,14,21,22062,2337,19725,166.9,939.3,29.44,11.77,17.66,148440.71,64,64,65535,65535,0.0203,0.0102,0.0102,310,1,0.05,Benign,None,Benign,0
4583,UE_10,tcp,440.7,-54.73,38.68,44.11,44.11,26,20,6,930,690,240,34.5,40,0.59,0.45,0.14,168.67,64,64,512,16384,0.1683,0.101,0.0673,128,0,0,SlowrateDoS,Slowloris,Malicious,1
3036,UE_7,tcp,413,-60.4,33.76,0.0784,0.0784,865,865,0,34600,34600,0,40,0,11033.16,11033.16,0,3530612.24,128,0,1024,0,0,0,0,0,865,100,SYNFlood,Hping3,Malicious,1
1575,UE_4,udp,116.4,-40.05,51.34,0.184,0.184,6,4,2,432,316,116,78.9,58.2,32.61,21.74,10.87,18782.61,64,64,0,0,0,0,0,436,0,0,Benign,None,Benign,0
453,UE_1,tcp,146.1,-44.94,48.13,1.383,1.383,68,13,55,65157,2600,62557,200,1137.4,49.17,9.4,39.77,376902.39,64,64,65535,65535,0.0222,0.0111,0.0111,473,0,0,Benign,None,Benign,0
513,UE_2,tcp,235.5,-53.04,42.07,3.628,3.628,347,69,278,342208,7079,335129,102.6,1205.5,95.64,19.02,76.63,754593.16,64,64,131072,131072,0.0107,0.0054,0.0054,208,0,0,Benign,None,Benign,0
4346,UE_9,tcp,409.2,-55.69,38.01,0.003,0.003,1,1,0,44,44,0,44,0,333.33,333.33,0,117333.33,47,0,1024,0,0,0,0,0,1,100,SYNScan,Nmap,Malicious,1
2365,UE_5,tcp,309,-52.84,39.43,7.271,7.271,651,75,576,845760,4800,840960,64,1460,89.53,10.31,79.22,930557.01,64,64,262144,262144,0.0177,0.0089,0.0089,237,1,0.05,Benign,None,Benign,0
2852,UE_6,tcp,321,-51.22,39.63,2.413,2.413,53,30,23,19108,9045,10063,301.5,437.5,21.96,12.43,9.53,63350.19,64,64,65535,65535,0.0439,0.022,0.022,310,1,0.05,Benign,None,Benign,0
4133,UE_9,tcp,409.2,-55.35,38.59,0.0056,0.0056,1,1,0,44,44,0,44,0,178.57,178.57,0,62857.14,45,0,1024,0,0,0,0,0,1,100,SYNScan,Nmap,Malicious,1
488,UE_1,tcp,146.1,-44.79,49.02,3.539,3.539,77,18,59,68851,4028,64823,223.8,1098.7,21.76,5.09,16.67,155639.45,64,64,65535,65535,0.0414,0.0207,0.0207,254,0,0,Benign,None,Benign,0
2593,UE_6,tcp,321,-51.09,39.08,2.057,2.057,66,44,22,26613,17402,9211,395.5,418.7,32.09,21.39,10.7,103502.19,64,64,65535,65535,0.0358,0.0179,0.0179,258,1,0.05,Benign,None,Benign,0
1647,UE_4,udp,116.4,-40.65,52.97,0.099,0.099,6,4,2,456,357,99,89.3,49.7,60.61,40.4,20.2,36848.48,64,64,0,0,0,0,0,183,0,0,Benign,None,Benign,0
2406,UE_5,tcp,309,-53.95,40.91,9.607,9.607,918,54,864,1264896,3456,1261440,64,1460,95.56,5.62,89.93,1053311.96,64,64,262144,262144,0.0122,0.0061,0.0061,210,0,0,Benign,None,Benign,0
2310,UE_5,tcp,309,-53.17,40.34,11.615,11.615,577,88,489,719572,5632,713940,64,1460,49.68,7.58,42.1,495615.67,64,64,262144,262144,0.0173,0.0087,0.0087,480,0,0,Benign,None,Benign,0
209,UE_1,tcp,146.1,-44.8,49.08,2.261,2.261,48,25,23,33596,5955,27641,238.2,1201.8,21.23,11.06,10.17,118871.3,64,64,65535,65535,0.0302,0.0151,0.0151,379,0,0,Benign,None,Benign,0
3607,UE_8,udp,403.8,-52.12,39.92,0.589,0.589,2339,2339,0,1392875,1392875,0,595.5,0,3971.14,3971.14,0,18918505.94,64,0,0,0,0,0,0,0,1871,80,UDPFlood,Hping3,Malicious,1
1254,UE_3,udp,127.5,-41.43,50.68,2.687,2.687,221,113,108,37074,19459,17615,172.2,163.1,82.25,42.05,40.19,110380.35,64,64,0,0,0,0,0,306,1,0.05,Benign,None,Benign,0
1976,UE_4,udp,116.4,-40.98,52.07,0.158,0.158,4,2,2,283,169,114,84.6,57.2,25.32,12.66,12.66,14329.11,64,64,0,0,0,0,0,306,0,0,Benign,None,Benign,0
4141,UE_9,tcp,409.2,-54.84,38.59,0.0045,0.0045,2,1,1,84,44,40,44,40,444.44,222.22,222.22,149333.33,51,55,1024,0,0.0129,0,0,0,0,0,SYNScan,Nmap,Malicious,1
1935,UE_4,udp,116.4,-40.74,51.21,0.241,0.241,4,2,2,245,143,102,71.3,51.1,16.6,8.3,8.3,8132.78,64,64,0,0,0,0,0,255,0,0,Benign,None,Benign,0
3050,UE_7,tcp,413,-59.07,33.74,0.0348,0.0348,353,353,0,14120,14120,0,40,0,10143.68,10143.68,0,3245977.01,128,0,1024,0,0,0,0,0,353,100,SYNFlood,Hping3,Malicious,1
3713,UE_8,udp,403.8,-52.65,41.58,0.273,0.273,589,589,0,392156,392156,0,665.8,0,2157.51,2157.51,0,11491750.92,64,0,0,0,0,0,0,0,471,80,UDPFlood,Hping3,Malicious,1
1546,UE_4,udp,116.4,-40.17,52.02,0.1,0.1,4,2,2,263,164,99,82,49.3,40,20,20,21040,64,64,0,0,0,0,0,147,1,0.05,Benign,None,Benign,0
2547,UE_6,tcp,321,-51.45,40.65,1.878,1.878,55,15,40,23720,6396,17324,426.4,433.1,29.29,7.99,21.3,101043.66,64,64,65535,65535,0.0316,0.0158,0.0158,368,1,0.05,Benign,None,Benign,0
1910,UE_4,udp,116.4,-39.73,52.16,0.217,0.217,4,3,1,334,284,50,94.6,50.4,18.43,13.82,4.61,12313.36,64,64,0,0,0,0,0,271,0,0,Benign,None,Benign,0
4446,UE_9,tcp,409.2,-55.24,39.61,0.0029,0.0029,2,1,1,84,44,40,44,40,689.66,344.83,344.83,231724.14,58,55,1024,0,0.0073,0,0,0,0,0,SYNScan,Nmap,Malicious,1
4500,UE_9,tcp,409.2,-55.51,39.86,0.0022,0.0022,1,1,0,44,44,0,44,0,454.55,454.55,0,160000,47,0,1024,0,0,0,0,0,1,100,SYNScan,Nmap,Malicious,1
4596,UE_10,tcp,440.7,-54.65,38.65,33.98,33.98,21,15,6,722,482,240,32.1,40,0.62,0.44,0.18,169.98,64,64,512,16384,0.1253,0.0752,0.0501,128,0,0,SlowrateDoS,Slowloris,Malicious,1
2162,UE_5,tcp,309,-52.75,39.61,11.911,11.911,603,59,544,798016,3776,794240,64,1460,50.63,4.95,45.67,535985.9,64,64,262144,262144,0.0241,0.0121,0.0121,433,1,0.05,Benign,None,Benign,0
2642,UE_6,tcp,321,-51.64,40.36,2.984,2.984,65,24,41,30228,11335,18893,472.3,460.8,21.78,8.04,13.74,81040.21,64,64,65535,65535,0.0289,0.0145,0.0145,312,0,0,Benign,None,Benign,0
2894,UE_6,tcp,321,-52.61,39.36,1.444,1.444,89,44,45,49755,20082,29673,456.4,659.4,61.63,30.47,31.16,275650.97,64,64,65535,65535,0.0387,0.0194,0.0194,426,0,0,Benign,None,Benign,0
2475,UE_5,tcp,309,-52.68,39.01,8.856,8.856,741,58,683,1000892,3712,997180,64,1460,83.67,6.55,77.12,904148.15,64,64,262144,262144,0.0175,0.0088,0.0088,285,0,0,Benign,None,Benign,0
4875,UE_10,tcp,440.7,-55.04,38.8,48.71,48.71,21,14,7,743,463,280,33.1,40,0.43,0.29,0.14,122.03,64,64,512,16384,0.0909,0.0545,0.0364,128,0,0,SlowrateDoS,Slowloris,Malicious,1
1023,UE_3,udp,127.5,-42.07,50.96,3.162,3.162,291,148,143,50656,26403,24253,178.4,169.6,92.03,46.81,45.22,128161.92,64,64,0,0,0,0,0,301,0,0,Benign,None,Benign,0
2653,UE_6,tcp,321,-51.16,39.51,1.899,1.899,68,30,38,30728,10656,20072,355.2,528.2,35.81,15.8,20.01,129449.18,64,64,65535,65535,0.0321,0.0161,0.0161,460,0,0,Benign,None,Benign,0
4369,UE_9,tcp,409.2,-55.04,38.29,0.0052,0.0052,1,1,0,44,44,0,44,0,192.31,192.31,0,67692.31,52,0,1024,0,0,0,0,0,1,100,SYNScan,Nmap,Malicious,1
4311,UE_9,tcp,409.2,-54.76,39.28,0.0047,0.0047,1,1,0,44,44,0,44,0,212.77,212.77,0,74893.62,57,0,1024,0,0,0,0,0,1,100,SYNScan,Nmap,Malicious,1
150,UE_1,tcp,146.1,-43.25,47.83,4.238,4.238,43,19,24,26055,3773,22282,198.6,928.4,10.15,4.48,5.66,49183.58,64,64,65535,65535,0.0235,0.0118,0.0118,484,0,0,Benign,None,Benign,0
1547,UE_4,udp,116.4,-41.05,51.74,0.151,0.151,2,1,1,134,70,64,69.5,63.8,13.25,6.62,6.62,7099.34,64,64,0,0,0,0,0,227,0,0,Benign,None,Benign,0
4274,UE_9,tcp,409.2,-54.95,38.28,0.0053,0.0053,1,1,0,44,44,0,44,0,188.68,188.68,0,66415.09,59,0,1024,0,0,0,0,0,1,100,SYNScan,Nmap,Malicious,1
2209,UE_5,tcp,309,-52.81,39.69,12.339,12.339,774,62,712,1043488,3968,1039520,64,1460,62.73,5.02,57.7,676546.24,64,64,262144,262144,0.021,0.0105,0.0105,405,1,0.05,Benign,None,Benign,0
2950,UE_6,tcp,321,-51.69,39.09,2.084,2.084,50,17,33,21285,7511,13774,441.8,417.4,23.99,8.16,15.83,81708.25,64,64,65535,65535,0.0215,0.0108,0.0108,312,1,0.05,Benign,None,Benign,0
2428,UE_5,tcp,309,-53.08,39.8,11.856,11.856,715,83,632,928032,5312,922720,64,1460,60.31,7,53.31,626202.43,64,64,262144,262144,0.0233,0.0117,0.0117,443,0,0,Benign,None,Benign,0
2305,UE_5,tcp,309,-52.58,39.23,3.535,3.535,765,99,666,978696,6336,972360,64,1460,216.41,28.01,188.4,2214870.72,64,64,262144,262144,0.0191,0.0096,0.0096,135,0,0,Benign,None,Benign,0
3481,UE_7,tcp,413,-58.9,34.49,0.0366,0.0366,734,734,0,29360,29360,0,40,0,20054.64,20054.64,0,6417486.34,128,0,1024,0,0,0,0,0,734,100,SYNFlood,Hping3,Malicious,1
635,UE_2,tcp,235.5,-52.9,40.96,8.856,8.856,479,64,415,597885,5638,592247,88.1,1427.1,54.09,7.23,46.86,540094.85,64,64,131072,131072,0.0112,0.0056,0.0056,254,0,0,Benign,None,Benign,0
3164,UE_7,tcp,413,-59.44,33.57,0.0123,0.0123,860,860,0,34400,34400,0,40,0,69918.7,69918.7,0,22373983.74,128,0,1024,0,0,0,0,0,860,100,SYNFlood,Hping3,Malicious,1
1031,UE_3,udp,127.5,-41.55,52.46,5.637,5.637,204,102,102,35231,17503,17728,171.6,173.8,36.19,18.09,18.09,49999.65,64,64,0,0,0,0,0,295,0,0,Benign,None,Benign,0
3529,UE_8,udp,403.8,-52.74,40.84,0.118,0.118,1553,1553,0,999511,999511,0,643.6,0,13161.02,13161.02,0,67763457.63,64,0,0,0,0,0,0,0,1242,80,UDPFlood,Hping3,Malicious,1
4056,UE_9,tcp,409.2,-54.86,38.93,0.0031,0.0031,1,1,0,44,44,0,44,0,322.58,322.58,0,113548.39,49,0,1024,0,0,0,0,0,1,100,SYNScan,Nmap,Malicious,1
4123,UE_9,tcp,409.2,-54.37,38.68,0.0036,0.0036,1,1,0,44,44,0,44,0,277.78,277.78,0,97777.78,47,0,1024,0,0,0,0,0,1,100,SYNScan,Nmap,Malicious,1
2511,UE_6,tcp,321,-51.16,39.47,1.607,1.607,67,44,23,33415,21142,12273,480.5,533.6,41.69,27.38,14.31,166347.23,64,64,65535,65535,0.0218,0.0109,0.0109,314,1,0.05,Benign,None,Benign,0
1017,UE_3,udp,127.5,-41.84,52.46,2.575,2.575,204,104,100,35504,18054,17450,173.6,174.5,79.22,40.39,38.83,110303.69,64,64,0,0,0,0,0,429,0,0,Benign,None,Benign,0
33,UE_1,tcp,146.1,-44.51,48.24,0.681,0.681,64,19,45,59075,3806,55269,200.3,1228.2,93.98,27.9,66.08,693979.44,64,64,65535,65535,0.0348,0.0174,0.0174,365,0,0,Benign,None,Benign,0
1149,UE_3,udp,127.5,-41.81,51.22,3.084,3.084,110,57,53,18396,9593,8803,168.3,166.1,35.67,18.48,17.19,47719.84,64,64,0,0,0,0,0,281,0,0,Benign,None,Benign,0
236,UE_1,tcp,146.1,-44.44,47.85,2.904,2.904,76,28,48,47653,5250,42403,187.5,883.4,26.17,9.64,16.53,131275.48,64,64,65535,65535,0.0279,0.014,0.014,352,0,0,Benign,None,Benign,0
4554,UE_10,tcp,440.7,-52.86,39.52,59.31,59.31,13,9,4,378,218,160,24.2,40,0.22,0.15,0.07,50.99,64,64,512,16384,0.2233,0.134,0.0893,128,0,0,SlowrateDoS,Slowloris,Malicious,1
4685,UE_10,tcp,440.7,-54.61,38.97,42.59,42.59,19,10,9,741,381,360,38.1,40,0.45,0.23,0.21,139.19,64,64,512,16384,0.1693,0.1016,0.0677,128,0,0,SlowrateDoS,Slowloris,Malicious,1
1363,UE_3,udp,127.5,-42.43,51.79,3.7,3.7,137,69,68,23834,11730,12104,170,178,37.03,18.65,18.38,51532.97,64,64,0,0,0,0,0,345,0,0,Benign,None,Benign,0
958,UE_2,tcp,235.5,-52.66,39.94,4.573,4.573,299,36,263,372942,3848,369094,106.9,1403.4,65.38,7.87,57.51,652424.23,64,64,131072,131072,0.0206,0.0103,0.0103,314,0,0,Benign,None,Benign,0
2402,UE_5,tcp,309,-53.95,40.17,10.396,10.396,609,46,563,824924,2944,821980,64,1460,58.58,4.42,54.16,634801.08,64,64,262144,262144,0.014,0.007,0.007,472,1,0.05,Benign,None,Benign,0
3901,UE_8,udp,403.8,-51.82,40.77,0.422,0.422,834,834,0,713237,713237,0,855.2,0,1976.3,1976.3,0,13521080.57,64,0,0,0,0,0,0,0,667,80,UDPFlood,Hping3,Malicious,1
979,UE_2,tcp,235.5,-52.53,41.33,6.592,6.592,368,74,294,401785,6149,395636,83.1,1345.7,55.83,11.23,44.6,487603.16,64,64,131072,131072,0.0166,0.0083,0.0083,502,0,0,Benign,None,Benign,0
1095,UE_3,udp,127.5,-42.34,51.87,1.127,1.127,247,125,122,42633,22088,20545,176.7,168.4,219.17,110.91,108.25,302629.99,64,64,0,0,0,0,0,357,0,0,Benign,None,Benign,0
833,UE_2,tcp,235.5,-51.74,40.56,4.666,4.666,237,60,177,222776,6252,216524,104.2,1223.3,50.79,12.86,37.93,381956.28,64,64,131072,131072,0.0292,0.0146,0.0146,317,1,0.05,Benign,None,Benign,0
2334,UE_5,tcp,309,-53.08,40.35,3.027,3.027,447,59,388,570256,3776,566480,64,1460,147.67,19.49,128.18,1507118.6,64,64,262144,262144,0.0153,0.0077,0.0077,190,0,0,Benign,None,Benign,0
1241,UE_3,udp,127.5,-41.74,50.88,1.453,1.453,117,61,56,19083,9888,9195,162.1,164.2,80.52,41.98,38.54,105068.13,64,64,0,0,0,0,0,457,1,0.05,Benign,None,Benign,0
3253,UE_7,tcp,413,-59.22,33.81,0.0768,0.0768,486,486,0,19440,19440,0,40,0,6328.13,6328.13,0,2025000,128,0,1024,0,0,0,0,0,486,100,SYNFlood,Hping3,Malicious,1
358,UE_1,tcp,146.1,-44.3,47.54,1.97,1.97,54,12,42,53130,2814,50316,234.5,1198,27.41,6.09,21.32,215756.35,64,64,65535,65535,0.0203,0.0102,0.0102,272,1,0.05,Benign,None,Benign,0
1745,UE_4,udp,116.4,-40.35,52.33,0.227,0.227,5,4,1,438,378,60,94.4,59.6,22.03,17.62,4.41,15436.12,64,64,0,0,0,0,0,446,1,0.05,Benign,None,Benign,0
4893,UE_10,tcp,440.7,-53.85,38.89,37.68,37.68,23,14,9,739,379,360,27.1,40,0.61,0.37,0.24,156.9,64,64,512,16384,0.1145,0.0687,0.0458,128,0,0,SlowrateDoS,Slowloris,Malicious,1
2338,UE_5,tcp,309,-52.65,39.71,7.169,7.169,669,90,579,851100,5760,845340,64,1460,93.32,12.55,80.76,949755.89,64,64,262144,262144,0.0164,0.0082,0.0082,278,0,0,Benign,None,Benign,0
4087,UE_9,tcp,409.2,-55.78,38.86,0.0055,0.0055,1,1,0,44,44,0,44,0,181.82,181.82,0,64000,47,0,1024,0,0,0,0,0,1,100,SYNScan,Nmap,Malicious,1
2375,UE_5,tcp,309,-53.19,39.4,9.404,9.404,701,96,605,889444,6144,883300,64,1460,74.54,10.21,64.33,756651.64,64,64,262144,262144,0.0165,0.0083,0.0083,208,0,0,Benign,None,Benign,0
2617,UE_6,tcp,321,-51.79,39.1,1.831,1.831,70,35,35,30608,13559,17049,387.4,487.1,38.23,19.12,19.12,133732.39,64,64,65535,65535,0.0296,0.0148,0.0148,332,1,0.05,Benign,None,Benign,0
3056,UE_7,tcp,413,-59.68,34.76,0.1091,0.1091,485,485,0,19400,19400,0,40,0,4445.46,4445.46,0,1422548.12,128,0,1024,0,0,0,0,0,485,100,SYNFlood,Hping3,Malicious,1
3290,UE_7,tcp,413,-59.72,33.45,0.0608,0.0608,724,724,0,28960,28960,0,40,0,11907.89,11907.89,0,3810526.32,128,0,1024,0,0,0,0,0,724,100,SYNFlood,Hping3,Malicious,1
3802,UE_8,udp,403.8,-51.75,40.24,0.223,0.223,2059,2059,0,1452007,1452007,0,705.2,0,9233.18,9233.18,0,52089937.22,64,0,0,0,0,0,0,0,1647,80,UDPFlood,Hping3,Malicious,1
1273,UE_3,udp,127.5,-42.89,51.4,1.747,1.747,218,108,110,36996,18835,18161,174.4,165.1,124.79,61.82,62.97,169415,64,64,0,0,0,0,0,148,0,0,Benign,None,Benign,0
1754,UE_4,udp,116.4,-39.78,52.61,0.135,0.135,6,4,2,391,288,103,72.1,51.7,44.44,29.63,14.81,23170.37,64,64,0,0,0,0,0,355,0,0,Benign,None,Benign,0
2847,UE_6,tcp,321,-51.29,39.01,0.933,0.933,75,38,37,34951,17731,17220,466.6,465.4,80.39,40.73,39.66,299687.03,64,64,65535,65535,0.0408,0.0204,0.0204,320,1,0.05,Benign,None,Benign,0
916,UE_2,tcp,235.5,-53.34,40.75,8.772,8.772,214,36,178,241965,3730,238235,103.6,1338.4,24.4,4.1,20.29,220670.31,64,64,131072,131072,0.0153,0.0077,0.0077,334,1,0.05,Benign,None,Benign,0
2733,UE_6,tcp,321,-51.33,40.22,2.114,2.114,70,41,29,34383,15785,18598,385,641.3,33.11,19.39,13.72,130115.42,64,64,65535,65535,0.0222,0.0111,0.0111,430,0,0,Benign,None,Benign,0
1244,UE_3,udp,127.5,-42.3,51.41,1.388,1.388,288,143,145,48155,23824,24331,166.6,167.8,207.49,103.03,104.47,277550.43,64,64,0,0,0,0,0,173,1,0.05,Benign,None,Benign,0
3635,UE_8,udp,403.8,-51.88,40.4,0.557,0.557,1052,1052,0,848648,848648,0,806.7,0,1888.69,1888.69,0,12188840.22,64,0,0,0,0,0,0,0,842,80,UDPFlood,Hping3,Malicious,1
4442,UE_9,tcp,409.2,-54.95,39.15,0.0017,0.0017,1,1,0,44,44,0,44,0,588.24,588.24,0,207058.82,60,0,1024,0,0,0,0,0,1,100,SYNScan,Nmap,Malicious,1
788,UE_2,tcp,235.5,-52.62,40.62,6.682,6.682,341,48,293,404979,4536,400443,94.5,1366.7,51.03,7.18,43.85,484859.62,64,64,131072,131072,0.028,0.014,0.014,174,0,0,Benign,None,Benign,0
2750,UE_6,tcp,321,-50.93,39.06,1.458,1.458,67,28,39,37375,11206,26169,400.2,671,45.95,19.2,26.75,205075.45,64,64,65535,65535,0.0435,0.0218,0.0218,182,0,0,Benign,None,Benign,0
118,UE_1,tcp,146.1,-43.5,48.98,3.533,3.533,30,10,20,22710,1824,20886,182.4,1044.3,8.49,2.83,5.66,51423.72,64,64,65535,65535,0.0381,0.0191,0.0191,416,0,0,Benign,None,Benign,0
4251,UE_9,tcp,409.2,-55.38,39.07,0.0025,0.0025,1,1,0,44,44,0,44,0,400,400,0,140800,49,0,1024,0,0,0,0,0,1,100,SYNScan,Nmap,Malicious,1
2730,UE_6,tcp,321,-51.78,39.3,1.642,1.642,57,26,31,27424,12857,14567,494.5,469.9,34.71,15.83,18.88,133612.67,64,64,65535,65535,0.0405,0.0203,0.0203,358,0,0,Benign,None,Benign,0
908,UE_2,tcp,235.5,-52.06,41.07,5.85,5.85,332,61,271,398312,5362,392950,87.9,1450,56.75,10.43,46.32,544700.17,64,64,131072,131072,0.0202,0.0101,0.0101,382,0,0,Benign,None,Benign,0
1590,UE_4,udp,116.4,-40.02,52.02,0.135,0.135,4,2,2,280,162,118,80.9,59,29.63,14.81,14.81,16592.59,64,64,0,0,0,0,0,439,1,0.05,Benign,None,Benign,0
289,UE_1,tcp,146.1,-44.52,47.81,3.767,3.767,49,14,35,45479,3363,42116,240.2,1203.3,13.01,3.72,9.29,96584.02,64,64,65535,65535,0.0445,0.0223,0.0223,253,1,0.05,Benign,None,Benign,0
4558,UE_10,tcp,440.7,-53.95,39,62.87,62.87,17,12,5,678,478,200,39.8,40,0.27,0.19,0.08,86.27,64,64,512,16384,0.1919,0.1151,0.0768,128,0,0,SlowrateDoS,Slowloris,Malicious,1
1611,UE_4,udp,116.4,-39.28,52.06,0.072,0.072,3,2,1,203,153,50,76.7,49.8,41.67,27.78,13.89,22555.56,64,64,0,0,0,0,0,207,0,0,Benign,None,Benign,0
1232,UE_3,udp,127.5,-42.77,50.32,2.884,2.884,227,113,114,37627,18600,19027,164.6,166.9,78.71,39.18,39.53,104374.48,64,64,0,0,0,0,0,278,0,0,Benign,None,Benign,0
114,UE_1,tcp,146.1,-45.22,49.42,3.803,3.803,46,13,33,31970,2917,29053,224.4,880.4,12.1,3.42,8.68,67252.17,64,64,65535,65535,0.0395,0.0198,0.0198,463,0,0,Benign,None,Benign,0
2182,UE_5,tcp,309,-52.59,40.11,11.241,11.241,555,53,502,736312,3392,732920,64,1460,49.37,4.71,44.66,524018.86,64,64,262144,262144,0.0154,0.0077,0.0077,319,1,0.05,Benign,None,Benign,0
4454,UE_9,tcp,409.2,-54.91,38.33,0.0022,0.0022,1,1,0,44,44,0,44,0,454.55,454.55,0,160000,47,0,1024,0,0,0,0,0,1,100,SYNScan,Nmap,Malicious,1
2436,UE_5,tcp,309,-53.28,39.87,9.903,9.903,858,43,815,1192652,2752,1189900,64,1460,86.64,4.34,82.3,963467.23,64,64,262144,262144,0.0242,0.0121,0.0121,375,0,0,Benign,None,Benign,0
3098,UE_7,tcp,413,-59.3,34.11,0.0879,0.0879,847,847,0,33880,33880,0,40,0,9635.95,9635.95,0,3083503.98,128,0,1024,0,0,0,0,0,847,100,SYNFlood,Hping3,Malicious,1
4991,UE_10,tcp,440.7,-53.52,38.81,27.8,27.8,21,15,6,699,459,240,30.6,40,0.76,0.54,0.22,201.15,64,64,512,16384,0.2046,0.1228,0.0818,128,0,0,SlowrateDoS,Slowloris,Malicious,1
2705,UE_6,tcp,321,-51.25,39.57,3.241,3.241,47,22,25,22687,9577,13110,435.3,524.4,14.5,6.79,7.71,56000,64,64,65535,65535,0.0206,0.0103,0.0103,347,1,0.05,Benign,None,Benign,0
4712,UE_10,tcp,440.7,-55.12,40.1,38.25,38.25,23,12,11,864,424,440,35.3,40,0.6,0.31,0.29,180.71,64,64,512,16384,0.1934,0.116,0.0774,128,0,0,SlowrateDoS,Slowloris,Malicious,1
746,UE_2,tcp,235.5,-53.93,40.15,4.282,4.282,428,42,386,503713,3457,500256,82.3,1296,99.95,9.81,90.14,941079.87,64,64,131072,131072,0.0201,0.0101,0.0101,362,1,0.05,Benign,None,Benign,0
4539,UE_10,tcp,440.7,-53.88,39.35,50.52,50.52,28,20,8,934,614,320,30.7,40,0.55,0.4,0.16,147.9,64,64,512,16384,0.2159,0.1295,0.0864,128,0,0,SlowrateDoS,Slowloris,Malicious,1
1495,UE_3,udp,127.5,-41.89,50.74,2.645,2.645,217,110,107,36235,18227,18008,165.7,168.3,82.04,41.59,40.45,109595.46,64,64,0,0,0,0,0,461,0,0,Benign,None,Benign,0
3007,UE_7,tcp,413,-58.69,33.59,0.0304,0.0304,526,526,0,21040,21040,0,40,0,17302.63,17302.63,0,5536842.11,128,0,1024,0,0,0,0,0,526,100,SYNFlood,Hping3,Malicious,1
2025,UE_5,tcp,309,-53.35,39.66,12.857,12.857,997,99,898,1317416,6336,1311080,64,1460,77.55,7.7,69.85,819734.62,64,64,262144,262144,0.0191,0.0096,0.0096,502,0,0,Benign,None,Benign,0
4065,UE_9,tcp,409.2,-54.9,38.43,0.0031,0.0031,1,1,0,44,44,0,44,0,322.58,322.58,0,113548.39,47,0,1024,0,0,0,0,0,1,100,SYNScan,Nmap,Malicious,1
533,UE_2,tcp,235.5,-52.52,41.87,8.177,8.177,303,38,265,351328,3568,347760,93.9,1312.3,37.06,4.65,32.41,343723.13,64,64,131072,131072,0.0256,0.0128,0.0128,363,0,0,Benign,None,Benign,0
1898,UE_4,udp,116.4,-41.05,51.19,0.063,0.063,5,4,1,427,373,54,93.2,53.9,79.37,63.49,15.87,54222.22,64,64,0,0,0,0,0,238,0,0,Benign,None,Benign,0
3011,UE_7,tcp,413,-59.66,35.04,0.049,0.049,613,613,0,24520,24520,0,40,0,12510.2,12510.2,0,4003265.31,128,0,1024,0,0,0,0,0,613,100,SYNFlood,Hping3,Malicious,1
2855,UE_6,tcp,321,-51.76,39.22,0.864,0.864,49,16,33,20064,5610,14454,350.6,438,56.71,18.52,38.19,185777.78,64,64,65535,65535,0.0365,0.0183,0.0183,167,0,0,Benign,None,Benign,0
4398,UE_9,tcp,409.2,-54.92,38.97,0.004,0.004,1,1,0,44,44,0,44,0,250,250,0,88000,56,0,1024,0,0,0,0,0,1,100,SYNScan,Nmap,Malicious,1
1523,UE_4,udp,116.4,-41.08,52.72,0.176,0.176,4,3,1,325,272,53,90.8,52.6,22.73,17.05,5.68,14772.73,64,64,0,0,0,0,0,303,0,0,Benign,None,Benign,0
3323,UE_7,tcp,413,-60.04,34.32,0.0702,0.0702,333,333,0,13320,13320,0,40,0,4743.59,4743.59,0,1517948.72,128,0,1024,0,0,0,0,0,333,100,SYNFlood,Hping3,Malicious,1
1604,UE_4,udp,116.4,-40.7,52.16,0.248,0.248,4,2,2,262,162,100,81.1,50.1,16.13,8.06,8.06,8451.61,64,64,0,0,0,0,0,362,0,0,Benign,None,Benign,0
4159,UE_9,tcp,409.2,-55.16,39.59,0.0013,0.0013,1,1,0,44,44,0,44,0,769.23,769.23,0,270769.23,47,0,1024,0,0,0,0,0,1,100,SYNScan,Nmap,Malicious,1
4014,UE_9,tcp,409.2,-55.62,38.99,0.0015,0.0015,1,1,0,44,44,0,44,0,666.67,666.67,0,234666.67,51,0,1024,0,0,0,0,0,1,100,SYNScan,Nmap,Malicious,1
842,UE_2,tcp,235.5,-51.8,41.34,7.229,7.229,228,78,150,223192,7012,216180,89.9,1441.2,31.54,10.79,20.75,246996.27,64,64,131072,131072,0.0286,0.0143,0.0143,160,0,0,Benign,None,Benign,0
214,UE_1,tcp,146.1,-44.68,49.04,3.037,3.037,60,13,47,56103,2373,53730,182.5,1143.2,19.76,4.28,15.48,147785.31,64,64,65535,65535,0.0171,0.0086,0.0086,309,1,0.05,Benign,None,Benign,0
3921,UE_8,udp,403.8,-52.72,40.63,0.576,0.576,1867,1867,0,963185,963185,0,515.9,0,3241.32,3241.32,0,13377569.44,64,0,0,0,0,0,0,0,1494,80,UDPFlood,Hping3,Malicious,1
3131,UE_7,tcp,413,-59.41,33.51,0.0638,0.0638,516,516,0,20640,20640,0,40,0,8087.77,8087.77,0,2588087.77,128,0,1024,0,0,0,0,0,516,100,SYNFlood,Hping3,Malicious,1
4937,UE_10,tcp,440.7,-54.03,39.14,42.37,42.37,31,19,12,1046,566,480,29.8,40,0.73,0.45,0.28,197.5,64,64,512,16384,0.1031,0.0619,0.0412,128,0,0,SlowrateDoS,Slowloris,Malicious,1
3883,UE_8,udp,403.8,-52.39,41.21,0.558,0.558,2342,2342,0,2043395,2043395,0,872.5,0,4197.13,4197.13,0,29295985.66,64,0,0,0,0,0,0,0,1874,80,UDPFlood,Hping3,Malicious,1
1092,UE_3,udp,127.5,-41.25,51,1.331,1.331,138,71,67,23210,11800,11410,166.2,170.3,103.68,53.34,50.34,139504.13,64,64,0,0,0,0,0,363,0,0,Benign,None,Benign,0
4495,UE_9,tcp,409.2,-55.38,37.78,0.0019,0.0019,1,1,0,44,44,0,44,0,526.32,526.32,0,185263.16,53,0,1024,0,0,0,0,0,1,100,SYNScan,Nmap,Malicious,1
4799,UE_10,tcp,440.7,-54.07,38.37,30.05,30.05,17,13,4,568,408,160,31.4,40,0.57,0.43,0.13,151.21,64,64,512,16384,0.1584,0.095,0.0634,128,0,0,SlowrateDoS,Slowloris,Malicious,1
3695,UE_8,udp,403.8,-51.62,40.02,0.469,0.469,550,550,0,542410,542410,0,986.2,0,1172.71,1172.71,0,9252196.16,64,0,0,0,0,0,0,0,440,80,UDPFlood,Hping3,Malicious,1
31,UE_1,tcp,146.1,-44.78,49.01,2.947,2.947,50,20,30,39079,3712,35367,185.6,1178.9,16.97,6.79,10.18,106084.83,64,64,65535,65535,0.0154,0.0077,0.0077,412,0,0,Benign,None,Benign,0
2622,UE_6,tcp,321,-50.67,40.31,2.135,2.135,83,41,42,38585,19118,19467,466.3,463.5,38.88,19.2,19.67,144580.8,64,64,65535,65535,0.036,0.018,0.018,224,0,0,Benign,None,Benign,0
3554,UE_8,udp,403.8,-51.88,40.37,0.243,0.243,1747,1747,0,1577017,1577017,0,902.7,0,7189.3,7189.3,0,51918255.14,64,0,0,0,0,0,0,0,1398,80,UDPFlood,Hping3,Malicious,1
4026,UE_9,tcp,409.2,-55.16,39.43,0.0017,0.0017,1,1,0,44,44,0,44,0,588.24,588.24,0,207058.82,50,0,1024,0,0,0,0,0,1,100,SYNScan,Nmap,Malicious,1
3218,UE_7,tcp,413,-59.49,33.75,0.0527,0.0527,782,782,0,31280,31280,0,40,0,14838.71,14838.71,0,4748387.1,128,0,1024,0,0,0,0,0,782,100,SYNFlood,Hping3,Malicious,1
1446,UE_3,udp,127.5,-42.11,51.6,3.814,3.814,298,148,150,52429,26329,26100,177.9,174,78.13,38.8,39.33,109971.68,64,64,0,0,0,0,0,395,1,0.05,Benign,None,Benign,0
3352,UE_7,tcp,413,-60.86,33.89,0.1092,0.1092,655,655,0,26200,26200,0,40,0,5998.17,5998.17,0,1919413.92,128,0,1024,0,0,0,0,0,655,100,SYNFlood,Hping3,Malicious,1
1172,UE_3,udp,127.5,-42.5,51.97,5.589,5.589,129,64,65,21077,10592,10485,165.5,161.3,23.08,11.45,11.63,30169.26,64,64,0,0,0,0,0,251,0,0,Benign,None,Benign,0
703,UE_2,tcp,235.5,-52.71,41.33,7.185,7.185,376,30,346,446229,3141,443088,104.7,1280.6,52.33,4.18,48.16,496845.09,64,64,131072,131072,0.0117,0.0059,0.0059,294,0,0,Benign,None,Benign,0
3797,UE_8,udp,403.8,-52.11,40.65,0.109,0.109,620,620,0,355198,355198,0,572.9,0,5688.07,5688.07,0,26069577.98,64,0,0,0,0,0,0,0,496,80,UDPFlood,Hping3,Malicious,1
1524,UE_4,udp,116.4,-40.84,51.96,0.212,0.212,5,4,1,322,265,57,66.3,56.9,23.58,18.87,4.72,12150.94,64,64,0,0,0,0,0,409,1,0.05,Benign,None,Benign,0
817,UE_2,tcp,235.5,-52.03,40.82,3.006,3.006,368,60,308,411076,5286,405790,88.1,1317.5,122.42,19.96,102.46,1094014.64,64,64,131072,131072,0.0259,0.013,0.013,340,0,0,Benign,None,Benign,0
1807,UE_4,udp,116.4,-40.29,51.78,0.209,0.209,6,4,2,500,383,117,95.8,58.4,28.71,19.14,9.57,19138.76,64,64,0,0,0,0,0,481,0,0,Benign,None,Benign,0
1536,UE_4,udp,116.4,-40.06,52.12,0.064,0.064,4,2,2,290,175,115,87.7,57.7,62.5,31.25,31.25,36250,64,64,0,0,0,0,0,323,0,0,Benign,None,Benign,0
2594,UE_6,tcp,321,-52.5,39.65,1.21,1.21,65,41,24,25031,12587,12444,307,518.5,53.72,33.88,19.83,165494.21,64,64,65535,65535,0.0445,0.0223,0.0223,227,1,0.05,Benign,None,Benign,0
4084,UE_9,tcp,409.2,-55.19,38.44,0.006,0.006,1,1,0,44,44,0,44,0,166.67,166.67,0,58666.67,54,0,1024,0,0,0,0,0,1,100,SYNScan,Nmap,Malicious,1
797,UE_2,tcp,235.5,-52.66,40.42,3.821,3.821,448,56,392,541134,5270,535864,94.1,1367,117.25,14.66,102.59,1132968.33,64,64,131072,131072,0.0149,0.0075,0.0075,284,1,0.05,Benign,None,Benign,0
2057,UE_5,tcp,309,-52.07,40.27,4.93,4.93,418,74,344,506976,4736,502240,64,1460,84.79,15.01,69.78,822679.11,64,64,262144,262144,0.0172,0.0086,0.0086,303,1,0.05,Benign,None,Benign,0
3856,UE_8,udp,403.8,-51.48,40.19,0.322,0.322,1488,1488,0,1419106,1419106,0,953.7,0,4621.12,4621.12,0,35257291.93,64,0,0,0,0,0,0,0,1190,80,UDPFlood,Hping3,Malicious,1
4844,UE_10,tcp,440.7,-54.32,40.06,49.96,49.96,22,18,4,722,562,160,31.2,40,0.44,0.36,0.08,115.61,64,64,512,16384,0.2106,0.1264,0.0842,128,0,0,SlowrateDoS,Slowloris,Malicious,1
805,UE_2,tcp,235.5,-53.82,41.73,5.959,5.959,448,67,381,494151,6700,487451,100,1279.4,75.18,11.24,63.94,663401.24,64,64,131072,131072,0.0295,0.0148,0.0148,360,0,0,Benign,None,Benign,0
4533,UE_10,tcp,440.7,-54.43,39.42,47.9,47.9,20,10,10,650,250,400,25,40,0.42,0.21,0.21,108.56,64,64,512,16384,0.1048,0.0629,0.0419,128,0,0,SlowrateDoS,Slowloris,Malicious,1
1405,UE_3,udp,127.5,-42.27,51.91,5.038,5.038,135,69,66,22491,11509,10982,166.8,166.4,26.8,13.7,13.1,35714.17,64,64,0,0,0,0,0,495,1,0.05,Benign,None,Benign,0
3926,UE_8,udp,403.8,-52.1,41.05,0.591,0.591,1270,1270,0,1113536,1113536,0,876.8,0,2148.9,2148.9,0,15073245.35,64,0,0,0,0,0,0,0,1016,80,UDPFlood,Hping3,Malicious,1
3355,UE_7,tcp,413,-60.11,34.18,0.0207,0.0207,313,313,0,12520,12520,0,40,0,15120.77,15120.77,0,4838647.34,128,0,1024,0,0,0,0,0,313,100,SYNFlood,Hping3,Malicious,1
1094,UE_3,udp,127.5,-42.72,51.54,5.295,5.295,110,57,53,18811,9684,9127,169.9,172.2,20.77,10.76,10.01,28420.77,64,64,0,0,0,0,0,205,1,0.05,Benign,None,Benign,0
1678,UE_4,udp,116.4,-40.57,52.75,0.162,0.162,3,1,2,212,84,128,84.1,63.9,18.52,6.17,12.35,10469.14,64,64,0,0,0,0,0,386,0,0,Benign,None,Benign,0
4334,UE_9,tcp,409.2,-54.68,39.48,0.001,0.001,1,1,0,44,44,0,44,0,1000,1000,0,352000,56,0,1024,0,0,0,0,0,1,100,SYNScan,Nmap,Malicious,1
3681,UE_8,udp,403.8,-52.79,40.88,0.373,0.373,878,878,0,693093,693093,0,789.4,0,2353.89,2353.89,0,14865265.42,64,0,0,0,0,0,0,0,702,80,UDPFlood,Hping3,Malicious,1
2752,UE_6,tcp,321,-51.41,39.3,1.059,1.059,69,40,29,37521,19808,17713,495.2,610.8,65.16,37.77,27.38,283444.76,64,64,65535,65535,0.0243,0.0122,0.0122,192,0,0,Benign,None,Benign,0
439,UE_1,tcp,146.1,-43.72,48.15,0.888,0.888,66,14,52,58871,3049,55822,217.8,1073.5,74.32,15.77,58.56,530369.37,64,64,65535,65535,0.0293,0.0147,0.0147,279,0,0,Benign,None,Benign,0
624,UE_2,tcp,235.5,-52.47,41.24,5.618,5.618,304,37,267,346958,4370,342588,118.1,1283.1,54.11,6.59,47.53,494066.22,64,64,131072,131072,0.0274,0.0137,0.0137,294,1,0.05,Benign,None,Benign,0
1398,UE_3,udp,127.5,-42.38,50.21,4.045,4.045,238,119,119,41222,21123,20099,177.5,168.9,58.84,29.42,29.42,81526.82,64,64,0,0,0,0,0,425,0,0,Benign,None,Benign,0
1994,UE_4,udp,116.4,-40.07,51.72,0.176,0.176,6,4,2,411,313,98,78.3,48.8,34.09,22.73,11.36,18681.82,64,64,0,0,0,0,0,173,1,0.05,Benign,None,Benign,0
342,UE_1,tcp,146.1,-44.49,48.53,4.267,4.267,54,14,40,49011,3067,45944,219.1,1148.6,12.66,3.28,9.37,91888.45,64,64,65535,65535,0.0345,0.0173,0.0173,388,0,0,Benign,None,Benign,0
2685,UE_6,tcp,321,-51.67,40.23,1.337,1.337,68,43,25,25772,13317,12455,309.7,498.2,50.86,32.16,18.7,154207.93,64,64,65535,65535,0.0382,0.0191,0.0191,482,0,0,Benign,None,Benign,0
1819,UE_4,udp,116.4,-40.55,52.41,0.128,0.128,3,2,1,213,151,62,75.5,62.2,23.44,15.63,7.81,13312.5,64,64,0,0,0,0,0,253,0,0,Benign,None,Benign,0
2570,UE_6,tcp,321,-51.34,39.59,1.851,1.851,64,42,22,33925,19656,14269,468,648.6,34.58,22.69,11.89,146623.45,64,64,65535,65535,0.028,0.014,0.014,391,1,0.05,Benign,None,Benign,0
153,UE_1,tcp,146.1,-44.32,47.58,2.906,2.906,87,31,56,56093,5357,50736,172.8,906,29.94,10.67,19.27,154419.82,64,64,65535,65535,0.0333,0.0167,0.0167,371,1,0.05,Benign,None,Benign,0
1287,UE_3,udp,127.5,-41.39,50.45,2.331,2.331,222,110,112,37958,19041,18917,173.1,168.9,95.24,47.19,48.05,130271.99,64,64,0,0,0,0,0,335,1,0.05,Benign,None,Benign,0
3538,UE_8,udp,403.8,-52.55,41.14,0.206,0.206,1927,1927,0,1163137,1163137,0,603.6,0,9354.37,9354.37,0,45170368.93,64,0,0,0,0,0,0,0,1542,80,UDPFlood,Hping3,Malicious,1
386,UE_1,tcp,146.1,-44.08,48.32,3.426,3.426,57,31,26,35055,7232,27823,233.3,1070.1,16.64,9.05,7.59,81856.39,64,64,65535,65535,0.0403,0.0202,0.0202,388,0,0,Benign,None,Benign,0
2780,UE_6,tcp,321,-52.21,39.5,2.923,2.923,84,37,47,48080,16543,31537,447.1,671,28.74,12.66,16.08,131590.83,64,64,65535,65535,0.0214,0.0107,0.0107,295,1,0.05,Benign,None,Benign,0
2231,UE_5,tcp,309,-53.01,40.99,12.097,12.097,580,57,523,767228,3648,763580,64,1460,47.95,4.71,43.23,507383.98,64,64,262144,262144,0.0135,0.0068,0.0068,394,0,0,Benign,None,Benign,0
1312,UE_3,udp,127.5,-41.9,51.18,2.698,2.698,167,81,86,29127,14232,14895,175.7,173.2,61.9,30.02,31.88,86366.2,64,64,0,0,0,0,0,171,0,0,Benign,None,Benign,0
228,UE_1,tcp,146.1,-44.51,48.8,2.968,2.968,46,12,34,44469,2408,42061,200.7,1237.1,15.5,4.04,11.46,119862.53,64,64,65535,65535,0.0298,0.0149,0.0149,280,0,0,Benign,None,Benign,0
3236,UE_7,tcp,413,-59.79,34.69,0.0927,0.0927,892,892,0,35680,35680,0,40,0,9622.44,9622.44,0,3079180.15,128,0,1024,0,0,0,0,0,892,100,SYNFlood,Hping3,Malicious,1
2962,UE_6,tcp,321,-51.71,39.25,2.358,2.358,63,30,33,32155,13965,18190,465.5,551.2,26.72,12.72,13.99,109092.45,64,64,65535,65535,0.0296,0.0148,0.0148,128,0,0,Benign,None,Benign,0
3679,UE_8,udp,403.8,-52.29,40.91,0.572,0.572,2479,2479,0,1398156,1398156,0,564,0,4333.92,4333.92,0,19554629.37,64,0,0,0,0,0,0,0,1983,80,UDPFlood,Hping3,Malicious,1
1265,UE_3,udp,127.5,-42.19,50.57,5.951,5.951,254,128,126,41821,21107,20714,164.9,164.4,42.68,21.51,21.17,56220.47,64,64,0,0,0,0,0,194,1,0.05,Benign,None,Benign,0
2117,UE_5,tcp,309,-53.17,40.31,4.436,4.436,797,95,702,1031000,6080,1024920,64,1460,179.67,21.42,158.25,1859332.73,64,64,262144,262144,0.0186,0.0093,0.0093,499,0,0,Benign,None,Benign,0
3878,UE_8,udp,403.8,-52.61,40.77,0.509,0.509,570,570,0,393813,393813,0,690.9,0,1119.84,1119.84,0,6189595.28,64,0,0,0,0,0,0,0,456,80,UDPFlood,Hping3,Malicious,1
4204,UE_9,tcp,409.2,-55.4,37.78,0.0055,0.0055,1,1,0,44,44,0,44,0,181.82,181.82,0,64000,56,0,1024,0,0,0,0,0,1,100,SYNScan,Nmap,Malicious,1
3411,UE_7,tcp,413,-59.83,33.8,0.096,0.096,800,800,0,32000,32000,0,40,0,8333.33,8333.33,0,2666666.67,128,0,1024,0,0,0,0,0,800,100,SYNFlood,Hping3,Malicious,1
4839,UE_10,tcp,440.7,-54.09,40.3,56.49,56.49,26,17,9,863,503,360,29.6,40,0.46,0.3,0.16,122.22,64,64,512,16384,0.1054,0.0632,0.0422,128,0,0,SlowrateDoS,Slowloris,Malicious,1
2216,UE_5,tcp,309,-52.94,39.07,3.408,3.408,951,99,852,1250256,6336,1243920,64,1460,279.05,29.05,250,2934873.24,64,64,262144,262144,0.0177,0.0089,0.0089,227,0,0,Benign,None,Benign,0
4896,UE_10,tcp,440.7,-54.35,39.92,57.04,57.04,27,17,10,822,422,400,24.8,40,0.47,0.3,0.18,115.29,64,64,512,16384,0.179,0.1074,0.0716,128,0,0,SlowrateDoS,Slowloris,Malicious,1
2486,UE_5,tcp,309,-52.68,40.45,4.421,4.421,516,53,463,679372,3392,675980,64,1460,116.72,11.99,104.73,1229354.44,64,64,262144,262144,0.0142,0.0071,0.0071,383,0,0,Benign,None,Benign,0
2026,UE_5,tcp,309,-52.62,39.72,12.453,12.453,668,40,628,919440,2560,916880,64,1460,53.64,3.21,50.43,590662.49,64,64,262144,262144,0.0131,0.0066,0.0066,138,0,0,Benign,None,Benign,0
2030,UE_5,tcp,309,-53.22,40.2,11.969,11.969,411,59,352,517696,3776,513920,64,1460,34.34,4.93,29.41,346024.56,64,64,262144,262144,0.0129,0.0065,0.0065,452,1,0.05,Benign,None,Benign,0
3109,UE_7,tcp,413,-59.23,34.57,0.043,0.043,865,865,0,34600,34600,0,40,0,20116.28,20116.28,0,6437209.3,128,0,1024,0,0,0,0,0,865,100,SYNFlood,Hping3,Malicious,1
4807,UE_10,tcp,440.7,-54.04,39.71,39.89,39.89,13,9,4,438,278,160,30.9,40,0.33,0.23,0.1,87.84,64,64,512,16384,0.1522,0.0913,0.0609,128,0,0,SlowrateDoS,Slowloris,Malicious,1
4181,UE_9,tcp,409.2,-55.25,38.37,0.0019,0.0019,1,1,0,44,44,0,44,0,526.32,526.32,0,185263.16,54,0,1024,0,0,0,0,0,1,100,SYNScan,Nmap,Malicious,1
4926,UE_10,tcp,440.7,-54.03,39.96,61.68,61.68,16,10,6,506,266,240,26.6,40,0.26,0.16,0.1,65.63,64,64,512,16384,0.2192,0.1315,0.0877,128,0,0,SlowrateDoS,Slowloris,Malicious,1
4085,UE_9,tcp,409.2,-55.41,38,0.0048,0.0048,1,1,0,44,44,0,44,0,208.33,208.33,0,73333.33,57,0,1024,0,0,0,0,0,1,100,SYNScan,Nmap,Malicious,1
4324,UE_9,tcp,409.2,-55.84,39.02,0.0013,0.0013,1,1,0,44,44,0,44,0,769.23,769.23,0,270769.23,60,0,1024,0,0,0,0,0,1,100,SYNScan,Nmap,Malicious,1
2669,UE_6,tcp,321,-52.1,40.73,2.153,2.153,84,41,43,37045,18048,18997,440.2,441.8,39.02,19.04,19.97,137649.79,64,64,65535,65535,0.0364,0.0182,0.0182,323,0,0,Benign,None,Benign,0
1163,UE_3,udp,127.5,-42.49,51.1,3.532,3.532,222,110,112,37626,19437,18189,176.7,162.4,62.85,31.14,31.71,85223.1,64,64,0,0,0,0,0,455,1,0.05,Benign,None,Benign,0
3390,UE_7,tcp,413,-59.36,34.73,0.0885,0.0885,212,212,0,8480,8480,0,40,0,2395.48,2395.48,0,766553.67,128,0,1024,0,0,0,0,0,212,100,SYNFlood,Hping3,Malicious,1
3956,UE_8,udp,403.8,-51.81,41.61,0.137,0.137,2025,2025,0,1084185,1084185,0,535.4,0,14781.02,14781.02,0,63310072.99,64,0,0,0,0,0,0,0,1620,80,UDPFlood,Hping3,Malicious,1
4688,UE_10,tcp,440.7,-54.4,39.88,52.04,52.04,27,16,11,827,387,440,24.2,40,0.52,0.31,0.21,127.13,64,64,512,16384,0.2194,0.1316,0.0878,128,0,0,SlowrateDoS,Slowloris,Malicious,1
3380,UE_7,tcp,413,-59.66,34.2,0.0177,0.0177,803,803,0,32120,32120,0,40,0,45367.23,45367.23,0,14517514.12,128,0,1024,0,0,0,0,0,803,100,SYNFlood,Hping3,Malicious,1
3381,UE_7,tcp,413,-59.02,34.07,0.0819,0.0819,932,932,0,37280,37280,0,40,0,11379.73,11379.73,0,3641514.04,128,0,1024,0,0,0,0,0,932,100,SYNFlood,Hping3,Malicious,1
3026,UE_7,tcp,413,-59.8,33.57,0.0427,0.0427,256,256,0,10240,10240,0,40,0,5995.32,5995.32,0,1918501.17,128,0,1024,0,0,0,0,0,256,100,SYNFlood,Hping3,Malicious,1
2531,UE_6,tcp,321,-51.27,39.83,1.255,1.255,65,16,49,38770,4813,33957,300.8,693,51.79,12.75,39.04,247139.44,64,64,65535,65535,0.0382,0.0191,0.0191,284,1,0.05,Benign,None,Benign,0
1870,UE_4,udp,116.4,-40.58,52.5,0.164,0.164,3,1,2,206,89,117,89.2,58.5,18.29,6.1,12.2,10048.78,64,64,0,0,0,0,0,418,0,0,Benign,None,Benign,0
2445,UE_5,tcp,309,-53.25,40.46,3.757,3.757,825,83,742,1088632,5312,1083320,64,1460,219.59,22.09,197.5,2318087.84,64,64,262144,262144,0.027,0.0135,0.0135,280,1,0.05,Benign,None,Benign,0
4137,UE_9,tcp,409.2,-55.2,39.03,0.003,0.003,1,1,0,44,44,0,44,0,333.33,333.33,0,117333.33,56,0,1024,0,0,0,0,0,1,100,SYNScan,Nmap,Malicious,1
525,UE_2,tcp,235.5,-52.57,41.23,2.774,2.774,300,66,234,288955,5768,283187,87.4,1210.2,108.15,23.79,84.35,833323.72,64,64,131072,131072,0.0104,0.0052,0.0052,506,0,0,Benign,None,Benign,0
2107,UE_5,tcp,309,-52.66,40.23,5.435,5.435,610,45,565,827780,2880,824900,64,1460,112.24,8.28,103.96,1218443.42,64,64,262144,262144,0.0253,0.0127,0.0127,462,0,0,Benign,None,Benign,0
1685,UE_4,udp,116.4,-41.2,51.98,0.097,0.097,3,1,2,187,88,99,87.6,49.4,30.93,10.31,20.62,15422.68,64,64,0,0,0,0,0,286,0,0,Benign,None,Benign,0
3470,UE_7,tcp,413,-60.51,34.6,0.0682,0.0682,932,932,0,37280,37280,0,40,0,13665.69,13665.69,0,4373020.53,128,0,1024,0,0,0,0,0,932,100,SYNFlood,Hping3,Malicious,1
1035,UE_3,udp,127.5,-41.85,51.88,5.31,5.31,277,140,137,47356,22764,24592,162.6,179.5,52.17,26.37,25.8,71346.14,64,64,0,0,0,0,0,400,0,0,Benign,None,Benign,0
4050,UE_9,tcp,409.2,-54.29,38.85,0.0036,0.0036,1,1,0,44,44,0,44,0,277.78,277.78,0,97777.78,45,0,1024,0,0,0,0,0,1,100,SYNScan,Nmap,Malicious,1
137,UE_1,tcp,146.1,-44.89,48.8,0.794,0.794,55,14,41,52362,2572,49790,183.7,1214.4,69.27,17.63,51.64,527576.83,64,64,65535,65535,0.0279,0.014,0.014,302,0,0,Benign,None,Benign,0
1212,UE_3,udp,127.5,-41.52,51.18,2.375,2.375,123,64,59,20482,10918,9564,170.6,162.1,51.79,26.95,24.84,68992,64,64,0,0,0,0,0,481,0,0,Benign,None,Benign,0
933,UE_2,tcp,235.5,-51.62,40.53,9.593,9.593,300,80,220,294354,8728,285626,109.1,1298.3,31.27,8.34,22.93,245473.99,64,64,131072,131072,0.0102,0.0051,0.0051,305,0,0,Benign,None,Benign,0
2599,UE_6,tcp,321,-51.35,39.68,3.273,3.273,74,25,49,38345,7980,30365,319.2,619.7,22.61,7.64,14.97,93724.41,64,64,65535,65535,0.0229,0.0115,0.0115,135,0,0,Benign,None,Benign,0
4843,UE_10,tcp,440.7,-54.23,39.24,30.83,30.83,21,10,11,813,373,440,37.3,40,0.68,0.32,0.36,210.96,64,64,512,16384,0.164,0.0984,0.0656,128,0,0,SlowrateDoS,Slowloris,Malicious,1
2474,UE_5,tcp,309,-53.01,40.13,12.391,12.391,906,77,829,1215268,4928,1210340,64,1460,73.12,6.21,66.9,784613.35,64,64,262144,262144,0.014,0.007,0.007,153,1,0.05,Benign,None,Benign,0
800,UE_2,tcp,235.5,-52.18,41.59,3.876,3.876,370,54,316,406026,5686,400340,105.3,1266.9,95.46,13.93,81.53,838030.96,64,64,131072,131072,0.029,0.0145,0.0145,281,0,0,Benign,None,Benign,0
2024,UE_5,tcp,309,-52.89,39.31,8.955,8.955,717,90,627,921180,5760,915420,64,1460,80.07,10.05,70.02,822941.37,64,64,262144,262144,0.0153,0.0077,0.0077,189,1,0.05,Benign,None,Benign,0
256,UE_1,tcp,146.1,-44.1,47.92,3.716,3.716,65,24,41,52639,3943,48696,164.3,1187.7,17.49,6.46,11.03,113324,64,64,65535,65535,0.0231,0.0116,0.0116,402,1,0.05,Benign,None,Benign,0
4915,UE_10,tcp,440.7,-54.22,38.36,62.78,62.78,22,11,11,848,408,440,37.1,40,0.35,0.18,0.18,108.06,64,64,512,16384,0.1044,0.0626,0.0418,128,0,0,SlowrateDoS,Slowloris,Malicious,1
1773,UE_4,udp,116.4,-40.9,51.49,0.144,0.144,6,4,2,369,266,103,66.5,51.6,41.67,27.78,13.89,20500,64,64,0,0,0,0,0,325,0,0,Benign,None,Benign,0
4432,UE_9,tcp,409.2,-55.36,40.14,0.0036,0.0036,2,1,1,84,44,40,44,40,555.56,277.78,277.78,186666.67,59,55,1024,0,0.007,0,0,0,0,0,SYNScan,Nmap,Malicious,1
93,UE_1,tcp,146.1,-43.74,48.07,4.1,4.1,76,32,44,56553,6723,49830,210.1,1132.5,18.54,7.8,10.73,110347.32,64,64,65535,65535,0.0203,0.0102,0.0102,132,0,0,Benign,None,Benign,0
359,UE_1,tcp,146.1,-44.31,47.99,1.499,1.499,36,16,20,27720,3794,23926,237.1,1196.3,24.02,10.67,13.34,147938.63,64,64,65535,65535,0.0338,0.0169,0.0169,212,1,0.05,Benign,None,Benign,0
1036,UE_3,udp,127.5,-41.4,51.64,4.232,4.232,205,105,100,35375,18365,17010,174.9,170.1,48.44,24.81,23.63,66871.46,64,64,0,0,0,0,0,469,0,0,Benign,None,Benign,0
2294,UE_5,tcp,309,-53.23,39.67,10.177,10.177,957,94,863,1265996,6016,1259980,64,1460,94.04,9.24,84.8,995182.08,64,64,262144,262144,0.0213,0.0107,0.0107,204,0,0,Benign,None,Benign,0
508,UE_2,tcp,235.5,-53.03,41.21,8.062,8.062,289,44,245,302725,5148,297577,117,1214.6,35.85,5.46,30.39,300396.92,64,64,131072,131072,0.0197,0.0099,0.0099,303,0,0,Benign,None,Benign,0
366,UE_1,tcp,146.1,-43.93,48.32,1.88,1.88,69,10,59,76897,2168,74729,216.8,1266.6,36.7,5.32,31.38,327221.28,64,64,65535,65535,0.023,0.0115,0.0115,426,0,0,Benign,None,Benign,0
1211,UE_3,udp,127.5,-41.48,50.51,1.475,1.475,163,82,81,27364,14145,13219,172.5,163.2,110.51,55.59,54.92,148414.92,64,64,0,0,0,0,0,227,1,0.05,Benign,None,Benign,0
4186,UE_9,tcp,409.2,-55.03,38.39,0.0043,0.0043,1,1,0,44,44,0,44,0,232.56,232.56,0,81860.47,51,0,1024,0,0,0,0,0,1,100,SYNScan,Nmap,Malicious,1
3880,UE_8,udp,403.8,-52.51,40.71,0.3,0.3,2295,2295,0,1259496,1259496,0,548.8,0,7650,7650,0,33586560,64,0,0,0,0,0,0,0,1836,80,UDPFlood,Hping3,Malicious,1
1811,UE_4,udp,116.4,-40.59,52.31,0.191,0.191,5,4,1,414,354,60,88.4,60.4,26.18,20.94,5.24,17340.31,64,64,0,0,0,0,0,190,1,0.05,Benign,None,Benign,0
4172,UE_9,tcp,409.2,-55.17,38.79,0.0049,0.0049,1,1,0,44,44,0,44,0,204.08,204.08,0,71836.73,47,0,1024,0,0,0,0,0,1,100,SYNScan,Nmap,Malicious,1
2267,UE_5,tcp,309,-52.33,39.7,10.125,10.125,722,99,623,915916,6336,909580,64,1460,71.31,9.78,61.53,723686.72,64,64,262144,262144,0.0195,0.0098,0.0098,397,0,0,Benign,None,Benign,0
2044,UE_5,tcp,309,-53.43,40.81,7.054,7.054,931,45,886,1296440,2880,1293560,64,1460,131.98,6.38,125.6,1470303.37,64,64,262144,262144,0.0141,0.0071,0.0071,281,0,0,Benign,None,Benign,0
1412,UE_3,udp,127.5,-41.57,50.11,2.254,2.254,151,75,76,26630,13140,13490,175.2,177.5,66.99,33.27,33.72,94516.42,64,64,0,0,0,0,0,413,1,0.05,Benign,None,Benign,0
2243,UE_5,tcp,309,-52.81,39.72,3.726,3.726,365,54,311,457516,3456,454060,64,1460,97.96,14.49,83.47,982320.99,64,64,262144,262144,0.0157,0.0079,0.0079,225,0,0,Benign,None,Benign,0
1357,UE_3,udp,127.5,-42.43,50.83,3.746,3.746,98,50,48,16831,8220,8611,164.4,179.4,26.16,13.35,12.81,35944.47,64,64,0,0,0,0,0,333,0,0,Benign,None,Benign,0
1636,UE_4,udp,116.4,-41.46,52.5,0.073,0.073,3,1,2,195,87,108,86.9,54,41.1,13.7,27.4,21369.86,64,64,0,0,0,0,0,469,0,0,Benign,None,Benign,0
535,UE_2,tcp,235.5,-52.39,40.98,6.57,6.57,265,74,191,279916,7607,272309,102.8,1425.7,40.33,11.26,29.07,340841.4,64,64,131072,131072,0.0217,0.0109,0.0109,299,1,0.05,Benign,None,Benign,0
2566,UE_6,tcp,321,-50.51,39.29,2.363,2.363,55,24,31,26599,8669,17930,361.2,578.4,23.28,10.16,13.12,90051.63,64,64,65535,65535,0.0283,0.0142,0.0142,298,1,0.05,Benign,None,Benign,0
392,UE_1,tcp,146.1,-45.46,49.23,1.426,1.426,89,32,57,53186,6144,47042,192,825.3,62.41,22.44,39.97,298378.68,64,64,65535,65535,0.0162,0.0081,0.0081,503,0,0,Benign,None,Benign,0
2009,UE_5,tcp,309,-52.45,40,9.77,9.77,975,83,892,1307632,5312,1302320,64,1460,99.8,8.5,91.3,1070732.45,64,64,262144,262144,0.0201,0.0101,0.0101,348,0,0,Benign,None,Benign,0
122,UE_1,tcp,146.1,-44.43,48.73,3.606,3.606,84,30,54,66890,6783,60107,226.1,1113.1,23.29,8.32,14.98,148397.12,64,64,65535,65535,0.0189,0.0095,0.0095,199,1,0.05,Benign,None,Benign,0
2835,UE_6,tcp,321,-52.08,40.03,1.754,1.754,63,18,45,32032,8789,23243,488.3,516.5,35.92,10.26,25.66,146098.06,64,64,65535,65535,0.0382,0.0191,0.0191,462,1,0.05,Benign,None,Benign,0
1888,UE_4,udp,116.4,-41.28,51.69,0.057,0.057,5,4,1,307,258,49,64.5,49.2,87.72,70.18,17.54,43087.72,64,64,0,0,0,0,0,338,0,0,Benign,None,Benign,0
315,UE_1,tcp,146.1,-43.69,48.57,1.739,1.739,57,16,41,43372,3258,40114,203.6,978.4,32.78,9.2,23.58,199526.16,64,64,65535,65535,0.0256,0.0128,0.0128,170,0,0,Benign,None,Benign,0
3731,UE_8,udp,403.8,-52.33,40.33,0.527,0.527,1656,1656,0,1160194,1160194,0,700.6,0,3142.31,3142.31,0,17612053.13,64,0,0,0,0,0,0,0,1325,80,UDPFlood,Hping3,Malicious,1
735,UE_2,tcp,235.5,-52.42,40.81,7.357,7.357,281,79,202,272889,8208,264681,103.9,1310.3,38.19,10.74,27.46,296739.43,64,64,131072,131072,0.0189,0.0095,0.0095,267,0,0,Benign,None,Benign,0
976,UE_2,tcp,235.5,-52.8,41.23,3.587,3.587,443,55,388,525171,5445,519726,99,1339.5,123.5,15.33,108.17,1171276.28,64,64,131072,131072,0.0254,0.0127,0.0127,417,1,0.05,Benign,None,Benign,0
2075,UE_5,tcp,309,-52.51,40.62,5.78,5.78,632,70,562,825000,4480,820520,64,1460,109.34,12.11,97.23,1141868.51,64,64,262144,262144,0.016,0.008,0.008,207,0,0,Benign,None,Benign,0
2870,UE_6,tcp,321,-50.86,38.68,1.544,1.544,51,17,34,23968,6115,17853,359.7,525.1,33.03,11.01,22.02,124186.53,64,64,65535,65535,0.0366,0.0183,0.0183,450,1,0.05,Benign,None,Benign,0
2181,UE_5,tcp,309,-53.13,39.55,3.13,3.13,942,76,866,1269224,4864,1264360,64,1460,300.96,24.28,276.68,3244023,64,64,262144,262144,0.0211,0.0106,0.0106,402,0,0,Benign,None,Benign,0
4477,UE_9,tcp,409.2,-55.34,39.28,0.0042,0.0042,2,1,1,84,44,40,44,40,476.19,238.1,238.1,160000,57,55,1024,0,0.0053,0,0,0,0,0,SYNScan,Nmap,Malicious,1
4734,UE_10,tcp,440.7,-54.46,38.75,55.58,55.58,17,11,6,653,413,240,37.5,40,0.31,0.2,0.11,93.99,64,64,512,16384,0.0878,0.0527,0.0351,128,0,0,SlowrateDoS,Slowloris,Malicious,1
944,UE_2,tcp,235.5,-51.86,40.46,6.455,6.455,340,77,263,329234,7585,321649,98.5,1223,52.67,11.93,40.74,408035.94,64,64,131072,131072,0.0222,0.0111,0.0111,326,1,0.05,Benign,None,Benign,0
725,UE_2,tcp,235.5,-52.61,40.66,9.31,9.31,311,72,239,296771,8035,288736,111.6,1208.1,33.4,7.73,25.67,255012.67,64,64,131072,131072,0.0293,0.0147,0.0147,469,0,0,Benign,None,Benign,0
3994,UE_8,udp,403.8,-52.69,41.16,0.223,0.223,1413,1413,0,1079108,1079108,0,763.7,0,6336.32,6336.32,0,38712394.62,64,0,0,0,0,0,0,0,1130,80,UDPFlood,Hping3,Malicious,1
3899,UE_8,udp,403.8,-52.05,39.97,0.266,0.266,688,688,0,382322,382322,0,555.7,0,2586.47,2586.47,0,11498406.02,64,0,0,0,0,0,0,0,550,80,UDPFlood,Hping3,Malicious,1
2859,UE_6,tcp,321,-51.14,39.88,2.346,2.346,67,26,41,27801,11229,16572,431.9,404.2,28.56,11.08,17.48,94803.07,64,64,65535,65535,0.0317,0.0159,0.0159,377,1,0.05,Benign,None,Benign,0
4970,UE_10,tcp,440.7,-54.29,39.63,62.21,62.21,27,17,10,891,491,400,28.9,40,0.43,0.27,0.16,114.58,64,64,512,16384,0.2132,0.1279,0.0853,128,0,0,SlowrateDoS,Slowloris,Malicious,1
299,UE_1,tcp,146.1,-44.86,48.67,3.242,3.242,40,18,22,31361,3373,27988,187.4,1272.2,12.34,5.55,6.79,77386.8,64,64,65535,65535,0.0343,0.0172,0.0172,238,0,0,Benign,None,Benign,0
2045,UE_5,tcp,309,-53.24,39.57,3.449,3.449,877,57,820,1200848,3648,1197200,64,1460,254.28,16.53,237.75,2785382.43,64,64,262144,262144,0.0171,0.0086,0.0086,156,0,0,Benign,None,Benign,0
274,UE_1,tcp,146.1,-44.72,48.3,1.599,1.599,68,30,38,44764,6141,38623,204.7,1016.4,42.53,18.76,23.76,223959.97,64,64,65535,65535,0.0163,0.0082,0.0082,389,0,0,Benign,None,Benign,0
1424,UE_3,udp,127.5,-41.9,51.32,5.816,5.816,121,62,59,21103,10931,10172,176.3,172.4,20.8,10.66,10.14,29027.51,64,64,0,0,0,0,0,357,0,0,Benign,None,Benign,0
4420,UE_9,tcp,409.2,-55.19,39.41,0.005,0.005,1,1,0,44,44,0,44,0,200,200,0,70400,51,0,1024,0,0,0,0,0,1,100,SYNScan,Nmap,Malicious,1
2227,UE_5,tcp,309,-53.17,38.49,10.526,10.526,789,89,700,1027696,5696,1022000,64,1460,74.96,8.46,66.5,781072.39,64,64,262144,262144,0.023,0.0115,0.0115,374,1,0.05,Benign,None,Benign,0
1332,UE_3,udp,127.5,-42.6,52.67,4.05,4.05,217,106,111,37050,18391,18659,173.5,168.1,53.58,26.17,27.41,73185.19,64,64,0,0,0,0,0,267,0,0,Benign,None,Benign,0
2293,UE_5,tcp,309,-54.12,40.34,8.068,8.068,513,59,454,666616,3776,662840,64,1460,63.58,7.31,56.27,660997.52,64,64,262144,262144,0.0123,0.0062,0.0062,499,0,0,Benign,None,Benign,0
867,UE_2,tcp,235.5,-51.7,41.36,4.848,4.848,247,44,203,261724,4827,256897,109.7,1265.5,50.95,9.08,41.87,431887.79,64,64,131072,131072,0.0191,0.0096,0.0096,283,0,0,Benign,None,Benign,0
2856,UE_6,tcp,321,-52.16,38.98,1.597,1.597,68,28,40,39100,11852,27248,423.3,681.2,42.58,17.53,25.05,195867.25,64,64,65535,65535,0.0329,0.0165,0.0165,289,0,0,Benign,None,Benign,0
1742,UE_4,udp,116.4,-39.74,52.35,0.232,0.232,3,2,1,208,153,55,76.4,55,12.93,8.62,4.31,7172.41,64,64,0,0,0,0,0,276,0,0,Benign,None,Benign,0
2605,UE_6,tcp,321,-50.32,38.4,2.422,2.422,73,32,41,29872,12349,17523,385.9,427.4,30.14,13.21,16.93,98668.87,64,64,65535,65535,0.0441,0.0221,0.0221,396,1,0.05,Benign,None,Benign,0
2363,UE_5,tcp,309,-53.17,39.92,10.141,10.141,803,66,737,1080244,4224,1076020,64,1460,79.18,6.51,72.68,852179.47,64,64,262144,262144,0.0142,0.0071,0.0071,407,0,0,Benign,None,Benign,0
4024,UE_9,tcp,409.2,-55.81,37.9,0.0034,0.0034,1,1,0,44,44,0,44,0,294.12,294.12,0,103529.41,57,0,1024,0,0,0,0,0,1,100,SYNScan,Nmap,Malicious,1
1008,UE_3,udp,127.5,-41.83,51.18,1.596,1.596,231,115,116,38307,19677,18630,171.1,160.6,144.74,72.06,72.68,192015.04,64,64,0,0,0,0,0,143,0,0,Benign,None,Benign,0
2169,UE_5,tcp,309,-53.28,38.84,7.382,7.382,741,89,652,957616,5696,951920,64,1460,100.38,12.06,88.32,1037784.88,64,64,262144,262144,0.0211,0.0106,0.0106,205,0,0,Benign,None,Benign,0
3940,UE_8,udp,403.8,-52.54,40.28,0.358,0.358,1517,1517,0,952676,952676,0,628,0,4237.43,4237.43,0,21288849.16,64,0,0,0,0,0,0,0,1214,80,UDPFlood,Hping3,Malicious,1
4253,UE_9,tcp,409.2,-55.55,37.73,0.0028,0.0028,1,1,0,44,44,0,44,0,357.14,357.14,0,125714.29,59,0,1024,0,0,0,0,0,1,100,SYNScan,Nmap,Malicious,1
4648,UE_10,tcp,440.7,-55.34,39.11,37.45,37.45,25,19,6,804,564,240,29.7,40,0.67,0.51,0.16,171.75,64,64,512,16384,0.1014,0.0608,0.0406,128,0,0,SlowrateDoS,Slowloris,Malicious,1
1748,UE_4,udp,116.4,-41.4,51.94,0.056,0.056,5,3,2,361,261,100,87.1,50.1,89.29,53.57,35.71,51571.43,64,64,0,0,0,0,0,339,0,0,Benign,None,Benign,0
3161,UE_7,tcp,413,-60.29,34.01,0.0525,0.0525,488,488,0,19520,19520,0,40,0,9295.24,9295.24,0,2974476.19,128,0,1024,0,0,0,0,0,488,100,SYNFlood,Hping3,Malicious,1
3361,UE_7,tcp,413,-59.5,34.24,0.0849,0.0849,617,617,0,24680,24680,0,40,0,7267.37,7267.37,0,2325559.48,128,0,1024,0,0,0,0,0,617,100,SYNFlood,Hping3,Malicious,1
3431,UE_7,tcp,413,-58.28,34.11,0.0565,0.0565,830,830,0,33200,33200,0,40,0,14690.27,14690.27,0,4700884.96,128,0,1024,0,0,0,0,0,830,100,SYNFlood,Hping3,Malicious,1
3489,UE_7,tcp,413,-59.39,33.75,0.096,0.096,853,853,0,34120,34120,0,40,0,8885.42,8885.42,0,2843333.33,128,0,1024,0,0,0,0,0,853,100,SYNFlood,Hping3,Malicious,1
567,UE_2,tcp,235.5,-51.82,40.61,9.566,9.566,304,64,240,312560,5600,306960,87.5,1279,31.78,6.69,25.09,261392.43,64,64,131072,131072,0.0119,0.006,0.006,500,0,0,Benign,None,Benign,0
4958,UE_10,tcp,440.7,-53.66,39.87,28.39,28.39,27,15,12,1020,540,480,36,40,0.95,0.53,0.42,287.43,64,64,512,16384,0.1538,0.0923,0.0615,128,0,0,SlowrateDoS,Slowloris,Malicious,1
4304,UE_9,tcp,409.2,-55.04,38.7,0.0052,0.0052,1,1,0,44,44,0,44,0,192.31,192.31,0,67692.31,47,0,1024,0,0,0,0,0,1,100,SYNScan,Nmap,Malicious,1
647,UE_2,tcp,235.5,-53,41.66,3.246,3.246,254,41,213,270532,4580,265952,111.7,1248.6,78.25,12.63,65.62,666745.53,64,64,131072,131072,0.0113,0.0057,0.0057,407,1,0.05,Benign,None,Benign,0
1825,UE_4,udp,116.4,-39.78,51.53,0.231,0.231,6,4,2,447,338,109,84.6,54.3,25.97,17.32,8.66,15480.52,64,64,0,0,0,0,0,341,1,0.05,Benign,None,Benign,0
621,UE_2,tcp,235.5,-52.5,41.27,3.724,3.724,442,36,406,593187,3107,590080,86.3,1453.4,118.69,9.67,109.02,1274300.75,64,64,131072,131072,0.0269,0.0135,0.0135,383,1,0.05,Benign,None,Benign,0
4632,UE_10,tcp,440.7,-54.3,40.25,56.32,56.32,30,18,12,1128,648,480,36,40,0.53,0.32,0.21,160.23,64,64,512,16384,0.0851,0.0511,0.034,128,0,0,SlowrateDoS,Slowloris,Malicious,1
1397,UE_3,udp,127.5,-41.47,51.17,3.8,3.8,223,109,114,37366,18225,19141,167.2,167.9,58.68,28.68,30,78665.26,64,64,0,0,0,0,0,221,0,0,Benign,None,Benign,0
2639,UE_6,tcp,321,-52.32,39.45,2.937,2.937,69,29,40,27839,8839,19000,304.8,475,23.49,9.87,13.62,75829.76,64,64,65535,65535,0.0309,0.0155,0.0155,499,0,0,Benign,None,Benign,0
845,UE_2,tcp,235.5,-53.19,41.46,9.328,9.328,249,44,205,288655,4668,283987,106.1,1385.3,26.69,4.72,21.98,247560.03,64,64,131072,131072,0.0238,0.0119,0.0119,128,0,0,Benign,None,Benign,0
4071,UE_9,tcp,409.2,-53.99,38.85,0.0037,0.0037,1,1,0,44,44,0,44,0,270.27,270.27,0,95135.14,58,0,1024,0,0,0,0,0,1,100,SYNScan,Nmap,Malicious,1
2086,UE_5,tcp,309,-52.66,40.15,7.915,7.915,949,51,898,1314344,3264,1311080,64,1460,119.9,6.44,113.46,1328458.88,64,64,262144,262144,0.0255,0.0128,0.0128,134,0,0,Benign,None,Benign,0
548,UE_2,tcp,235.5,-52.2,41.73,7.151,7.151,395,72,323,433727,7625,426102,105.9,1319.2,55.24,10.07,45.17,485221.09,64,64,131072,131072,0.0206,0.0103,0.0103,423,0,0,Benign,None,Benign,0
1154,UE_3,udp,127.5,-42.76,51.07,3.118,3.118,166,81,85,28377,14369,14008,177.4,164.8,53.24,25.98,27.26,72808.21,64,64,0,0,0,0,0,507,0,0,Benign,None,Benign,0
138,UE_1,tcp,146.1,-44.82,48.63,1.17,1.17,60,10,50,54029,2164,51865,216.4,1037.3,51.28,8.55,42.74,369429.06,64,64,65535,65535,0.0403,0.0202,0.0202,400,0,0,Benign,None,Benign,0
191,UE_1,tcp,146.1,-44.35,48.46,1.579,1.579,71,31,40,38061,4889,33172,157.7,829.3,44.97,19.63,25.33,192835.97,64,64,65535,65535,0.025,0.0125,0.0125,388,1,0.05,Benign,None,Benign,0
4208,UE_9,tcp,409.2,-55.32,38.37,0.0056,0.0056,1,1,0,44,44,0,44,0,178.57,178.57,0,62857.14,59,0,1024,0,0,0,0,0,1,100,SYNScan,Nmap,Malicious,1
4051,UE_9,tcp,409.2,-55.6,38.94,0.004,0.004,1,1,0,44,44,0,44,0,250,250,0,88000,53,0,1024,0,0,0,0,0,1,100,SYNScan,Nmap,Malicious,1
2954,UE_6,tcp,321,-51.18,39.69,2.61,2.61,78,40,38,33318,14580,18738,364.5,493.1,29.89,15.33,14.56,102124.14,64,64,65535,65535,0.0231,0.0116,0.0116,222,0,0,Benign,None,Benign,0
4360,UE_9,tcp,409.2,-55.11,38.84,0.0036,0.0036,2,1,1,84,44,40,44,40,555.56,277.78,277.78,186666.67,59,55,1024,0,0.0086,0,0,0,0,0,SYNScan,Nmap,Malicious,1
4849,UE_10,tcp,440.7,-54.61,39.4,37.77,37.77,13,9,4,396,236,160,26.2,40,0.34,0.24,0.11,83.88,64,64,512,16384,0.1722,0.1033,0.0689,128,0,0,SlowrateDoS,Slowloris,Malicious,1
4833,UE_10,tcp,440.7,-53.76,39.16,26.96,26.96,20,8,12,704,224,480,28,40,0.74,0.3,0.45,208.9,64,64,512,16384,0.1472,0.0883,0.0589,128,0,0,SlowrateDoS,Slowloris,Malicious,1
2326,UE_5,tcp,309,-52.78,39.35,5.924,5.924,695,64,631,925356,4096,921260,64,1460,117.32,10.8,106.52,1249636.73,64,64,262144,262144,0.0164,0.0082,0.0082,168,0,0,Benign,None,Benign,0
4582,UE_10,tcp,440.7,-54.1,39.51,29.41,29.41,23,12,11,762,322,440,26.8,40,0.78,0.41,0.37,207.28,64,64,512,16384,0.2124,0.1274,0.085,128,0,0,SlowrateDoS,Slowloris,Malicious,1
2968,UE_6,tcp,321,-50.72,39.39,1.032,1.032,56,22,34,33085,10591,22494,481.4,661.6,54.26,21.32,32.95,256472.87,64,64,65535,65535,0.038,0.019,0.019,156,0,0,Benign,None,Benign,0
3968,UE_8,udp,403.8,-51.92,40.89,0.309,0.309,1280,1280,0,733696,733696,0,573.2,0,4142.39,4142.39,0,18995365.7,64,0,0,0,0,0,0,0,1024,80,UDPFlood,Hping3,Malicious,1
3577,UE_8,udp,403.8,-52.17,41.11,0.104,0.104,1493,1493,0,1328173,1328173,0,889.6,0,14355.77,14355.77,0,102167153.85,64,0,0,0,0,0,0,0,1194,80,UDPFlood,Hping3,Malicious,1
1164,UE_3,udp,127.5,-41.8,51.18,3.546,3.546,291,145,146,49856,25970,23886,179.1,163.6,82.06,40.89,41.17,112478.29,64,64,0,0,0,0,0,301,0,0,Benign,None,Benign,0
119,UE_1,tcp,146.1,-44.35,47.96,2.306,2.306,66,14,52,50413,3072,47341,219.4,910.4,28.62,6.07,22.55,174893.32,64,64,65535,65535,0.0175,0.0088,0.0088,511,0,0,Benign,None,Benign,0
4503,UE_10,tcp,440.7,-54.2,38.47,58.07,58.07,18,12,6,640,400,240,33.3,40,0.31,0.21,0.1,88.17,64,64,512,16384,0.1857,0.1114,0.0743,128,0,0,SlowrateDoS,Slowloris,Malicious,1
3807,UE_8,udp,403.8,-52.18,41.74,0.117,0.117,1422,1422,0,1009193,1009193,0,709.7,0,12153.85,12153.85,0,69004649.57,64,0,0,0,0,0,0,0,1138,80,UDPFlood,Hping3,Malicious,1
3490,UE_7,tcp,413,-59.33,33.73,0.0923,0.0923,346,346,0,13840,13840,0,40,0,3748.65,3748.65,0,1199566.63,128,0,1024,0,0,0,0,0,346,100,SYNFlood,Hping3,Malicious,1
3237,UE_7,tcp,413,-59.65,34.53,0.061,0.061,686,686,0,27440,27440,0,40,0,11245.9,11245.9,0,3598688.52,128,0,1024,0,0,0,0,0,686,100,SYNFlood,Hping3,Malicious,1
1399,UE_3,udp,127.5,-42.16,52.01,1.13,1.13,116,59,57,20343,10585,9758,179.4,171.2,102.65,52.21,50.44,144021.24,64,64,0,0,0,0,0,459,0,0,Benign,None,Benign,0
4195,UE_9,tcp,409.2,-55.33,38.54,0.0044,0.0044,1,1,0,44,44,0,44,0,227.27,227.27,0,80000,54,0,1024,0,0,0,0,0,1,100,SYNScan,Nmap,Malicious,1
1946,UE_4,udp,116.4,-40.62,51.86,0.138,0.138,4,2,2,275,175,100,87.4,49.8,28.99,14.49,14.49,15942.03,64,64,0,0,0,0,0,362,0,0,Benign,None,Benign,0
4200,UE_9,tcp,409.2,-55.55,38.6,0.0051,0.0051,1,1,0,44,44,0,44,0,196.08,196.08,0,69019.61,53,0,1024,0,0,0,0,0,1,100,SYNScan,Nmap,Malicious,1
3908,UE_8,udp,403.8,-51.48,40.44,0.447,0.447,2354,2354,0,1462305,1462305,0,621.2,0,5266.22,5266.22,0,26171006.71,64,0,0,0,0,0,0,0,1883,80,UDPFlood,Hping3,Malicious,1
311,UE_1,tcp,146.1,-44.36,47.4,2.838,2.838,54,23,31,42975,4296,38679,186.8,1247.7,19.03,8.1,10.92,121141.65,64,64,65535,65535,0.035,0.0175,0.0175,270,1,0.05,Benign,None,Benign,0
262,UE_1,tcp,146.1,-44.39,48.2,1.975,1.975,41,19,22,26492,4309,22183,226.8,1008.3,20.76,9.62,11.14,107309.37,64,64,65535,65535,0.0397,0.0199,0.0199,304,0,0,Benign,None,Benign,0
2176,UE_5,tcp,309,-51.78,40.64,5.461,5.461,627,75,552,810720,4800,805920,64,1460,114.81,13.73,101.08,1187650.61,64,64,262144,262144,0.0151,0.0076,0.0076,488,0,0,Benign,None,Benign,0
3969,UE_8,udp,403.8,-52.12,41.31,0.223,0.223,2226,2226,0,1811074,1811074,0,813.6,0,9982.06,9982.06,0,64971264.57,64,0,0,0,0,0,0,0,1781,80,UDPFlood,Hping3,Malicious,1
583,UE_2,tcp,235.5,-52.91,41.04,4.066,4.066,425,74,351,472987,7245,465742,97.9,1326.9,104.53,18.2,86.33,930618.79,64,64,131072,131072,0.0141,0.0071,0.0071,447,0,0,Benign,None,Benign,0
4363,UE_9,tcp,409.2,-55.81,38.42,0.0024,0.0024,1,1,0,44,44,0,44,0,416.67,416.67,0,146666.67,58,0,1024,0,0,0,0,0,1,100,SYNScan,Nmap,Malicious,1
215,UE_1,tcp,146.1,-44.69,48.95,1.617,1.617,74,26,48,50964,5234,45730,201.3,952.7,45.76,16.08,29.68,252141,64,64,65535,65535,0.0214,0.0107,0.0107,215,1,0.05,Benign,None,Benign,0
2234,UE_5,tcp,309,-53.62,39.82,6.137,6.137,624,67,557,817508,4288,813220,64,1460,101.68,10.92,90.76,1065677.69,64,64,262144,262144,0.0236,0.0118,0.0118,186,1,0.05,Benign,None,Benign,0
3289,UE_7,tcp,413,-60.11,34.34,0.0128,0.0128,496,496,0,19840,19840,0,40,0,38750,38750,0,12400000,128,0,1024,0,0,0,0,0,496,100,SYNFlood,Hping3,Malicious,1
67,UE_1,tcp,146.1,-44.02,49.14,1.62,1.62,57,30,27,32815,5472,27343,182.4,1012.7,35.19,18.52,16.67,162049.38,64,64,65535,65535,0.0302,0.0151,0.0151,342,0,0,Benign,None,Benign,0
4714,UE_10,tcp,440.7,-53.69,38.93,46.54,46.54,17,9,8,571,251,320,27.9,40,0.37,0.19,0.17,98.15,64,64,512,16384,0.1479,0.0887,0.0592,128,0,0,SlowrateDoS,Slowloris,Malicious,1
2584,UE_6,tcp,321,-51.23,39.51,2.911,2.911,47,17,30,25503,7608,17895,447.5,596.5,16.15,5.84,10.31,70087.26,64,64,65535,65535,0.0249,0.0125,0.0125,508,0,0,Benign,None,Benign,0
4879,UE_10,tcp,440.7,-55.56,39.75,43.76,43.76,28,17,11,936,496,440,29.2,40,0.64,0.39,0.25,171.12,64,64,512,16384,0.1527,0.0916,0.0611,128,0,0,SlowrateDoS,Slowloris,Malicious,1
2490,UE_5,tcp,309,-52.84,39.44,8.477,8.477,738,60,678,993720,3840,989880,64,1460,87.06,7.08,79.98,937803.47,64,64,262144,262144,0.013,0.0065,0.0065,175,0,0,Benign,None,Benign,0
3476,UE_7,tcp,413,-60.41,33.76,0.0469,0.0469,869,869,0,34760,34760,0,40,0,18528.78,18528.78,0,5929211.09,128,0,1024,0,0,0,0,0,869,100,SYNFlood,Hping3,Malicious,1
2047,UE_5,tcp,309,-53.57,40.47,6.148,6.148,509,64,445,653796,4096,649700,64,1460,82.79,10.41,72.38,850743.01,64,64,262144,262144,0.0254,0.0127,0.0127,505,1,0.05,Benign,None,Benign,0
4327,UE_9,tcp,409.2,-55.11,39.7,0.0023,0.0023,1,1,0,44,44,0,44,0,434.78,434.78,0,153043.48,57,0,1024,0,0,0,0,0,1,100,SYNScan,Nmap,Malicious,1
2861,UE_6,tcp,321,-52.04,40.1,2.748,2.748,69,38,31,32299,15717,16582,413.6,534.9,25.11,13.83,11.28,94029.11,64,64,65535,65535,0.0418,0.0209,0.0209,273,0,0,Benign,None,Benign,0
3402,UE_7,tcp,413,-59.56,34.83,0.0431,0.0431,809,809,0,32360,32360,0,40,0,18770.3,18770.3,0,6006496.52,128,0,1024,0,0,0,0,0,809,100,SYNFlood,Hping3,Malicious,1
500,UE_1,tcp,146.1,-45.04,48.07,3.411,3.411,84,33,51,52600,6904,45696,209.2,896,24.63,9.67,14.95,123365.58,64,64,65535,65535,0.035,0.0175,0.0175,365,1,0.05,Benign,None,Benign,0
642,UE_2,tcp,235.5,-53.56,41.01,8.131,8.131,460,63,397,583076,6672,576404,105.9,1451.9,56.57,7.75,48.83,573681.96,64,64,131072,131072,0.0243,0.0122,0.0122,155,1,0.05,Benign,None,Benign,0
4772,UE_10,tcp,440.7,-53.51,38.3,40.21,40.21,19,10,9,639,279,360,27.9,40,0.47,0.25,0.22,127.13,64,64,512,16384,0.1906,0.1144,0.0762,128,0,0,SlowrateDoS,Slowloris,Malicious,1
4161,UE_9,tcp,409.2,-54.67,38.18,0.0031,0.0031,1,1,0,44,44,0,44,0,322.58,322.58,0,113548.39,51,0,1024,0,0,0,0,0,1,100,SYNScan,Nmap,Malicious,1
956,UE_2,tcp,235.5,-51.95,40.52,5.117,5.117,333,67,266,366621,6244,360377,93.2,1354.8,65.08,13.09,51.98,573181.16,64,64,131072,131072,0.0274,0.0137,0.0137,298,0,0,Benign,None,Benign,0
30,UE_1,tcp,146.1,-44.07,48.78,1.193,1.193,44,14,30,37588,2869,34719,204.9,1157.3,36.88,11.74,25.15,252057,64,64,65535,65535,0.0348,0.0174,0.0174,395,0,0,Benign,None,Benign,0
2724,UE_6,tcp,321,-50.76,40.12,2.962,2.962,55,27,28,25868,11132,14736,412.3,526.3,18.57,9.12,9.45,69866.31,64,64,65535,65535,0.0363,0.0182,0.0182,199,0,0,Benign,None,Benign,0
1869,UE_4,udp,116.4,-40.11,51.9,0.182,0.182,4,2,2,237,139,98,69.3,48.8,21.98,10.99,10.99,10417.58,64,64,0,0,0,0,0,490,0,0,Benign,None,Benign,0
2691,UE_6,tcp,321,-51.53,39.34,2.29,2.29,57,29,28,26152,14227,11925,490.6,425.9,24.89,12.66,12.23,91360.7,64,64,65535,65535,0.0435,0.0218,0.0218,373,0,0,Benign,None,Benign,0
3755,UE_8,udp,403.8,-52.38,39.97,0.35,0.35,2281,2281,0,1715312,1715312,0,752,0,6517.14,6517.14,0,39207131.43,64,0,0,0,0,0,0,0,1825,80,UDPFlood,Hping3,Malicious,1
4261,UE_9,tcp,409.2,-55.45,38.63,0.0046,0.0046,1,1,0,44,44,0,44,0,217.39,217.39,0,76521.74,45,0,1024,0,0,0,0,0,1,100,SYNScan,Nmap,Malicious,1
4395,UE_9,tcp,409.2,-55.06,38.65,0.0034,0.0034,1,1,0,44,44,0,44,0,294.12,294.12,0,103529.41,54,0,1024,0,0,0,0,0,1,100,SYNScan,Nmap,Malicious,1
2557,UE_6,tcp,321,-50.08,39.28,1.346,1.346,78,28,50,39391,11136,28255,397.7,565.1,57.95,20.8,37.15,234121.84,64,64,65535,65535,0.0374,0.0187,0.0187,503,0,0,Benign,None,Benign,0
2960,UE_6,tcp,321,-52.15,40.22,1.06,1.06,64,19,45,29921,9230,20691,485.8,459.8,60.38,17.92,42.45,225818.87,64,64,65535,65535,0.0203,0.0102,0.0102,460,0,0,Benign,None,Benign,0
1624,UE_4,udp,116.4,-40.37,52.19,0.132,0.132,2,1,1,133,78,55,77.8,54.7,15.15,7.58,7.58,8060.61,64,64,0,0,0,0,0,242,0,0,Benign,None,Benign,0
354,UE_1,tcp,146.1,-44.5,48.33,4.058,4.058,47,19,28,36561,3779,32782,198.9,1170.8,11.58,4.68,6.9,72076.89,64,64,65535,65535,0.0298,0.0149,0.0149,451,1,0.05,Benign,None,Benign,0
3826,UE_8,udp,403.8,-51.69,40.73,0.319,0.319,1315,1315,0,919054,919054,0,698.9,0,4122.26,4122.26,0,23048376.18,64,0,0,0,0,0,0,0,1052,80,UDPFlood,Hping3,Malicious,1
473,UE_1,tcp,146.1,-44.3,48.97,3.325,3.325,38,18,20,21773,3425,18348,190.3,917.4,11.43,5.41,6.02,52386.17,64,64,65535,65535,0.0396,0.0198,0.0198,458,0,0,Benign,None,Benign,0
711,UE_2,tcp,235.5,-52.38,40.75,7.689,7.689,440,32,408,520572,3146,517426,98.3,1268.2,57.22,4.16,53.06,541627.78,64,64,131072,131072,0.0148,0.0074,0.0074,370,1,0.05,Benign,None,Benign,0
180,UE_1,tcp,146.1,-44.49,47.88,3.076,3.076,44,23,21,30863,5676,25187,246.8,1199.4,14.3,7.48,6.83,80267.88,64,64,65535,65535,0.0238,0.0119,0.0119,364,1,0.05,Benign,None,Benign,0
2105,UE_5,tcp,309,-52.15,39.58,4.941,4.941,924,82,842,1234568,5248,1229320,64,1460,187.01,16.6,170.41,1998895.77,64,64,262144,262144,0.0145,0.0073,0.0073,321,0,0,Benign,None,Benign,0
4034,UE_9,tcp,409.2,-55.66,39.16,0.0021,0.0021,1,1,0,44,44,0,44,0,476.19,476.19,0,167619.05,58,0,1024,0,0,0,0,0,1,100,SYNScan,Nmap,Malicious,1
2462,UE_5,tcp,309,-53.1,40.01,3.429,3.429,750,51,699,1023804,3264,1020540,64,1460,218.72,14.87,203.85,2388577.43,64,64,262144,262144,0.0135,0.0068,0.0068,163,1,0.05,Benign,None,Benign,0
3272,UE_7,tcp,413,-60.3,34.79,0.0716,0.0716,453,453,0,18120,18120,0,40,0,6326.82,6326.82,0,2024581.01,128,0,1024,0,0,0,0,0,453,100,SYNFlood,Hping3,Malicious,1
2819,UE_6,tcp,321,-52.34,39.82,0.935,0.935,76,31,45,35756,14579,21177,470.3,470.6,81.28,33.16,48.13,305933.69,64,64,65535,65535,0.035,0.0175,0.0175,285,0,0,Benign,None,Benign,0
3939,UE_8,udp,403.8,-51.85,40.85,0.594,0.594,1756,1756,0,1734226,1734226,0,987.6,0,2956.23,2956.23,0,23356579.12,64,0,0,0,0,0,0,0,1405,80,UDPFlood,Hping3,Malicious,1
1544,UE_4,udp,116.4,-40.8,52.37,0.119,0.119,5,4,1,408,353,55,88.3,55.2,42.02,33.61,8.4,27428.57,64,64,0,0,0,0,0,413,0,0,Benign,None,Benign,0
2386,UE_5,tcp,309,-53.6,40.05,11.633,11.633,677,62,615,901868,3968,897900,64,1460,58.2,5.33,52.87,620213.53,64,64,262144,262144,0.0138,0.0069,0.0069,263,1,0.05,Benign,None,Benign,0
4285,UE_9,tcp,409.2,-55.79,38.36,0.0025,0.0025,1,1,0,44,44,0,44,0,400,400,0,140800,51,0,1024,0,0,0,0,0,1,100,SYNScan,Nmap,Malicious,1
1462,UE_3,udp,127.5,-42.53,51.23,5.442,5.442,269,135,134,45360,23652,21708,175.2,162,49.43,24.81,24.62,66681.37,64,64,0,0,0,0,0,195,1,0.05,Benign,None,Benign,0
3235,UE_7,tcp,413,-60.14,34.61,0.061,0.061,348,348,0,13920,13920,0,40,0,5704.92,5704.92,0,1825573.77,128,0,1024,0,0,0,0,0,348,100,SYNFlood,Hping3,Malicious,1
3957,UE_8,udp,403.8,-52.75,40.61,0.338,0.338,2133,2133,0,1834167,1834167,0,859.9,0,6310.65,6310.65,0,43412236.69,64,0,0,0,0,0,0,0,1706,80,UDPFlood,Hping3,Malicious,1
2694,UE_6,tcp,321,-51.5,39.49,3.241,3.241,79,36,43,41805,14857,26948,412.7,626.7,24.38,11.11,13.27,103190.37,64,64,65535,65535,0.0415,0.0208,0.0208,373,1,0.05,Benign,None,Benign,0
515,UE_2,tcp,235.5,-52.17,41.63,9.505,9.505,293,44,249,353103,4752,348351,108,1399,30.83,4.63,26.2,297193.48,64,64,131072,131072,0.0286,0.0143,0.0143,388,0,0,Benign,None,Benign,0
2314,UE_5,tcp,309,-52.76,39.62,12.84,12.84,406,91,315,465724,5824,459900,64,1460,31.62,7.09,24.53,290170.72,64,64,262144,262144,0.0262,0.0131,0.0131,319,0,0,Benign,None,Benign,0
1238,UE_3,udp,127.5,-41.24,52.35,3.456,3.456,232,118,114,38070,19659,18411,166.6,161.5,67.13,34.14,32.99,88125,64,64,0,0,0,0,0,372,0,0,Benign,None,Benign,0
584,UE_2,tcp,235.5,-52.2,40.69,5.887,5.887,483,58,425,566349,6496,559853,112,1317.3,82.05,9.85,72.19,769626.63,64,64,131072,131072,0.0244,0.0122,0.0122,511,0,0,Benign,None,Benign,0
659,UE_2,tcp,235.5,-53.1,40.87,5.957,5.957,305,75,230,336958,7230,329728,96.4,1433.6,51.2,12.59,38.61,452520.4,64,64,131072,131072,0.0279,0.014,0.014,419,1,0.05,Benign,None,Benign,0
2764,UE_6,tcp,321,-51.61,40.17,3.169,3.169,60,15,45,28304,5007,23297,333.8,517.7,18.93,4.73,14.2,71452.19,64,64,65535,65535,0.0406,0.0203,0.0203,225,0,0,Benign,None,Benign,0
925,UE_2,tcp,235.5,-52.29,40.21,3.318,3.318,276,47,229,321400,4418,316982,94,1384.2,83.18,14.17,69.02,774924.65,64,64,131072,131072,0.0174,0.0087,0.0087,225,1,0.05,Benign,None,Benign,0
1013,UE_3,udp,127.5,-42.12,51.39,3.353,3.353,177,89,88,30330,15379,14951,172.8,169.9,52.79,26.54,26.25,72365.05,64,64,0,0,0,0,0,408,1,0.05,Benign,None,Benign,0
739,UE_2,tcp,235.5,-53.27,41.37,6.459,6.459,388,43,345,465770,3642,462128,84.7,1339.5,60.07,6.66,53.41,576894.26,64,64,131072,131072,0.0187,0.0094,0.0094,258,1,0.05,Benign,None,Benign,0
1045,UE_3,udp,127.5,-41.98,51.34,1.661,1.661,243,122,121,39721,20240,19481,165.9,161,146.3,73.45,72.85,191311.26,64,64,0,0,0,0,0,456,1,0.05,Benign,None,Benign,0
3759,UE_8,udp,403.8,-51.79,40.77,0.572,0.572,2319,2319,0,1760585,1760585,0,759.2,0,4054.2,4054.2,0,24623566.43,64,0,0,0,0,0,0,0,1855,80,UDPFlood,Hping3,Malicious,1
599,UE_2,tcp,235.5,-52.73,41.12,8.989,8.989,446,36,410,509263,3733,505530,103.7,1233,49.62,4,45.61,453232.17,64,64,131072,131072,0.0186,0.0093,0.0093,218,1,0.05,Benign,None,Benign,0
3549,UE_8,udp,403.8,-52.1,41.75,0.126,0.126,766,766,0,644053,644053,0,840.8,0,6079.37,6079.37,0,40892253.97,64,0,0,0,0,0,0,0,613,80,UDPFlood,Hping3,Malicious,1
4196,UE_9,tcp,409.2,-54.56,38.51,0.0037,0.0037,1,1,0,44,44,0,44,0,270.27,270.27,0,95135.14,57,0,1024,0,0,0,0,0,1,100,SYNScan,Nmap,Malicious,1
3475,UE_7,tcp,413,-60.2,33.6,0.0733,0.0733,982,982,0,39280,39280,0,40,0,13397,13397,0,4287039.56,128,0,1024,0,0,0,0,0,982,100,SYNFlood,Hping3,Malicious,1
2508,UE_6,tcp,321,-51.54,39.94,2.424,2.424,58,28,30,22909,8926,13983,318.8,466.1,23.93,11.55,12.38,75607.26,64,64,65535,65535,0.0256,0.0128,0.0128,315,0,0,Benign,None,Benign,0
103,UE_1,tcp,146.1,-44.19,48.85,0.598,0.598,52,32,20,28890,7600,21290,237.5,1064.5,86.96,53.51,33.44,386488.29,64,64,65535,65535,0.0432,0.0216,0.0216,365,0,0,Benign,None,Benign,0
1245,UE_3,udp,127.5,-41.48,51.39,3.439,3.439,295,149,146,49299,25092,24207,168.4,165.8,85.78,43.33,42.45,114682.18,64,64,0,0,0,0,0,386,0,0,Benign,None,Benign,0
3999,UE_8,udp,403.8,-52.19,39.88,0.296,0.296,2155,2155,0,1267140,1267140,0,588,0,7280.41,7280.41,0,34247027.03,64,0,0,0,0,0,0,0,1724,80,UDPFlood,Hping3,Malicious,1
1152,UE_3,udp,127.5,-41.44,51.23,5.45,5.45,256,129,127,42938,22046,20892,170.9,164.5,46.97,23.67,23.3,63028.26,64,64,0,0,0,0,0,318,1,0.05,Benign,None,Benign,0
2263,UE_5,tcp,309,-53.27,40.36,5.023,5.023,388,82,306,452008,5248,446760,64,1460,77.24,16.32,60.92,719901.25,64,64,262144,262144,0.0166,0.0083,0.0083,435,1,0.05,Benign,None,Benign,0
1687,UE_4,udp,116.4,-40.37,52.64,0.197,0.197,6,4,2,458,357,101,89.3,50.7,30.46,20.3,10.15,18598.98,64,64,0,0,0,0,0,257,0,0,Benign,None,Benign,0
4667,UE_10,tcp,440.7,-54.03,40.38,60.68,60.68,22,16,6,824,584,240,36.5,40,0.36,0.26,0.1,108.64,64,64,512,16384,0.1104,0.0662,0.0442,128,0,0,SlowrateDoS,Slowloris,Malicious,1
2652,UE_6,tcp,321,-51.61,39.03,3.248,3.248,81,32,49,38451,12442,26009,388.8,530.8,24.94,9.85,15.09,94706.9,64,64,65535,65535,0.0325,0.0163,0.0163,174,0,0,Benign,None,Benign,0
2663,UE_6,tcp,321,-51.24,39.5,0.818,0.818,54,30,24,23895,9267,14628,308.9,609.5,66.01,36.67,29.34,233691.93,64,64,65535,65535,0.0383,0.0192,0.0192,505,0,0,Benign,None,Benign,0
4368,UE_9,tcp,409.2,-55.27,38.23,0.0041,0.0041,1,1,0,44,44,0,44,0,243.9,243.9,0,85853.66,55,0,1024,0,0,0,0,0,1,100,SYNScan,Nmap,Malicious,1
3039,UE_7,tcp,413,-60.34,34.16,0.0688,0.0688,503,503,0,20120,20120,0,40,0,7311.05,7311.05,0,2339534.88,128,0,1024,0,0,0,0,0,503,100,SYNFlood,Hping3,Malicious,1
2412,UE_5,tcp,309,-52.97,39.88,3.532,3.532,829,94,735,1079116,6016,1073100,64,1460,234.71,26.61,208.1,2444203.85,64,64,262144,262144,0.0269,0.0135,0.0135,135,0,0,Benign,None,Benign,0
915,UE_2,tcp,235.5,-51.94,40.57,8.335,8.335,482,59,423,521608,6944,514664,117.7,1216.7,57.83,7.08,50.75,500643.55,64,64,131072,131072,0.018,0.009,0.009,320,1,0.05,Benign,None,Benign,0
3257,UE_7,tcp,413,-60.06,33.42,0.022,0.022,577,577,0,23080,23080,0,40,0,26227.27,26227.27,0,8392727.27,128,0,1024,0,0,0,0,0,577,100,SYNFlood,Hping3,Malicious,1
3180,UE_7,tcp,413,-59.21,34.26,0.0607,0.0607,755,755,0,30200,30200,0,40,0,12438.22,12438.22,0,3980230.64,128,0,1024,0,0,0,0,0,755,100,SYNFlood,Hping3,Malicious,1
3950,UE_8,udp,403.8,-52.05,41.15,0.244,0.244,1774,1774,0,1444746,1444746,0,814.4,0,7270.49,7270.49,0,47368721.31,64,0,0,0,0,0,0,0,1419,80,UDPFlood,Hping3,Malicious,1
992,UE_2,tcp,235.5,-52.42,40.71,9.279,9.279,392,74,318,412745,6882,405863,93,1276.3,42.25,7.97,34.27,355853,64,64,131072,131072,0.0107,0.0054,0.0054,360,0,0,Benign,None,Benign,0
1715,UE_4,udp,116.4,-40.26,52.41,0.072,0.072,6,4,2,443,337,106,84.2,53.1,83.33,55.56,27.78,49222.22,64,64,0,0,0,0,0,297,1,0.05,Benign,None,Benign,0
1731,UE_4,udp,116.4,-40.78,52.45,0.118,0.118,2,1,1,152,94,58,93.8,58,16.95,8.47,8.47,10305.08,64,64,0,0,0,0,0,290,0,0,Benign,None,Benign,0
1952,UE_4,udp,116.4,-40.5,52.61,0.243,0.243,6,4,2,460,358,102,89.5,50.8,24.69,16.46,8.23,15144.03,64,64,0,0,0,0,0,211,0,0,Benign,None,Benign,0
4006,UE_9,tcp,409.2,-55.54,38.25,0.0039,0.0039,1,1,0,44,44,0,44,0,256.41,256.41,0,90256.41,46,0,1024,0,0,0,0,0,1,100,SYNScan,Nmap,Malicious,1
839,UE_2,tcp,235.5,-52.62,40.42,8.869,8.869,421,35,386,478483,3742,474741,106.9,1229.9,47.47,3.95,43.52,431600.41,64,64,131072,131072,0.0239,0.012,0.012,393,0,0,Benign,None,Benign,0
1577,UE_4,udp,116.4,-40.68,52.18,0.121,0.121,6,4,2,489,364,125,91.1,62.7,49.59,33.06,16.53,32330.58,64,64,0,0,0,0,0,284,0,0,Benign,None,Benign,0
3961,UE_8,udp,403.8,-52.96,41.82,0.114,0.114,2042,2042,0,1604604,1604604,0,785.8,0,17912.28,17912.28,0,112603789.47,64,0,0,0,0,0,0,0,1634,80,UDPFlood,Hping3,Malicious,1
4005,UE_9,tcp,409.2,-53.8,39.29,0.002,0.002,1,1,0,44,44,0,44,0,500,500,0,176000,59,0,1024,0,0,0,0,0,1,100,SYNScan,Nmap,Malicious,1
3313,UE_7,tcp,413,-60.73,34.53,0.0661,0.0661,658,658,0,26320,26320,0,40,0,9954.61,9954.61,0,3185476.55,128,0,1024,0,0,0,0,0,658,100,SYNFlood,Hping3,Malicious,1
3430,UE_7,tcp,413,-60.57,34.02,0.0897,0.0897,472,472,0,18880,18880,0,40,0,5261.98,5261.98,0,1683835.01,128,0,1024,0,0,0,0,0,472,100,SYNFlood,Hping3,Malicious,1
4205,UE_9,tcp,409.2,-55.58,39.61,0.0027,0.0027,1,1,0,44,44,0,44,0,370.37,370.37,0,130370.37,46,0,1024,0,0,0,0,0,1,100,SYNScan,Nmap,Malicious,1
3126,UE_7,tcp,413,-60.87,34.26,0.0983,0.0983,280,280,0,11200,11200,0,40,0,2848.42,2848.42,0,911495.42,128,0,1024,0,0,0,0,0,280,100,SYNFlood,Hping3,Malicious,1
2946,UE_6,tcp,321,-51.4,40.31,2.588,2.588,74,40,34,34661,17984,16677,449.6,490.5,28.59,15.46,13.14,107143.74,64,64,65535,65535,0.0253,0.0127,0.0127,234,0,0,Benign,None,Benign,0
3143,UE_7,tcp,413,-59.26,33.86,0.0453,0.0453,806,806,0,32240,32240,0,40,0,17792.49,17792.49,0,5693598.23,128,0,1024,0,0,0,0,0,806,100,SYNFlood,Hping3,Malicious,1
3867,UE_8,udp,403.8,-51.36,41.54,0.129,0.129,996,996,0,535051,535051,0,537.2,0,7720.93,7720.93,0,33181457.36,64,0,0,0,0,0,0,0,797,80,UDPFlood,Hping3,Malicious,1
1087,UE_3,udp,127.5,-41.29,52.59,2.875,2.875,229,113,116,38561,18713,19848,165.6,171.1,79.65,39.3,40.35,107300.17,64,64,0,0,0,0,0,148,0,0,Benign,None,Benign,0
2308,UE_5,tcp,309,-52.92,40.14,12.807,12.807,863,99,764,1121776,6336,1115440,64,1460,67.39,7.73,59.65,700726.79,64,64,262144,262144,0.0263,0.0132,0.0132,472,1,0.05,Benign,None,Benign,0
2674,UE_6,tcp,321,-51.86,39.84,1.293,1.293,49,19,30,21590,8630,12960,454.2,432,37.9,14.69,23.2,133580.82,64,64,65535,65535,0.0257,0.0129,0.0129,130,1,0.05,Benign,None,Benign,0
2245,UE_5,tcp,309,-53.4,39.8,4.945,4.945,634,52,582,853048,3328,849720,64,1460,128.21,10.52,117.69,1380057.43,64,64,262144,262144,0.0257,0.0129,0.0129,384,1,0.05,Benign,None,Benign,0
2853,UE_6,tcp,321,-51.35,40.25,0.911,0.911,70,39,31,30131,12449,17682,319.2,570.4,76.84,42.81,34.03,264597.15,64,64,65535,65535,0.027,0.0135,0.0135,141,1,0.05,Benign,None,Benign,0
2723,UE_6,tcp,321,-51.88,39.98,2.774,2.774,65,27,38,34837,8400,26437,311.1,695.7,23.43,9.73,13.7,100467.2,64,64,65535,65535,0.04,0.02,0.02,457,0,0,Benign,None,Benign,0
4917,UE_10,tcp,440.7,-54.1,39.71,55.37,55.37,28,17,11,909,469,440,27.6,40,0.51,0.31,0.2,131.33,64,64,512,16384,0.1655,0.0993,0.0662,128,0,0,SlowrateDoS,Slowloris,Malicious,1
4519,UE_10,tcp,440.7,-54.03,39.27,28.17,28.17,19,15,4,640,480,160,32,40,0.67,0.53,0.14,181.75,64,64,512,16384,0.1706,0.1024,0.0682,128,0,0,SlowrateDoS,Slowloris,Malicious,1
4951,UE_10,tcp,440.7,-53.7,40.2,26.61,26.61,16,8,8,640,320,320,40,40,0.6,0.3,0.3,192.41,64,64,512,16384,0.2118,0.1271,0.0847,128,0,0,SlowrateDoS,Slowloris,Malicious,1
3035,UE_7,tcp,413,-59.68,33.6,0.0354,0.0354,506,506,0,20240,20240,0,40,0,14293.79,14293.79,0,4574011.3,128,0,1024,0,0,0,0,0,506,100,SYNFlood,Hping3,Malicious,1
2446,UE_5,tcp,309,-52.55,39.66,4.96,4.96,488,55,433,635700,3520,632180,64,1460,98.39,11.09,87.3,1025322.58,64,64,262144,262144,0.0202,0.0101,0.0101,342,0,0,Benign,None,Benign,0
2063,UE_5,tcp,309,-52.96,39.61,5.898,5.898,756,51,705,1032564,3264,1029300,64,1460,128.18,8.65,119.53,1400561.55,64,64,262144,262144,0.0223,0.0112,0.0112,439,0,0,Benign,None,Benign,0
3591,UE_8,udp,403.8,-51.2,40.24,0.361,0.361,1524,1524,0,1251509,1251509,0,821.2,0,4221.61,4221.61,0,27734271.47,64,0,0,0,0,0,0,0,1219,80,UDPFlood,Hping3,Malicious,1
3525,UE_8,udp,403.8,-52.43,40.42,0.558,0.558,2294,2294,0,2330475,2330475,0,1015.9,0,4111.11,4111.11,0,33411827.96,64,0,0,0,0,0,0,0,1835,80,UDPFlood,Hping3,Malicious,1
3663,UE_8,udp,403.8,-52.41,39.94,0.232,0.232,745,745,0,446181,446181,0,598.9,0,3211.21,3211.21,0,15385551.72,64,0,0,0,0,0,0,0,596,80,UDPFlood,Hping3,Malicious,1
2461,UE_5,tcp,309,-53.57,41.47,5.466,5.466,854,85,769,1128180,5440,1122740,64,1460,156.24,15.55,140.69,1651196.49,64,64,262144,262144,0.018,0.009,0.009,367,1,0.05,Benign,None,Benign,0
94,UE_1,tcp,146.1,-43.45,48.19,0.688,0.688,64,14,50,57296,2216,55080,158.3,1101.6,93.02,20.35,72.67,666232.56,64,64,65535,65535,0.0224,0.0112,0.0112,275,0,0,Benign,None,Benign,0
1394,UE_3,udp,127.5,-41.42,51.45,3.486,3.486,112,54,58,19209,9720,9489,180,163.6,32.13,15.49,16.64,44082.62,64,64,0,0,0,0,0,302,0,0,Benign,None,Benign,0
3019,UE_7,tcp,413,-60.05,34.15,0.0561,0.0561,464,464,0,18560,18560,0,40,0,8270.94,8270.94,0,2646702.32,128,0,1024,0,0,0,0,0,464,100,SYNFlood,Hping3,Malicious,1
1055,UE_3,udp,127.5,-41.42,51.08,2.155,2.155,110,54,56,19005,9558,9447,177,168.7,51.04,25.06,25.99,70552.2,64,64,0,0,0,0,0,496,0,0,Benign,None,Benign,0
1169,UE_3,udp,127.5,-43.08,51.66,5.499,5.499,164,83,81,28981,14733,14248,177.5,175.9,29.82,15.09,14.73,42161.85,64,64,0,0,0,0,0,389,0,0,Benign,None,Benign,0
1260,UE_3,udp,127.5,-41.58,50.82,1.506,1.506,123,61,62,21085,10712,10373,175.6,167.3,81.67,40.5,41.17,112005.31,64,64,0,0,0,0,0,502,0,0,Benign,None,Benign,0
3160,UE_7,tcp,413,-59.58,33.4,0.0244,0.0244,983,983,0,39320,39320,0,40,0,40286.89,40286.89,0,12891803.28,128,0,1024,0,0,0,0,0,983,100,SYNFlood,Hping3,Malicious,1
452,UE_1,tcp,146.1,-43.65,48.22,3.216,3.216,94,34,60,64164,7548,56616,222,943.6,29.23,10.57,18.66,159611.94,64,64,65535,65535,0.0414,0.0207,0.0207,345,0,0,Benign,None,Benign,0
4770,UE_10,tcp,440.7,-54.32,40.32,28.73,28.73,23,14,9,832,472,360,33.7,40,0.8,0.49,0.31,231.67,64,64,512,16384,0.1196,0.0718,0.0478,128,0,0,SlowrateDoS,Slowloris,Malicious,1
2575,UE_6,tcp,321,-50.71,39.6,1.74,1.74,73,40,33,33601,17348,16253,433.7,492.5,41.95,22.99,18.97,154487.36,64,64,65535,65535,0.0252,0.0126,0.0126,176,0,0,Benign,None,Benign,0
2455,UE_5,tcp,309,-53.01,39.72,6.285,6.285,505,46,459,673084,2944,670140,64,1460,80.35,7.32,73.03,856749.72,64,64,262144,262144,0.014,0.007,0.007,420,1,0.05,Benign,None,Benign,0
1527,UE_4,udp,116.4,-40.53,51.64,0.176,0.176,5,4,1,383,322,61,80.6,61,28.41,22.73,5.68,17409.09,64,64,0,0,0,0,0,323,1,0.05,Benign,None,Benign,0
48,UE_1,tcp,146.1,-44.95,48.25,0.811,0.811,95,35,60,71773,7693,64080,219.8,1068,117.14,43.16,73.98,707995.07,64,64,65535,65535,0.0243,0.0122,0.0122,264,0,0,Benign,None,Benign,0
286,UE_1,tcp,146.1,-43.7,48.5,3.584,3.584,53,27,26,34222,6415,27807,237.6,1069.5,14.79,7.53,7.25,76388.39,64,64,65535,65535,0.0235,0.0118,0.0118,255,1,0.05,Benign,None,Benign,0
1239,UE_3,udp,127.5,-42.64,50.98,3.427,3.427,161,83,78,27094,14193,12901,171,165.4,46.98,24.22,22.76,63248.32,64,64,0,0,0,0,0,314,1,0.05,Benign,None,Benign,0
3163,UE_7,tcp,413,-59.67,34.71,0.1094,0.1094,976,976,0,39040,39040,0,40,0,8921.39,8921.39,0,2854844.61,128,0,1024,0,0,0,0,0,976,100,SYNFlood,Hping3,Malicious,1
1639,UE_4,udp,116.4,-41.13,52.95,0.149,0.149,6,4,2,456,330,126,82.4,62.9,40.27,26.85,13.42,24483.22,64,64,0,0,0,0,0,345,1,0.05,Benign,None,Benign,0
3296,UE_7,tcp,413,-58.36,33.58,0.015,0.015,302,302,0,12080,12080,0,40,0,20133.33,20133.33,0,6442666.67,128,0,1024,0,0,0,0,0,302,100,SYNFlood,Hping3,Malicious,1
3521,UE_8,udp,403.8,-52.52,40.6,0.153,0.153,2308,2308,0,1664068,1664068,0,721,0,15084.97,15084.97,0,87010091.5,64,0,0,0,0,0,0,0,1846,80,UDPFlood,Hping3,Malicious,1
2758,UE_6,tcp,321,-51.62,39.41,1.291,1.291,71,21,50,30783,8698,22085,414.2,441.7,55,16.27,38.73,190754.45,64,64,65535,65535,0.0268,0.0134,0.0134,431,0,0,Benign,None,Benign,0
3434,UE_7,tcp,413,-59.39,33.34,0.0927,0.0927,534,534,0,21360,21360,0,40,0,5760.52,5760.52,0,1843365.7,128,0,1024,0,0,0,0,0,534,100,SYNFlood,Hping3,Malicious,1
2592,UE_6,tcp,321,-50.91,39.89,0.955,0.955,80,37,43,42564,15917,26647,430.2,619.7,83.77,38.74,45.03,356557.07,64,64,65535,65535,0.0222,0.0111,0.0111,152,1,0.05,Benign,None,Benign,0
3649,UE_8,udp,403.8,-51.99,41.27,0.376,0.376,619,619,0,540635,540635,0,873.4,0,1646.28,1646.28,0,11502872.34,64,0,0,0,0,0,0,0,495,80,UDPFlood,Hping3,Malicious,1
3678,UE_8,udp,403.8,-51.96,40.35,0.375,0.375,1272,1272,0,1277470,1277470,0,1004.3,0,3392,3392,0,27252693.33,64,0,0,0,0,0,0,0,1018,80,UDPFlood,Hping3,Malicious,1
1973,UE_4,udp,116.4,-41.73,51.51,0.097,0.097,5,4,1,360,312,48,78,48.4,51.55,41.24,10.31,29690.72,64,64,0,0,0,0,0,415,0,0,Benign,None,Benign,0
3772,UE_8,udp,403.8,-53.02,40.44,0.37,0.37,892,892,0,891732,891732,0,999.7,0,2410.81,2410.81,0,19280691.89,64,0,0,0,0,0,0,0,714,80,UDPFlood,Hping3,Malicious,1
1442,UE_3,udp,127.5,-42.02,51.8,4.852,4.852,294,147,147,50657,24917,25740,169.5,175.1,60.59,30.3,30.3,83523.5,64,64,0,0,0,0,0,284,1,0.05,Benign,None,Benign,0
708,UE_2,tcp,235.5,-53.09,40.9,5.892,5.892,477,67,410,570382,7042,563340,105.1,1374,80.96,11.37,69.59,774449.42,64,64,131072,131072,0.0125,0.0063,0.0063,386,0,0,Benign,None,Benign,0
4374,UE_9,tcp,409.2,-54.92,38.63,0.003,0.003,1,1,0,44,44,0,44,0,333.33,333.33,0,117333.33,56,0,1024,0,0,0,0,0,1,100,SYNScan,Nmap,Malicious,1
2317,UE_5,tcp,309,-52.15,41.03,6.601,6.601,732,69,663,972396,4416,967980,64,1460,110.89,10.45,100.44,1178483.26,64,64,262144,262144,0.022,0.011,0.011,388,0,0,Benign,None,Benign,0
4097,UE_9,tcp,409.2,-54.16,37.96,0.0047,0.0047,1,1,0,44,44,0,44,0,212.77,212.77,0,74893.62,50,0,1024,0,0,0,0,0,1,100,SYNScan,Nmap,Malicious,1
1865,UE_4,udp,116.4,-40.29,51.91,0.155,0.155,6,4,2,419,301,118,75.3,59.1,38.71,25.81,12.9,21625.81,64,64,0,0,0,0,0,333,0,0,Benign,None,Benign,0
482,UE_1,tcp,146.1,-44.16,47.75,4.171,4.171,78,33,45,45169,7616,37553,230.8,834.5,18.7,7.91,10.79,86634.38,64,64,65535,65535,0.025,0.0125,0.0125,184,1,0.05,Benign,None,Benign,0
846,UE_2,tcp,235.5,-52.69,40.62,5.659,5.659,359,73,286,361950,7081,354869,97,1240.8,63.44,12.9,50.54,511680.51,64,64,131072,131072,0.0185,0.0093,0.0093,496,1,0.05,Benign,None,Benign,0
4122,UE_9,tcp,409.2,-55.1,37.99,0.0012,0.0012,1,1,0,44,44,0,44,0,833.33,833.33,0,293333.33,50,0,1024,0,0,0,0,0,1,100,SYNScan,Nmap,Malicious,1
495,UE_1,tcp,146.1,-44.29,47.49,3.425,3.425,89,30,59,63499,6222,57277,207.4,970.8,25.99,8.76,17.23,148318.83,64,64,65535,65535,0.0345,0.0173,0.0173,408,0,0,Benign,None,Benign,0
2618,UE_6,tcp,321,-51.78,40.07,2.45,2.45,64,31,33,27515,10246,17269,330.5,523.3,26.12,12.65,13.47,89844.9,64,64,65535,65535,0.0397,0.0199,0.0199,172,0,0,Benign,None,Benign,0
2734,UE_6,tcp,321,-50.82,39.48,1.024,1.024,58,17,41,33724,5828,27896,342.8,680.4,56.64,16.6,40.04,263468.75,64,64,65535,65535,0.0329,0.0165,0.0165,128,0,0,Benign,None,Benign,0
4277,UE_9,tcp,409.2,-55.75,38.86,0.0047,0.0047,2,1,1,84,44,40,44,40,425.53,212.77,212.77,142978.72,52,55,1024,0,0.0084,0,0,0,0,0,SYNScan,Nmap,Malicious,1
853,UE_2,tcp,235.5,-52.61,40.93,6.105,6.105,469,64,405,533590,5146,528444,80.4,1304.8,76.82,10.48,66.34,699217.04,64,64,131072,131072,0.0281,0.0141,0.0141,464,1,0.05,Benign,None,Benign,0
4945,UE_10,tcp,440.7,-53.74,39.15,41.57,41.57,21,15,6,650,410,240,27.3,40,0.51,0.36,0.14,125.09,64,64,512,16384,0.1011,0.0607,0.0404,128,0,0,SlowrateDoS,Slowloris,Malicious,1
608,UE_2,tcp,235.5,-52.04,40.98,4.277,4.277,426,49,377,464956,4978,459978,101.6,1220.1,99.6,11.46,88.15,869686.23,64,64,131072,131072,0.0104,0.0052,0.0052,243,0,0,Benign,None,Benign,0
904,UE_2,tcp,235.5,-52.52,41.5,9.493,9.493,372,49,323,420302,5473,414829,111.7,1284.3,39.19,5.16,34.03,354199.52,64,64,131072,131072,0.0243,0.0122,0.0122,239,0,0,Benign,None,Benign,0
3943,UE_8,udp,403.8,-51.88,40.61,0.511,0.511,2080,2080,0,1917136,1917136,0,921.7,0,4070.45,4070.45,0,30013870.84,64,0,0,0,0,0,0,0,1664,80,UDPFlood,Hping3,Malicious,1
1127,UE_3,udp,127.5,-43.23,50.76,4.306,4.306,112,54,58,18689,8910,9779,165,168.6,26.01,12.54,13.47,34721.78,64,64,0,0,0,0,0,182,1,0.05,Benign,None,Benign,0
368,UE_1,tcp,146.1,-45.31,48.65,4.46,4.46,51,18,33,36548,2842,33706,157.9,1021.4,11.43,4.04,7.4,65556.95,64,64,65535,65535,0.0228,0.0114,0.0114,399,0,0,Benign,None,Benign,0
2631,UE_6,tcp,321,-52.12,39.6,1.711,1.711,51,19,32,20896,7811,13085,411.1,408.9,29.81,11.1,18.7,97701.93,64,64,65535,65535,0.0357,0.0179,0.0179,242,1,0.05,Benign,None,Benign,0
2195,UE_5,tcp,309,-53.39,39.71,5.75,5.75,676,71,605,887844,4544,883300,64,1460,117.57,12.35,105.22,1235261.22,64,64,262144,262144,0.0167,0.0084,0.0084,312,0,0,Benign,None,Benign,0
1903,UE_4,udp,116.4,-40.18,52.56,0.168,0.168,4,3,1,262,202,60,67.4,59.5,23.81,17.86,5.95,12476.19,64,64,0,0,0,0,0,215,0,0,Benign,None,Benign,0
3422,UE_7,tcp,413,-60.22,33.46,0.0426,0.0426,257,257,0,10280,10280,0,40,0,6032.86,6032.86,0,1930516.43,128,0,1024,0,0,0,0,0,257,100,SYNFlood,Hping3,Malicious,1
2330,UE_5,tcp,309,-53.2,40.69,3.121,3.121,962,71,891,1305404,4544,1300860,64,1460,308.23,22.75,285.49,3346117.27,64,64,262144,262144,0.0198,0.0099,0.0099,400,0,0,Benign,None,Benign,0
1701,UE_4,udp,116.4,-41.05,52.8,0.136,0.136,4,2,2,289,185,104,92.7,51.8,29.41,14.71,14.71,17000,64,64,0,0,0,0,0,352,1,0.05,Benign,None,Benign,0
4366,UE_9,tcp,409.2,-54.87,37.99,0.0035,0.0035,1,1,0,44,44,0,44,0,285.71,285.71,0,100571.43,56,0,1024,0,0,0,0,0,1,100,SYNScan,Nmap,Malicious,1
1469,UE_3,udp,127.5,-42.5,51.33,3.379,3.379,228,116,112,37368,18989,18379,163.7,164.1,67.48,34.33,33.15,88471.15,64,64,0,0,0,0,0,160,0,0,Benign,None,Benign,0
4002,UE_9,tcp,409.2,-55.34,39.17,0.0031,0.0031,2,1,1,84,44,40,44,40,645.16,322.58,322.58,216774.19,60,55,1024,0,0.0128,0,0,0,0,0,SYNScan,Nmap,Malicious,1
1641,UE_4,udp,116.4,-40.2,51.82,0.108,0.108,5,4,1,315,259,56,64.8,55.9,46.3,37.04,9.26,23333.33,64,64,0,0,0,0,0,476,0,0,Benign,None,Benign,0
334,UE_1,tcp,146.1,-44.85,48.52,1.559,1.559,80,27,53,68712,6151,62561,227.8,1180.4,51.31,17.32,34,352595.25,64,64,65535,65535,0.0206,0.0103,0.0103,212,0,0,Benign,None,Benign,0
2115,UE_5,tcp,309,-53.47,40.47,10.52,10.52,556,83,473,695892,5312,690580,64,1460,52.85,7.89,44.96,529195.44,64,64,262144,262144,0.0129,0.0065,0.0065,145,0,0,Benign,None,Benign,0
1530,UE_4,udp,116.4,-39.98,52.52,0.222,0.222,5,3,2,371,248,123,82.8,61.5,22.52,13.51,9.01,13369.37,64,64,0,0,0,0,0,203,0,0,Benign,None,Benign,0
2770,UE_6,tcp,321,-51.73,40.59,0.997,0.997,73,30,43,30101,12600,17501,420,407,73.22,30.09,43.13,241532.6,64,64,65535,65535,0.0443,0.0222,0.0222,333,1,0.05,Benign,None,Benign,0
1012,UE_3,udp,127.5,-42.01,51.15,3.566,3.566,145,74,71,24382,11936,12446,161.3,175.3,40.66,20.75,19.91,54698.82,64,64,0,0,0,0,0,327,0,0,Benign,None,Benign,0
1574,UE_4,udp,116.4,-41.1,52.59,0.153,0.153,3,1,2,211,85,126,84.5,62.8,19.61,6.54,13.07,11032.68,64,64,0,0,0,0,0,232,0,0,Benign,None,Benign,0
3978,UE_8,udp,403.8,-52.8,40.15,0.586,0.586,620,620,0,589372,589372,0,950.6,0,1058.02,1058.02,0,8046034.13,64,0,0,0,0,0,0,0,496,80,UDPFlood,Hping3,Malicious,1
3189,UE_7,tcp,413,-59.99,33.48,0.0459,0.0459,879,879,0,35160,35160,0,40,0,19150.33,19150.33,0,6128104.58,128,0,1024,0,0,0,0,0,879,100,SYNFlood,Hping3,Malicious,1
2425,UE_5,tcp,309,-52.83,40.25,12.162,12.162,862,40,822,1202680,2560,1200120,64,1460,70.88,3.29,67.59,791106.73,64,64,262144,262144,0.0153,0.0077,0.0077,256,1,0.05,Benign,None,Benign,0
365,UE_1,tcp,146.1,-43.97,47.62,3.21,3.21,82,24,58,52849,4529,48320,188.7,833.1,25.55,7.48,18.07,131710.9,64,64,65535,65535,0.0156,0.0078,0.0078,425,0,0,Benign,None,Benign,0
2178,UE_5,tcp,309,-52.4,40.47,12.064,12.064,733,96,637,936164,6144,930020,64,1460,60.76,7.96,52.8,620798.41,64,64,262144,262144,0.0192,0.0096,0.0096,431,0,0,Benign,None,Benign,0
709,UE_2,tcp,235.5,-51.72,40.41,9.469,9.469,442,66,376,500376,5861,494515,88.8,1315.2,46.68,6.97,39.71,422748.76,64,64,131072,131072,0.0224,0.0112,0.0112,426,0,0,Benign,None,Benign,0
3116,UE_7,tcp,413,-59.86,34.79,0.0631,0.0631,584,584,0,23360,23360,0,40,0,9255.15,9255.15,0,2961648.18,128,0,1024,0,0,0,0,0,584,100,SYNFlood,Hping3,Malicious,1
1916,UE_4,udp,116.4,-40.12,52.8,0.104,0.104,6,4,2,472,374,98,93.6,49,57.69,38.46,19.23,36307.69,64,64,0,0,0,0,0,496,0,0,Benign,None,Benign,0
1277,UE_3,udp,127.5,-41.75,50.1,5.837,5.837,258,131,127,43105,21274,21831,162.4,171.9,44.2,22.44,21.76,59078.29,64,64,0,0,0,0,0,351,0,0,Benign,None,Benign,0
3047,UE_7,tcp,413,-59.81,34.66,0.0742,0.0742,519,519,0,20760,20760,0,40,0,6994.61,6994.61,0,2238274.93,128,0,1024,0,0,0,0,0,519,100,SYNFlood,Hping3,Malicious,1
2810,UE_6,tcp,321,-50.72,39.2,2.728,2.728,50,18,32,27818,8343,19475,463.5,608.6,18.33,6.6,11.73,81577.71,64,64,65535,65535,0.0202,0.0101,0.0101,362,0,0,Benign,None,Benign,0
4907,UE_10,tcp,440.7,-54.86,39.6,33.12,33.12,18,9,9,652,292,360,32.4,40,0.54,0.27,0.27,157.49,64,64,512,16384,0.1664,0.0998,0.0666,128,0,0,SlowrateDoS,Slowloris,Malicious,1
2601,UE_6,tcp,321,-51.81,40.09,1.065,1.065,60,33,27,26600,10999,15601,333.3,577.8,56.34,30.99,25.35,199812.21,64,64,65535,65535,0.039,0.0195,0.0195,144,0,0,Benign,None,Benign,0
1878,UE_4,udp,116.4,-40.19,52.17,0.225,0.225,3,2,1,245,188,57,93.8,57.3,13.33,8.89,4.44,8711.11,64,64,0,0,0,0,0,309,1,0.05,Benign,None,Benign,0
1182,UE_3,udp,127.5,-41.83,51.98,3.995,3.995,268,136,132,45839,23637,22202,173.8,168.2,67.08,34.04,33.04,91792.74,64,64,0,0,0,0,0,511,0,0,Benign,None,Benign,0
1830,UE_4,udp,116.4,-39.89,52.91,0.166,0.166,2,1,1,137,89,48,89.2,48.4,12.05,6.02,6.02,6602.41,64,64,0,0,0,0,0,484,1,0.05,Benign,None,Benign,0
1074,UE_3,udp,127.5,-42.07,51.82,2.821,2.821,145,71,74,24222,12049,12173,169.7,164.5,51.4,25.17,26.23,68690.54,64,64,0,0,0,0,0,419,0,0,Benign,None,Benign,0
4514,UE_10,tcp,440.7,-53.5,38.6,29.24,29.24,20,15,5,707,507,200,33.8,40,0.68,0.51,0.17,193.43,64,64,512,16384,0.1122,0.0673,0.0449,128,0,0,SlowrateDoS,Slowloris,Malicious,1
843,UE_2,tcp,235.5,-52.41,41.19,3.853,3.853,432,39,393,522798,3331,519467,85.4,1321.8,112.12,10.12,102,1085487.67,64,64,131072,131072,0.0288,0.0144,0.0144,163,0,0,Benign,None,Benign,0
2619,UE_6,tcp,321,-51.21,40.39,1.402,1.402,50,24,26,26385,10925,15460,455.2,594.6,35.66,17.12,18.54,150556.35,64,64,65535,65535,0.0353,0.0177,0.0177,151,1,0.05,Benign,None,Benign,0
1848,UE_4,udp,116.4,-40.45,52.27,0.182,0.182,4,2,2,264,157,107,78.4,53.3,21.98,10.99,10.99,11604.4,64,64,0,0,0,0,0,197,0,0,Benign,None,Benign,0
2254,UE_5,tcp,309,-53.67,39.12,4.364,4.364,572,77,495,727628,4928,722700,64,1460,131.07,17.64,113.43,1333873.51,64,64,262144,262144,0.0189,0.0095,0.0095,158,1,0.05,Benign,None,Benign,0
834,UE_2,tcp,235.5,-52.33,41.15,5.599,5.599,511,73,438,638984,7300,631684,100,1442.2,91.27,13.04,78.23,912997.32,64,64,131072,131072,0.0217,0.0109,0.0109,399,0,0,Benign,None,Benign,0
1253,UE_3,udp,127.5,-42.27,50.42,2.263,2.263,166,83,83,28254,13629,14625,164.2,176.2,73.35,36.68,36.68,99881.57,64,64,0,0,0,0,0,380,1,0.05,Benign,None,Benign,0
1047,UE_3,udp,127.5,-41.05,51.41,1.045,1.045,142,73,69,23839,12571,11268,172.2,163.3,135.89,69.86,66.03,182499.52,64,64,0,0,0,0,0,251,0,0,Benign,None,Benign,0
877,UE_2,tcp,235.5,-52.2,40.68,5.132,5.132,296,43,253,355132,4145,350987,96.4,1387.3,57.68,8.38,49.3,553596.26,64,64,131072,131072,0.0202,0.0101,0.0101,378,0,0,Benign,None,Benign,0
4206,UE_9,tcp,409.2,-54.82,38.73,0.0044,0.0044,2,1,1,84,44,40,44,40,454.55,227.27,227.27,152727.27,56,55,1024,0,0.0146,0,0,0,0,0,SYNScan,Nmap,Malicious,1
4460,UE_9,tcp,409.2,-55.19,39.03,0.0048,0.0048,2,1,1,84,44,40,44,40,416.67,208.33,208.33,140000,53,55,1024,0,0.0103,0,0,0,0,0,SYNScan,Nmap,Malicious,1
4297,UE_9,tcp,409.2,-54.98,38.49,0.0043,0.0043,1,1,0,44,44,0,44,0,232.56,232.56,0,81860.47,49,0,1024,0,0,0,0,0,1,100,SYNScan,Nmap,Malicious,1
3389,UE_7,tcp,413,-60.53,33.34,0.0664,0.0664,239,239,0,9560,9560,0,40,0,3599.4,3599.4,0,1151807.23,128,0,1024,0,0,0,0,0,239,100,SYNFlood,Hping3,Malicious,1
2224,UE_5,tcp,309,-52.83,39.61,10.197,10.197,508,74,434,638376,4736,633640,64,1460,49.82,7.26,42.56,500834.36,64,64,262144,262144,0.0261,0.0131,0.0131,364,1,0.05,Benign,None,Benign,0
1774,UE_4,udp,116.4,-40.17,52.38,0.162,0.162,5,3,2,387,264,123,87.9,61.6,30.86,18.52,12.35,19111.11,64,64,0,0,0,0,0,140,1,0.05,Benign,None,Benign,0
4790,UE_10,tcp,440.7,-54.12,39.24,32.36,32.36,21,14,7,715,435,280,31.1,40,0.65,0.43,0.22,176.76,64,64,512,16384,0.1491,0.0895,0.0596,128,0,0,SlowrateDoS,Slowloris,Malicious,1
4890,UE_10,tcp,440.7,-53.81,39.35,47.89,47.89,22,12,10,814,414,400,34.5,40,0.46,0.25,0.21,135.98,64,64,512,16384,0.1396,0.0838,0.0558,128,0,0,SlowrateDoS,Slowloris,Malicious,1
1760,UE_4,udp,116.4,-40.48,51.95,0.153,0.153,4,3,1,283,227,56,75.7,55.7,26.14,19.61,6.54,14797.39,64,64,0,0,0,0,0,227,1,0.05,Benign,None,Benign,0
4518,UE_10,tcp,440.7,-53.58,38.34,62.15,62.15,24,12,12,788,308,480,25.7,40,0.39,0.19,0.19,101.43,64,64,512,16384,0.1916,0.115,0.0766,128,0,0,SlowrateDoS,Slowloris,Malicious,1
1466,UE_3,udp,127.5,-42.28,50.63,3.445,3.445,261,130,131,45751,23127,22624,177.9,172.7,75.76,37.74,38.03,106243.25,64,64,0,0,0,0,0,206,0,0,Benign,None,Benign,0
3585,UE_8,udp,403.8,-52.61,41.84,0.505,0.505,1491,1491,0,1206815,1206815,0,809.4,0,2952.48,2952.48,0,19117861.39,64,0,0,0,0,0,0,0,1193,80,UDPFlood,Hping3,Malicious,1
594,UE_2,tcp,235.5,-54.09,41.7,2.112,2.112,488,58,430,614160,6183,607977,106.6,1413.9,231.06,27.46,203.6,2326363.64,64,64,131072,131072,0.0103,0.0052,0.0052,145,0,0,Benign,None,Benign,0
1220,UE_3,udp,127.5,-41.68,50.94,4.252,4.252,255,126,129,44175,21445,22730,170.2,176.2,59.97,29.63,30.34,83113.83,64,64,0,0,0,0,0,234,0,0,Benign,None,Benign,0
3301,UE_7,tcp,413,-59.66,33.42,0.106,0.106,288,288,0,11520,11520,0,40,0,2716.98,2716.98,0,869433.96,128,0,1024,0,0,0,0,0,288,100,SYNFlood,Hping3,Malicious,1
779,UE_2,tcp,235.5,-52.6,41.69,5.952,5.952,190,36,154,216067,3316,212751,92.1,1381.5,31.92,6.05,25.87,290412.63,64,64,131072,131072,0.0258,0.0129,0.0129,364,1,0.05,Benign,None,Benign,0
3321,UE_7,tcp,413,-60.04,34.96,0.1038,0.1038,232,232,0,9280,9280,0,40,0,2235.07,2235.07,0,715221.58,128,0,1024,0,0,0,0,0,232,100,SYNFlood,Hping3,Malicious,1
3282,UE_7,tcp,413,-59.64,34.92,0.0458,0.0458,723,723,0,28920,28920,0,40,0,15786.03,15786.03,0,5051528.38,128,0,1024,0,0,0,0,0,723,100,SYNFlood,Hping3,Malicious,1
3105,UE_7,tcp,413,-60.13,34.51,0.0373,0.0373,857,857,0,34280,34280,0,40,0,22975.87,22975.87,0,7352278.82,128,0,1024,0,0,0,0,0,857,100,SYNFlood,Hping3,Malicious,1
3813,UE_8,udp,403.8,-51.71,41,0.587,0.587,1414,1414,0,794385,794385,0,561.8,0,2408.86,2408.86,0,10826371.38,64,0,0,0,0,0,0,0,1131,80,UDPFlood,Hping3,Malicious,1
901,UE_2,tcp,235.5,-52.53,40.88,2.244,2.244,452,36,416,548882,3964,544918,110.1,1309.9,201.43,16.04,185.38,1956798.57,64,64,131072,131072,0.0203,0.0102,0.0102,225,0,0,Benign,None,Benign,0
3254,UE_7,tcp,413,-59.85,34.19,0.0902,0.0902,369,369,0,14760,14760,0,40,0,4090.91,4090.91,0,1309090.91,128,0,1024,0,0,0,0,0,369,100,SYNFlood,Hping3,Malicious,1
4724,UE_10,tcp,440.7,-53.43,40.27,51.68,51.68,23,19,4,730,570,160,30,40,0.45,0.37,0.08,113,64,64,512,16384,0.082,0.0492,0.0328,128,0,0,SlowrateDoS,Slowloris,Malicious,1
4129,UE_9,tcp,409.2,-54.74,38.25,0.002,0.002,1,1,0,44,44,0,44,0,500,500,0,176000,58,0,1024,0,0,0,0,0,1,100,SYNScan,Nmap,Malicious,1
2369,UE_5,tcp,309,-53.13,40.24,7.167,7.167,643,88,555,815932,5632,810300,64,1460,89.72,12.28,77.44,910765.45,64,64,262144,262144,0.016,0.008,0.008,317,0,0,Benign,None,Benign,0
1185,UE_3,udp,127.5,-42.38,51.15,4.117,4.117,232,115,117,38548,19079,19469,165.9,166.4,56.35,27.93,28.42,74905.03,64,64,0,0,0,0,0,301,1,0.05,Benign,None,Benign,0
3905,UE_8,udp,403.8,-51.91,40.58,0.544,0.544,898,898,0,561609,561609,0,625.4,0,1650.74,1650.74,0,8258955.88,64,0,0,0,0,0,0,0,718,80,UDPFlood,Hping3,Malicious,1
2093,UE_5,tcp,309,-52.41,39.12,10.266,10.266,690,62,628,920848,3968,916880,64,1460,67.21,6.04,61.17,717590.49,64,64,262144,262144,0.0218,0.0109,0.0109,510,1,0.05,Benign,None,Benign,0
585,UE_2,tcp,235.5,-52.36,40.95,3.967,3.967,326,76,250,343626,8976,334650,118.1,1338.6,82.18,19.16,63.02,692968.99,64,64,131072,131072,0.0226,0.0113,0.0113,202,0,0,Benign,None,Benign,0
685,UE_2,tcp,235.5,-53.04,40.26,4.1,4.1,251,32,219,314874,3587,311287,112.1,1421.4,61.22,7.8,53.41,614388.29,64,64,131072,131072,0.0197,0.0099,0.0099,142,0,0,Benign,None,Benign,0
3800,UE_8,udp,403.8,-51.71,40.52,0.531,0.531,1494,1494,0,782258,782258,0,523.6,0,2813.56,2813.56,0,11785431.26,64,0,0,0,0,0,0,0,1195,80,UDPFlood,Hping3,Malicious,1
135,UE_1,tcp,146.1,-43.68,47.73,1.224,1.224,72,32,40,55006,5590,49416,174.7,1235.4,58.82,26.14,32.68,359516.34,64,64,65535,65535,0.0284,0.0142,0.0142,219,1,0.05,Benign,None,Benign,0
1006,UE_3,udp,127.5,-42.46,50.6,1.471,1.471,247,126,121,42304,20790,21514,165,177.8,167.91,85.66,82.26,230069.34,64,64,0,0,0,0,0,167,0,0,Benign,None,Benign,0
1743,UE_4,udp,116.4,-40.83,52.2,0.123,0.123,5,3,2,399,284,115,94.6,57.3,40.65,24.39,16.26,25951.22,64,64,0,0,0,0,0,318,0,0,Benign,None,Benign,0
2814,UE_6,tcp,321,-52.16,40.41,1.854,1.854,70,23,47,35386,8427,26959,366.4,573.6,37.76,12.41,25.35,152690.4,64,64,65535,65535,0.026,0.013,0.013,278,0,0,Benign,None,Benign,0
3137,UE_7,tcp,413,-59.22,32.85,0.0306,0.0306,636,636,0,25440,25440,0,40,0,20784.31,20784.31,0,6650980.39,128,0,1024,0,0,0,0,0,636,100,SYNFlood,Hping3,Malicious,1
3347,UE_7,tcp,413,-59.09,33.75,0.0698,0.0698,300,300,0,12000,12000,0,40,0,4297.99,4297.99,0,1375358.17,128,0,1024,0,0,0,0,0,300,100,SYNFlood,Hping3,Malicious,1
3497,UE_7,tcp,413,-59.58,34.66,0.0599,0.0599,387,387,0,15480,15480,0,40,0,6460.77,6460.77,0,2067445.74,128,0,1024,0,0,0,0,0,387,100,SYNFlood,Hping3,Malicious,1
3110,UE_7,tcp,413,-59.77,33.47,0.0178,0.0178,760,760,0,30400,30400,0,40,0,42696.63,42696.63,0,13662921.35,128,0,1024,0,0,0,0,0,760,100,SYNFlood,Hping3,Malicious,1
3042,UE_7,tcp,413,-59.89,33.42,0.1088,0.1088,699,699,0,27960,27960,0,40,0,6424.63,6424.63,0,2055882.35,128,0,1024,0,0,0,0,0,699,100,SYNFlood,Hping3,Malicious,1
291,UE_1,tcp,146.1,-43.59,47.61,1.686,1.686,79,28,51,58390,4488,53902,160.3,1056.9,46.86,16.61,30.25,277058.13,64,64,65535,65535,0.0303,0.0152,0.0152,230,0,0,Benign,None,Benign,0
1667,UE_4,udp,116.4,-40.13,52.31,0.239,0.239,4,2,2,281,172,109,86.1,54.3,16.74,8.37,8.37,9405.86,64,64,0,0,0,0,0,463,0,0,Benign,None,Benign,0
930,UE_2,tcp,235.5,-51.96,40.64,6.161,6.161,348,72,276,357974,6322,351652,87.8,1274.1,56.48,11.69,44.8,464825.84,64,64,131072,131072,0.0201,0.0101,0.0101,456,1,0.05,Benign,None,Benign,0
74,UE_1,tcp,146.1,-44.7,47.97,2.634,2.634,85,33,52,55159,5452,49707,165.2,955.9,32.27,12.53,19.74,167529.23,64,64,65535,65535,0.0225,0.0113,0.0113,433,0,0,Benign,None,Benign,0
268,UE_1,tcp,146.1,-44.72,47.7,2.572,2.572,54,19,35,36099,2852,33247,150.1,949.9,21,7.39,13.61,112283.05,64,64,65535,65535,0.0344,0.0172,0.0172,240,1,0.05,Benign,None,Benign,0
3005,UE_7,tcp,413,-60.08,34.24,0.0942,0.0942,387,387,0,15480,15480,0,40,0,4108.28,4108.28,0,1314649.68,128,0,1024,0,0,0,0,0,387,100,SYNFlood,Hping3,Malicious,1
2912,UE_6,tcp,321,-51.59,39.51,1.581,1.581,41,15,26,24662,6548,18114,436.5,696.7,25.93,9.49,16.45,124791.9,64,64,65535,65535,0.0203,0.0102,0.0102,356,1,0.05,Benign,None,Benign,0
4877,UE_10,tcp,440.7,-53.96,39.06,42.44,42.44,26,20,6,974,734,240,36.7,40,0.61,0.47,0.14,183.6,64,64,512,16384,0.1037,0.0622,0.0415,128,0,0,SlowrateDoS,Slowloris,Malicious,1
471,UE_1,tcp,146.1,-44,47.39,2.067,2.067,63,30,33,43379,5832,37547,194.4,1137.8,30.48,14.51,15.97,167891.63,64,64,65535,65535,0.0303,0.0152,0.0152,201,0,0,Benign,None,Benign,0
3199,UE_7,tcp,413,-59.57,34.27,0.0564,0.0564,805,805,0,32200,32200,0,40,0,14273.05,14273.05,0,4567375.89,128,0,1024,0,0,0,0,0,805,100,SYNFlood,Hping3,Malicious,1
589,UE_2,tcp,235.5,-52.61,40.61,7.861,7.861,277,64,213,276904,5734,271170,89.6,1273.1,35.24,8.14,27.1,281800.28,64,64,131072,131072,0.0182,0.0091,0.0091,508,0,0,Benign,None,Benign,0
940,UE_2,tcp,235.5,-52.8,41.41,7.47,7.47,402,31,371,526714,3085,523629,99.5,1411.4,53.82,4.15,49.67,564084.61,64,64,131072,131072,0.0291,0.0146,0.0146,383,0,0,Benign,None,Benign,0
2900,UE_6,tcp,321,-51.37,39.91,3.009,3.009,71,32,39,27208,10048,17160,314,440,23.6,10.63,12.96,72337.65,64,64,65535,65535,0.0345,0.0173,0.0173,496,0,0,Benign,None,Benign,0
1233,UE_3,udp,127.5,-41.86,51.27,5.397,5.397,111,53,58,19254,9185,10069,173.3,173.6,20.57,9.82,10.75,28540.3,64,64,0,0,0,0,0,267,0,0,Benign,None,Benign,0
4605,UE_10,tcp,440.7,-53.92,39.35,35.23,35.23,23,14,9,871,511,360,36.5,40,0.65,0.4,0.26,197.79,64,64,512,16384,0.0923,0.0554,0.0369,128,0,0,SlowrateDoS,Slowloris,Malicious,1
1434,UE_3,udp,127.5,-41.14,50.98,1.596,1.596,115,60,55,19323,10314,9009,171.9,163.8,72.06,37.59,34.46,96857.14,64,64,0,0,0,0,0,131,0,0,Benign,None,Benign,0
2333,UE_5,tcp,309,-52.64,39.88,10.021,10.021,724,65,659,966300,4160,962140,64,1460,72.25,6.49,65.76,771420.02,64,64,262144,262144,0.0184,0.0092,0.0092,140,1,0.05,Benign,None,Benign,0
1643,UE_4,udp,116.4,-40.82,51.78,0.157,0.157,4,2,2,235,139,96,69.4,48.2,25.48,12.74,12.74,11974.52,64,64,0,0,0,0,0,141,0,0,Benign,None,Benign,0
1827,UE_4,udp,116.4,-40.18,52.3,0.193,0.193,5,4,1,423,366,57,91.4,56.7,25.91,20.73,5.18,17533.68,64,64,0,0,0,0,0,510,0,0,Benign,None,Benign,0
2934,UE_6,tcp,321,-51.34,40.12,2.091,2.091,69,42,27,26655,14818,11837,352.8,438.4,33,20.09,12.91,101979.91,64,64,65535,65535,0.0405,0.0203,0.0203,331,0,0,Benign,None,Benign,0
432,UE_1,tcp,146.1,-43.31,48.34,3.003,3.003,51,24,27,33503,3744,29759,156,1102.2,16.98,7.99,8.99,89252.08,64,64,65535,65535,0.0379,0.019,0.019,360,0,0,Benign,None,Benign,0
1426,UE_3,udp,127.5,-41.96,51.51,5.023,5.023,253,124,129,42036,20944,21092,168.9,163.5,50.37,24.69,25.68,66949.63,64,64,0,0,0,0,0,310,1,0.05,Benign,None,Benign,0
1274,UE_3,udp,127.5,-43.02,50.43,2.089,2.089,146,75,71,25234,12908,12326,172.1,173.6,69.89,35.9,33.99,96635.71,64,64,0,0,0,0,0,292,1,0.05,Benign,None,Benign,0
3868,UE_8,udp,403.8,-51.89,41.14,0.254,0.254,2208,2208,0,1642310,1642310,0,743.8,0,8692.91,8692.91,0,51726299.21,64,0,0,0,0,0,0,0,1766,80,UDPFlood,Hping3,Malicious,1
3183,UE_7,tcp,413,-59.49,33.62,0.0988,0.0988,357,357,0,14280,14280,0,40,0,3613.36,3613.36,0,1156275.3,128,0,1024,0,0,0,0,0,357,100,SYNFlood,Hping3,Malicious,1
3919,UE_8,udp,403.8,-52.18,40.92,0.584,0.584,946,946,0,588317,588317,0,621.9,0,1619.86,1619.86,0,8059136.99,64,0,0,0,0,0,0,0,757,80,UDPFlood,Hping3,Malicious,1
3610,UE_8,udp,403.8,-52.42,41.69,0.481,0.481,1646,1646,0,1029902,1029902,0,625.7,0,3422.04,3422.04,0,17129347.19,64,0,0,0,0,0,0,0,1317,80,UDPFlood,Hping3,Malicious,1
4870,UE_10,tcp,440.7,-55.13,38.47,41.95,41.95,18,14,4,611,451,160,32.2,40,0.43,0.33,0.1,116.52,64,64,512,16384,0.1391,0.0835,0.0556,128,0,0,SlowrateDoS,Slowloris,Malicious,1
3872,UE_8,udp,403.8,-51.8,40.06,0.233,0.233,1813,1813,0,1290675,1290675,0,711.9,0,7781.12,7781.12,0,44315021.46,64,0,0,0,0,0,0,0,1450,80,UDPFlood,Hping3,Malicious,1
3030,UE_7,tcp,413,-59.51,33.57,0.072,0.072,611,611,0,24440,24440,0,40,0,8486.11,8486.11,0,2715555.56,128,0,1024,0,0,0,0,0,611,100,SYNFlood,Hping3,Malicious,1
2609,UE_6,tcp,321,-51.99,40.21,0.869,0.869,53,21,32,21666,7004,14662,333.5,458.2,60.99,24.17,36.82,199456.85,64,64,65535,65535,0.0298,0.0149,0.0149,391,0,0,Benign,None,Benign,0
2679,UE_6,tcp,321,-51.43,39.83,2.69,2.69,54,23,31,28165,8133,20032,353.6,646.2,20.07,8.55,11.52,83762.08,64,64,65535,65535,0.0381,0.0191,0.0191,220,0,0,Benign,None,Benign,0
4203,UE_9,tcp,409.2,-55.1,38.53,0.0044,0.0044,1,1,0,44,44,0,44,0,227.27,227.27,0,80000,55,0,1024,0,0,0,0,0,1,100,SYNScan,Nmap,Malicious,1
4763,UE_10,tcp,440.7,-53.94,39.48,59.75,59.75,30,18,12,1085,605,480,33.6,40,0.5,0.3,0.2,145.27,64,64,512,16384,0.1848,0.1109,0.0739,128,0,0,SlowrateDoS,Slowloris,Malicious,1
1932,UE_4,udp,116.4,-40.41,52.35,0.248,0.248,2,1,1,127,68,59,68.2,58.9,8.06,4.03,4.03,4096.77,64,64,0,0,0,0,0,326,1,0.05,Benign,None,Benign,0
2289,UE_5,tcp,309,-53.7,39.84,8.184,8.184,550,70,480,705280,4480,700800,64,1460,67.2,8.55,58.65,689423.26,64,64,262144,262144,0.0256,0.0128,0.0128,154,1,0.05,Benign,None,Benign,0
1828,UE_4,udp,116.4,-40.59,51.58,0.234,0.234,3,2,1,197,138,59,68.9,59.1,12.82,8.55,4.27,6735.04,64,64,0,0,0,0,0,279,1,0.05,Benign,None,Benign,0
2783,UE_6,tcp,321,-50.26,39.58,1.548,1.548,83,33,50,47361,13316,34045,403.5,680.9,53.62,21.32,32.3,244759.69,64,64,65535,65535,0.0397,0.0199,0.0199,442,0,0,Benign,None,Benign,0
341,UE_1,tcp,146.1,-44.67,48.35,4.424,4.424,78,26,52,62782,5759,57023,221.5,1096.6,17.63,5.88,11.75,113529.84,64,64,65535,65535,0.0166,0.0083,0.0083,209,1,0.05,Benign,None,Benign,0
139,UE_1,tcp,146.1,-43.95,48.5,0.948,0.948,39,17,22,31356,3453,27903,203.1,1268.3,41.14,17.93,23.21,264607.59,64,64,65535,65535,0.0162,0.0081,0.0081,462,0,0,Benign,None,Benign,0
1563,UE_4,udp,116.4,-39.84,51.93,0.241,0.241,3,1,2,190,86,104,85.8,52,12.45,4.15,8.3,6307.05,64,64,0,0,0,0,0,399,1,0.05,Benign,None,Benign,0
47,UE_1,tcp,146.1,-44.15,48.41,1.624,1.624,90,34,56,68816,6650,62166,195.6,1110.1,55.42,20.94,34.48,338995.07,64,64,65535,65535,0.0233,0.0117,0.0117,474,0,0,Benign,None,Benign,0
2337,UE_5,tcp,309,-52.66,39.38,6.627,6.627,867,100,767,1126220,6400,1119820,64,1460,130.83,15.09,115.74,1359553.34,64,64,262144,262144,0.0266,0.0133,0.0133,251,0,0,Benign,None,Benign,0
3728,UE_8,udp,403.8,-52.36,40.89,0.346,0.346,2176,2176,0,2117030,2117030,0,972.9,0,6289.02,6289.02,0,48948670.52,64,0,0,0,0,0,0,0,1741,80,UDPFlood,Hping3,Malicious,1
42,UE_1,tcp,146.1,-45.3,47.71,3.787,3.787,51,28,23,34184,4438,29746,158.5,1293.3,13.47,7.39,6.07,72213.36,64,64,65535,65535,0.0262,0.0131,0.0131,397,0,0,Benign,None,Benign,0
3654,UE_8,udp,403.8,-51.48,40.62,0.229,0.229,2141,2141,0,1400856,1400856,0,654.3,0,9349.34,9349.34,0,48938200.87,64,0,0,0,0,0,0,0,1713,80,UDPFlood,Hping3,Malicious,1
295,UE_1,tcp,146.1,-44.03,49.37,3.319,3.319,73,31,42,42332,7648,34684,246.7,825.8,21.99,9.34,12.65,102035.55,64,64,65535,65535,0.0301,0.0151,0.0151,296,0,0,Benign,None,Benign,0
288,UE_1,tcp,146.1,-44.46,48.02,3.417,3.417,64,35,29,41527,7571,33956,216.3,1170.9,18.73,10.24,8.49,97224.47,64,64,65535,65535,0.0405,0.0203,0.0203,216,0,0,Benign,None,Benign,0
1444,UE_3,udp,127.5,-42.78,51.37,2.63,2.63,209,106,103,37134,18656,18478,176,179.4,79.47,40.3,39.16,112955.13,64,64,0,0,0,0,0,356,0,0,Benign,None,Benign,0
1864,UE_4,udp,116.4,-40.28,52.28,0.148,0.148,3,2,1,236,180,56,89.8,55.7,20.27,13.51,6.76,12756.76,64,64,0,0,0,0,0,219,0,0,Benign,None,Benign,0
2102,UE_5,tcp,309,-52.74,40.51,11.121,11.121,461,61,400,587904,3904,584000,64,1460,41.45,5.49,35.97,422914.49,64,64,262144,262144,0.0134,0.0067,0.0067,223,1,0.05,Benign,None,Benign,0
885,UE_2,tcp,235.5,-52.36,41.26,6.43,6.43,450,80,370,536804,8888,527916,111.1,1426.8,69.98,12.44,57.54,667874.34,64,64,131072,131072,0.0143,0.0072,0.0072,373,0,0,Benign,None,Benign,0
1007,UE_3,udp,127.5,-41.93,50.21,5.234,5.234,222,110,112,38224,19789,18435,179.9,164.6,42.41,21.02,21.4,58424.15,64,64,0,0,0,0,0,444,0,0,Benign,None,Benign,0
4282,UE_9,tcp,409.2,-55.24,38.09,0.0023,0.0023,1,1,0,44,44,0,44,0,434.78,434.78,0,153043.48,49,0,1024,0,0,0,0,0,1,100,SYNScan,Nmap,Malicious,1
2816,UE_6,tcp,321,-51.49,39.76,1.428,1.428,39,18,21,21019,6392,14627,355.1,696.5,27.31,12.61,14.71,117753.5,64,64,65535,65535,0.0268,0.0134,0.0134,459,0,0,Benign,None,Benign,0
4171,UE_9,tcp,409.2,-54.63,39.43,0.0054,0.0054,1,1,0,44,44,0,44,0,185.19,185.19,0,65185.19,47,0,1024,0,0,0,0,0,1,100,SYNScan,Nmap,Malicious,1
1769,UE_4,udp,116.4,-40.65,51.38,0.107,0.107,3,2,1,190,129,61,64.7,60.6,28.04,18.69,9.35,14205.61,64,64,0,0,0,0,0,400,1,0.05,Benign,None,Benign,0
2799,UE_6,tcp,321,-50.93,39.72,1.357,1.357,53,18,35,28023,7726,20297,429.2,579.9,39.06,13.26,25.79,165205.6,64,64,65535,65535,0.0378,0.0189,0.0189,277,1,0.05,Benign,None,Benign,0
4837,UE_10,tcp,440.7,-53.51,39.65,63.34,63.34,23,11,12,851,371,480,33.7,40,0.36,0.17,0.19,107.48,64,64,512,16384,0.1918,0.1151,0.0767,128,0,0,SlowrateDoS,Slowloris,Malicious,1
782,UE_2,tcp,235.5,-51.85,41.05,5.096,5.096,226,63,163,220160,5179,214981,82.2,1318.9,44.35,12.36,31.99,345620.09,64,64,131072,131072,0.021,0.0105,0.0105,337,0,0,Benign,None,Benign,0
1541,UE_4,udp,116.4,-40.38,51.7,0.168,0.168,5,3,2,387,272,115,90.7,57.7,29.76,17.86,11.9,18428.57,64,64,0,0,0,0,0,429,0,0,Benign,None,Benign,0
4717,UE_10,tcp,440.7,-54.95,39.97,64.6,64.6,23,11,12,766,286,480,26,40,0.36,0.17,0.19,94.86,64,64,512,16384,0.2228,0.1337,0.0891,128,0,0,SlowrateDoS,Slowloris,Malicious,1
763,UE_2,tcp,235.5,-52.57,40.34,4.494,4.494,447,45,402,578229,3731,574498,82.9,1429.1,99.47,10.01,89.45,1029335.11,64,64,131072,131072,0.0151,0.0076,0.0076,423,1,0.05,Benign,None,Benign,0
1246,UE_3,udp,127.5,-41.55,51.77,1.057,1.057,185,93,92,32306,16721,15585,179.8,169.4,175.02,87.98,87.04,244510.88,64,64,0,0,0,0,0,240,0,0,Benign,None,Benign,0
4339,UE_9,tcp,409.2,-54.77,38.38,0.005,0.005,1,1,0,44,44,0,44,0,200,200,0,70400,53,0,1024,0,0,0,0,0,1,100,SYNScan,Nmap,Malicious,1
2851,UE_6,tcp,321,-50.66,40.22,2.654,2.654,68,42,26,32504,20908,11596,497.8,446,25.62,15.83,9.8,97977.39,64,64,65535,65535,0.035,0.0175,0.0175,193,1,0.05,Benign,None,Benign,0
1922,UE_4,udp,116.4,-39.88,52.27,0.061,0.061,3,1,2,198,91,107,90.9,53.5,49.18,16.39,32.79,25967.21,64,64,0,0,0,0,0,507,0,0,Benign,None,Benign,0
3214,UE_7,tcp,413,-58.99,33.18,0.0549,0.0549,708,708,0,28320,28320,0,40,0,12896.17,12896.17,0,4126775.96,128,0,1024,0,0,0,0,0,708,100,SYNFlood,Hping3,Malicious,1
923,UE_2,tcp,235.5,-51.74,41.38,5.233,5.233,345,41,304,411542,4182,407360,102,1340,65.93,7.83,58.09,629148.86,64,64,131072,131072,0.0213,0.0107,0.0107,363,1,0.05,Benign,None,Benign,0
4998,UE_10,tcp,440.7,-54.42,39.77,34.32,34.32,17,11,6,645,405,240,36.8,40,0.5,0.32,0.17,150.35,64,64,512,16384,0.1116,0.067,0.0446,128,0,0,SlowrateDoS,Slowloris,Malicious,1
1472,UE_3,udp,127.5,-42.17,50.86,1.661,1.661,119,61,58,20526,10132,10394,166.1,179.2,71.64,36.72,34.92,98860.93,64,64,0,0,0,0,0,186,0,0,Benign,None,Benign,0
4727,UE_10,tcp,440.7,-54.33,39.33,54.46,54.46,29,17,12,1060,580,480,34.1,40,0.53,0.31,0.22,155.71,64,64,512,16384,0.1272,0.0763,0.0509,128,0,0,SlowrateDoS,Slowloris,Malicious,1
1737,UE_4,udp,116.4,-41.4,52.65,0.061,0.061,4,2,2,308,183,125,91.5,62.7,65.57,32.79,32.79,40393.44,64,64,0,0,0,0,0,333,0,0,Benign,None,Benign,0
4962,UE_10,tcp,440.7,-54.04,39.81,43.77,43.77,20,14,6,663,423,240,30.2,40,0.46,0.32,0.14,121.18,64,64,512,16384,0.1652,0.0991,0.0661,128,0,0,SlowrateDoS,Slowloris,Malicious,1
1111,UE_3,udp,127.5,-42.86,50.78,3.546,3.546,203,103,100,35095,18355,16740,178.2,167.4,57.25,29.05,28.2,79176.54,64,64,0,0,0,0,0,146,0,0,Benign,None,Benign,0
401,UE_1,tcp,146.1,-44.46,48.47,1.821,1.821,78,24,54,72514,4085,68429,170.2,1267.2,42.83,13.18,29.65,318567.82,64,64,65535,65535,0.0357,0.0179,0.0179,286,0,0,Benign,None,Benign,0
1285,UE_3,udp,127.5,-42.18,51.62,4.82,4.82,298,150,148,49398,25230,24168,168.2,163.3,61.83,31.12,30.71,81988.38,64,64,0,0,0,0,0,283,1,0.05,Benign,None,Benign,0
395,UE_1,tcp,146.1,-44.73,47.99,0.881,0.881,54,21,33,32758,4979,27779,237.1,841.8,61.29,23.84,37.46,297461.98,64,64,65535,65535,0.0213,0.0107,0.0107,442,1,0.05,Benign,None,Benign,0
4663,UE_10,tcp,440.7,-54.15,39.67,43.9,43.9,18,13,5,604,404,200,31.1,40,0.41,0.3,0.11,110.07,64,64,512,16384,0.0928,0.0557,0.0371,128,0,0,SlowrateDoS,Slowloris,Malicious,1
3853,UE_8,udp,403.8,-51.24,41.74,0.41,0.41,1988,1988,0,1383250,1383250,0,695.8,0,4848.78,4848.78,0,26990243.9,64,0,0,0,0,0,0,0,1590,80,UDPFlood,Hping3,Malicious,1
633,UE_2,tcp,235.5,-53.43,41.37,9.119,9.119,369,60,309,395473,4866,390607,81.1,1264.1,40.46,6.58,33.89,346944.18,64,64,131072,131072,0.0192,0.0096,0.0096,446,1,0.05,Benign,None,Benign,0
1697,UE_4,udp,116.4,-40.73,52.08,0.053,0.053,4,2,2,254,144,110,72.1,54.9,75.47,37.74,37.74,38339.62,64,64,0,0,0,0,0,458,0,0,Benign,None,Benign,0
1416,UE_3,udp,127.5,-40.7,51.1,3.452,3.452,109,57,52,18392,9656,8736,169.4,168,31.58,16.51,15.06,42623.41,64,64,0,0,0,0,0,358,0,0,Benign,None,Benign,0
2154,UE_5,tcp,309,-53.5,39.76,12.3,12.3,668,92,576,846848,5888,840960,64,1460,54.31,7.48,46.83,550795.45,64,64,262144,262144,0.0244,0.0122,0.0122,232,0,0,Benign,None,Benign,0
2053,UE_5,tcp,309,-53.23,40.48,4.93,4.93,517,100,417,615220,6400,608820,64,1460,104.87,20.28,84.58,998328.6,64,64,262144,262144,0.0212,0.0106,0.0106,348,0,0,Benign,None,Benign,0
2058,UE_5,tcp,309,-53.65,39.99,8.153,8.153,786,45,741,1084740,2880,1081860,64,1460,96.41,5.52,90.89,1064383.66,64,64,262144,262144,0.0245,0.0123,0.0123,316,1,0.05,Benign,None,Benign,0
4996,UE_10,tcp,440.7,-54.7,39.16,64.05,64.05,31,20,11,994,554,440,27.7,40,0.48,0.31,0.17,124.15,64,64,512,16384,0.1462,0.0877,0.0585,128,0,0,SlowrateDoS,Slowloris,Malicious,1
4011,UE_9,tcp,409.2,-54.79,38.51,0.0021,0.0021,1,1,0,44,44,0,44,0,476.19,476.19,0,167619.05,48,0,1024,0,0,0,0,0,1,100,SYNScan,Nmap,Malicious,1
393,UE_1,tcp,146.1,-44.37,48.05,0.545,0.545,62,30,32,39634,4620,35014,154,1094.2,113.76,55.05,58.72,581783.49,64,64,65535,65535,0.0269,0.0135,0.0135,139,0,0,Benign,None,Benign,0
4864,UE_10,tcp,440.7,-54.84,39.74,28.31,28.31,22,12,10,837,437,400,36.4,40,0.78,0.42,0.35,236.52,64,64,512,16384,0.1889,0.1133,0.0756,128,0,0,SlowrateDoS,Slowloris,Malicious,1
220,UE_1,tcp,146.1,-44.54,47.49,2.893,2.893,49,17,32,30184,3813,26371,224.3,824.1,16.94,5.88,11.06,83467.68,64,64,65535,65535,0.0421,0.0211,0.0211,308,0,0,Benign,None,Benign,0
3132,UE_7,tcp,413,-59.86,34.34,0.0762,0.0762,323,323,0,12920,12920,0,40,0,4238.85,4238.85,0,1356430.45,128,0,1024,0,0,0,0,0,323,100,SYNFlood,Hping3,Malicious,1
4231,UE_9,tcp,409.2,-55.94,38.56,0.0018,0.0018,1,1,0,44,44,0,44,0,555.56,555.56,0,195555.56,53,0,1024,0,0,0,0,0,1,100,SYNScan,Nmap,Malicious,1
2545,UE_6,tcp,321,-52.12,39.78,1.643,1.643,72,31,41,28608,11408,17200,368,419.5,43.82,18.87,24.95,139296.41,64,64,65535,65535,0.0326,0.0163,0.0163,486,1,0.05,Benign,None,Benign,0
1240,UE_3,udp,127.5,-41.89,51.67,3.365,3.365,297,147,150,51171,26166,25005,178,166.7,88.26,43.68,44.58,121654.68,64,64,0,0,0,0,0,170,0,0,Benign,None,Benign,0
4719,UE_10,tcp,440.7,-54.1,40.39,48.71,48.71,30,19,11,1175,735,440,38.7,40,0.62,0.39,0.23,192.98,64,64,512,16384,0.0901,0.0541,0.036,128,0,0,SlowrateDoS,Slowloris,Malicious,1
2351,UE_5,tcp,309,-52.7,39.57,12.318,12.318,745,73,672,985792,4672,981120,64,1460,60.48,5.93,54.55,640228.61,64,64,262144,262144,0.022,0.011,0.011,393,0,0,Benign,None,Benign,0
4609,UE_10,tcp,440.7,-54.39,39.74,38.78,38.78,27,15,12,912,432,480,28.8,40,0.7,0.39,0.31,188.14,64,64,512,16384,0.2196,0.1318,0.0878,128,0,0,SlowrateDoS,Slowloris,Malicious,1
2043,UE_5,tcp,309,-54.14,39.7,10.729,10.729,750,83,667,979132,5312,973820,64,1460,69.9,7.74,62.17,730082.58,64,64,262144,262144,0.0248,0.0124,0.0124,163,0,0,Benign,None,Benign,0
337,UE_1,tcp,146.1,-44.94,48.45,4.496,4.496,68,18,50,65603,4153,61450,230.7,1229,15.12,4,11.12,116731.32,64,64,65535,65535,0.0449,0.0225,0.0225,153,0,0,Benign,None,Benign,0
3922,UE_8,udp,403.8,-52.97,40.15,0.457,0.457,1439,1439,0,1469075,1469075,0,1020.9,0,3148.8,3148.8,0,25716849.02,64,0,0,0,0,0,0,0,1151,80,UDPFlood,Hping3,Malicious,1
1096,UE_3,udp,127.5,-41.93,51.62,2.044,2.044,255,128,127,43585,20966,22619,163.8,178.1,124.76,62.62,62.13,170587.08,64,64,0,0,0,0,0,460,0,0,Benign,None,Benign,0
2480,UE_5,tcp,309,-53.33,40.09,11.201,11.201,454,95,359,530220,6080,524140,64,1460,40.53,8.48,32.05,378694.76,64,64,262144,262144,0.0136,0.0068,0.0068,421,1,0.05,Benign,None,Benign,0
1327,UE_3,udp,127.5,-41.96,51.12,5.334,5.334,294,146,148,48661,24966,23695,171,160.1,55.12,27.37,27.75,72982.38,64,64,0,0,0,0,0,504,0,0,Benign,None,Benign,0
2658,UE_6,tcp,321,-50.7,39.81,1.529,1.529,61,29,32,27303,14106,13197,486.4,412.4,39.9,18.97,20.93,142854.15,64,64,65535,65535,0.0371,0.0186,0.0186,131,0,0,Benign,None,Benign,0
1471,UE_3,udp,127.5,-41.81,50.65,4.142,4.142,221,108,113,38199,19192,19007,177.7,168.2,53.36,26.07,27.28,73778.85,64,64,0,0,0,0,0,185,0,0,Benign,None,Benign,0
701,UE_2,tcp,235.5,-52.36,40.98,3.048,3.048,220,60,160,204442,5994,198448,99.9,1240.3,72.18,19.69,52.49,536593.18,64,64,131072,131072,0.0137,0.0069,0.0069,388,1,0.05,Benign,None,Benign,0
3845,UE_8,udp,403.8,-51.86,39.93,0.212,0.212,2302,2302,0,2002740,2002740,0,870,0,10858.49,10858.49,0,75575094.34,64,0,0,0,0,0,0,0,1842,80,UDPFlood,Hping3,Malicious,1
3561,UE_8,udp,403.8,-52.51,40.45,0.337,0.337,2083,2083,0,2099456,2099456,0,1007.9,0,6181.01,6181.01,0,49838718.1,64,0,0,0,0,0,0,0,1666,80,UDPFlood,Hping3,Malicious,1
2742,UE_6,tcp,321,-51.77,40.2,0.986,0.986,53,24,29,24754,8784,15970,366,550.7,53.75,24.34,29.41,200843.81,64,64,65535,65535,0.0271,0.0136,0.0136,364,1,0.05,Benign,None,Benign,0
648,UE_2,tcp,235.5,-51.54,41.19,6.437,6.437,503,75,428,528019,6030,521989,80.4,1219.6,78.14,11.65,66.49,656229.92,64,64,131072,131072,0.015,0.0075,0.0075,268,1,0.05,Benign,None,Benign,0
419,UE_1,tcp,146.1,-43.14,48.8,1.959,1.959,65,26,39,49279,4394,44885,169,1150.9,33.18,13.27,19.91,201241.45,64,64,65535,65535,0.0317,0.0159,0.0159,352,1,0.05,Benign,None,Benign,0
3320,UE_7,tcp,413,-59.91,33.99,0.0764,0.0764,815,815,0,32600,32600,0,40,0,10667.54,10667.54,0,3413612.57,128,0,1024,0,0,0,0,0,815,100,SYNFlood,Hping3,Malicious,1
3855,UE_8,udp,403.8,-52.2,40.87,0.371,0.371,746,746,0,550100,550100,0,737.4,0,2010.78,2010.78,0,11861994.61,64,0,0,0,0,0,0,0,597,80,UDPFlood,Hping3,Malicious,1
3404,UE_7,tcp,413,-60.34,34.07,0.0152,0.0152,457,457,0,18280,18280,0,40,0,30065.79,30065.79,0,9621052.63,128,0,1024,0,0,0,0,0,457,100,SYNFlood,Hping3,Malicious,1
434,UE_1,tcp,146.1,-44.63,48.33,3.857,3.857,53,13,40,35455,2031,33424,156.2,835.6,13.74,3.37,10.37,73539.02,64,64,65535,65535,0.0322,0.0161,0.0161,314,0,0,Benign,None,Benign,0
2644,UE_6,tcp,321,-51.1,39.25,0.949,0.949,74,27,47,38159,9404,28755,348.3,611.8,77.98,28.45,49.53,321677.56,64,64,65535,65535,0.0276,0.0138,0.0138,144,0,0,Benign,None,Benign,0
4187,UE_9,tcp,409.2,-55.4,39,0.0046,0.0046,1,1,0,44,44,0,44,0,217.39,217.39,0,76521.74,59,0,1024,0,0,0,0,0,1,100,SYNScan,Nmap,Malicious,1
3306,UE_7,tcp,413,-59.24,34.14,0.0595,0.0595,468,468,0,18720,18720,0,40,0,7865.55,7865.55,0,2516974.79,128,0,1024,0,0,0,0,0,468,100,SYNFlood,Hping3,Malicious,1
4029,UE_9,tcp,409.2,-55.34,38.39,0.0027,0.0027,2,1,1,84,44,40,44,40,740.74,370.37,370.37,248888.89,57,55,1024,0,0.0144,0,0,0,0,0,SYNScan,Nmap,Malicious,1
1802,UE_4,udp,116.4,-40.06,52.2,0.13,0.13,3,2,1,216,167,49,83.6,48.5,23.08,15.38,7.69,13292.31,64,64,0,0,0,0,0,362,1,0.05,Benign,None,Benign,0
3212,UE_7,tcp,413,-60.71,34.07,0.0787,0.0787,593,593,0,23720,23720,0,40,0,7534.94,7534.94,0,2411181.7,128,0,1024,0,0,0,0,0,593,100,SYNFlood,Hping3,Malicious,1
2922,UE_6,tcp,321,-51.39,40.67,1.507,1.507,57,33,24,22410,12570,9840,380.9,410,37.82,21.9,15.93,118964.83,64,64,65535,65535,0.0254,0.0127,0.0127,366,1,0.05,Benign,None,Benign,0
287,UE_1,tcp,146.1,-44.59,47.67,0.5,0.5,61,20,41,55857,3110,52747,155.5,1286.5,122,40,82,893712,64,64,65535,65535,0.0218,0.0109,0.0109,177,1,0.05,Benign,None,Benign,0
3416,UE_7,tcp,413,-60.01,34.68,0.0363,0.0363,519,519,0,20760,20760,0,40,0,14297.52,14297.52,0,4575206.61,128,0,1024,0,0,0,0,0,519,100,SYNFlood,Hping3,Malicious,1
3369,UE_7,tcp,413,-59.53,33.67,0.1009,0.1009,529,529,0,21160,21160,0,40,0,5242.81,5242.81,0,1677700.69,128,0,1024,0,0,0,0,0,529,100,SYNFlood,Hping3,Malicious,1
2563,UE_6,tcp,321,-50.92,40.22,1.65,1.65,51,21,30,24163,8860,15303,421.9,510.1,30.91,12.73,18.18,117153.94,64,64,65535,65535,0.0368,0.0184,0.0184,277,1,0.05,Benign,None,Benign,0
4692,UE_10,tcp,440.7,-54.02,39.43,54.03,54.03,29,18,11,922,482,440,26.8,40,0.54,0.33,0.2,136.52,64,64,512,16384,0.1096,0.0658,0.0438,128,0,0,SlowrateDoS,Slowloris,Malicious,1
1680,UE_4,udp,116.4,-39.95,51.46,0.188,0.188,4,2,2,246,134,112,67.2,56,21.28,10.64,10.64,10468.09,64,64,0,0,0,0,0,488,0,0,Benign,None,Benign,0
3863,UE_8,udp,403.8,-52.21,40.56,0.441,0.441,1681,1681,0,1402290,1402290,0,834.2,0,3811.79,3811.79,0,25438367.35,64,0,0,0,0,0,0,0,1345,80,UDPFlood,Hping3,Malicious,1
4924,UE_10,tcp,440.7,-53.42,38.88,34.48,34.48,23,19,4,816,656,160,34.5,40,0.67,0.55,0.12,189.33,64,64,512,16384,0.1759,0.1055,0.0704,128,0,0,SlowrateDoS,Slowloris,Malicious,1
57,UE_1,tcp,146.1,-44.56,48.52,1.016,1.016,39,13,26,31261,2131,29130,163.9,1120.4,38.39,12.8,25.59,246149.61,64,64,65535,65535,0.0205,0.0103,0.0103,220,0,0,Benign,None,Benign,0
4517,UE_10,tcp,440.7,-53.61,38.98,38.42,38.42,15,11,4,546,386,160,35.1,40,0.39,0.29,0.1,113.69,64,64,512,16384,0.1686,0.1012,0.0674,128,0,0,SlowrateDoS,Slowloris,Malicious,1
4235,UE_9,tcp,409.2,-55.19,38.89,0.0049,0.0049,1,1,0,44,44,0,44,0,204.08,204.08,0,71836.73,46,0,1024,0,0,0,0,0,1,100,SYNScan,Nmap,Malicious,1
172,UE_1,tcp,146.1,-44.6,48.17,3.577,3.577,47,10,37,31936,1981,29955,198.1,809.6,13.14,2.8,10.34,71425.22,64,64,65535,65535,0.0228,0.0114,0.0114,446,1,0.05,Benign,None,Benign,0
2450,UE_5,tcp,309,-52.92,39.54,9.715,9.715,745,46,699,1023484,2944,1020540,64,1460,76.69,4.73,71.95,842807.21,64,64,262144,262144,0.0212,0.0106,0.0106,128,1,0.05,Benign,None,Benign,0
4560,UE_10,tcp,440.7,-53.92,38.99,60.55,60.55,16,8,8,632,312,320,39,40,0.26,0.13,0.13,83.5,64,64,512,16384,0.2083,0.125,0.0833,128,0,0,SlowrateDoS,Slowloris,Malicious,1
614,UE_2,tcp,235.5,-52.41,41.33,3.165,3.165,408,65,343,502424,7235,495189,111.3,1443.7,128.91,20.54,108.37,1269950.08,64,64,131072,131072,0.0238,0.0119,0.0119,242,0,0,Benign,None,Benign,0
2537,UE_6,tcp,321,-52.05,40.46,1.717,1.717,47,16,31,20762,6397,14365,399.8,463.4,27.37,9.32,18.05,96736.17,64,64,65535,65535,0.0243,0.0122,0.0122,394,0,0,Benign,None,Benign,0
3338,UE_7,tcp,413,-59.33,34.15,0.0854,0.0854,610,610,0,24400,24400,0,40,0,7142.86,7142.86,0,2285714.29,128,0,1024,0,0,0,0,0,610,100,SYNFlood,Hping3,Malicious,1
3111,UE_7,tcp,413,-58.98,34.37,0.0756,0.0756,313,313,0,12520,12520,0,40,0,4140.21,4140.21,0,1324867.72,128,0,1024,0,0,0,0,0,313,100,SYNFlood,Hping3,Malicious,1
4895,UE_10,tcp,440.7,-53.67,39.23,35.79,35.79,29,17,12,1112,632,480,37.2,40,0.81,0.47,0.34,248.56,64,64,512,16384,0.1891,0.1135,0.0756,128,0,0,SlowrateDoS,Slowloris,Malicious,1
162,UE_1,tcp,146.1,-44.54,49.28,3.868,3.868,68,23,45,56647,3655,52992,158.9,1177.6,17.58,5.95,11.63,117160.29,64,64,65535,65535,0.0188,0.0094,0.0094,484,0,0,Benign,None,Benign,0
376,UE_1,tcp,146.1,-44.69,47.22,0.63,0.63,68,27,41,40666,4328,36338,160.3,886.3,107.94,42.86,65.08,516393.65,64,64,65535,65535,0.032,0.016,0.016,357,1,0.05,Benign,None,Benign,0
2192,UE_5,tcp,309,-53.35,39.83,10.343,10.343,501,72,429,630948,4608,626340,64,1460,48.44,6.96,41.48,488019.34,64,64,262144,262144,0.0167,0.0084,0.0084,223,0,0,Benign,None,Benign,0
668,UE_2,tcp,235.5,-51.45,41.42,9.468,9.468,245,47,198,291007,4818,286189,102.5,1445.4,25.88,4.96,20.91,245886.78,64,64,131072,131072,0.0101,0.0051,0.0051,304,0,0,Benign,None,Benign,0
4135,UE_9,tcp,409.2,-55.5,37.99,0.0024,0.0024,1,1,0,44,44,0,44,0,416.67,416.67,0,146666.67,52,0,1024,0,0,0,0,0,1,100,SYNScan,Nmap,Malicious,1
4245,UE_9,tcp,409.2,-54.45,39.52,0.004,0.004,1,1,0,44,44,0,44,0,250,250,0,88000,46,0,1024,0,0,0,0,0,1,100,SYNScan,Nmap,Malicious,1
1634,UE_4,udp,116.4,-40.6,53.31,0.09,0.09,5,4,1,337,283,54,70.7,53.9,55.56,44.44,11.11,29955.56,64,64,0,0,0,0,0,435,0,0,Benign,None,Benign,0
3558,UE_8,udp,403.8,-52.2,41.69,0.468,0.468,1654,1654,0,984792,984792,0,595.4,0,3534.19,3534.19,0,16834051.28,64,0,0,0,0,0,0,0,1323,80,UDPFlood,Hping3,Malicious,1
4814,UE_10,tcp,440.7,-54.31,39.88,30.7,30.7,31,20,11,1052,612,440,30.6,40,1.01,0.65,0.36,274.14,64,64,512,16384,0.0809,0.0485,0.0324,128,0,0,SlowrateDoS,Slowloris,Malicious,1
2613,UE_6,tcp,321,-51.52,40.83,1.275,1.275,58,37,21,23991,14656,9335,396.1,444.5,45.49,29.02,16.47,150531.76,64,64,65535,65535,0.0308,0.0154,0.0154,356,0,0,Benign,None,Benign,0
1531,UE_4,udp,116.4,-40.71,52.29,0.196,0.196,3,1,2,177,77,100,77.3,50,15.31,5.1,10.2,7224.49,64,64,0,0,0,0,0,175,1,0.05,Benign,None,Benign,0
1125,UE_3,udp,127.5,-41.77,50.76,1.641,1.641,156,76,80,26238,12654,13584,166.5,169.8,95.06,46.31,48.75,127912.25,64,64,0,0,0,0,0,207,0,0,Benign,None,Benign,0
2071,UE_5,tcp,309,-53.01,39.8,6.806,6.806,382,43,339,497692,2752,494940,64,1460,56.13,6.32,49.81,585003.82,64,64,262144,262144,0.0126,0.0063,0.0063,285,1,0.05,Benign,None,Benign,0
806,UE_2,tcp,235.5,-52.28,40.85,3.937,3.937,347,38,309,424803,3481,421322,91.6,1363.5,88.14,9.65,78.49,863201.42,64,64,131072,131072,0.0124,0.0062,0.0062,235,1,0.05,Benign,None,Benign,0
841,UE_2,tcp,235.5,-51.99,42.38,4.359,4.359,246,30,216,286844,2739,284105,91.3,1315.3,56.43,6.88,49.55,526440.01,64,64,131072,131072,0.0134,0.0067,0.0067,296,0,0,Benign,None,Benign,0
4855,UE_10,tcp,440.7,-54.03,39.35,47.48,47.48,25,16,9,837,477,360,29.8,40,0.53,0.34,0.19,141.03,64,64,512,16384,0.0914,0.0548,0.0366,128,0,0,SlowrateDoS,Slowloris,Malicious,1
2863,UE_6,tcp,321,-51.12,39.02,2.977,2.977,58,25,33,28884,10493,18391,419.7,557.3,19.48,8.4,11.08,77619.08,64,64,65535,65535,0.038,0.019,0.019,351,0,0,Benign,None,Benign,0
2509,UE_6,tcp,321,-51.19,39.64,0.998,0.998,58,33,25,25965,13190,12775,399.7,511,58.12,33.07,25.05,208136.27,64,64,65535,65535,0.0401,0.0201,0.0201,144,0,0,Benign,None,Benign,0
1790,UE_4,udp,116.4,-40.39,52.12,0.2,0.2,3,1,2,185,67,118,66.6,59.1,15,5,10,7400,64,64,0,0,0,0,0,413,1,0.05,Benign,None,Benign,0
2011,UE_5,tcp,309,-53.12,40.71,10.622,10.622,990,98,892,1308592,6272,1302320,64,1460,93.2,9.23,83.98,985571.08,64,64,262144,262144,0.0183,0.0092,0.0092,144,0,0,Benign,None,Benign,0
3284,UE_7,tcp,413,-58.81,33.58,0.076,0.076,532,532,0,21280,21280,0,40,0,7000,7000,0,2240000,128,0,1024,0,0,0,0,0,532,100,SYNFlood,Hping3,Malicious,1
2020,UE_5,tcp,309,-53.61,39.72,8.6,8.6,587,42,545,798388,2688,795700,64,1460,68.26,4.88,63.37,742686.51,64,64,262144,262144,0.0182,0.0091,0.0091,301,1,0.05,Benign,None,Benign,0
971,UE_2,tcp,235.5,-51.98,40.48,3.405,3.405,439,51,388,524871,5029,519842,98.6,1339.8,128.93,14.98,113.95,1233177.09,64,64,131072,131072,0.0299,0.015,0.015,422,0,0,Benign,None,Benign,0
346,UE_1,tcp,146.1,-45.47,48.49,3.136,3.136,70,15,55,52986,3579,49407,238.6,898.3,22.32,4.78,17.54,135168.37,64,64,65535,65535,0.0371,0.0186,0.0186,467,1,0.05,Benign,None,Benign,0
1080,UE_3,udp,127.5,-41.6,50.47,4.581,4.581,171,84,87,29358,14011,15347,166.8,176.4,37.33,18.34,18.99,51269.16,64,64,0,0,0,0,0,212,0,0,Benign,None,Benign,0
4337,UE_9,tcp,409.2,-55.22,38.9,0.0029,0.0029,1,1,0,44,44,0,44,0,344.83,344.83,0,121379.31,53,0,1024,0,0,0,0,0,1,100,SYNScan,Nmap,Malicious,1
4861,UE_10,tcp,440.7,-53.24,39.58,36.78,36.78,27,15,12,1044,564,480,37.6,40,0.73,0.41,0.33,227.08,64,64,512,16384,0.1222,0.0733,0.0489,128,0,0,SlowrateDoS,Slowloris,Malicious,1
3967,UE_8,udp,403.8,-52.13,40.53,0.457,0.457,1756,1756,0,1484522,1484522,0,845.4,0,3842.45,3842.45,0,25987256.02,64,0,0,0,0,0,0,0,1405,80,UDPFlood,Hping3,Malicious,1
4227,UE_9,tcp,409.2,-54.83,38.93,0.006,0.006,2,1,1,84,44,40,44,40,333.33,166.67,166.67,112000,60,55,1024,0,0.0083,0,0,0,0,0,SYNScan,Nmap,Malicious,1
1058,UE_3,udp,127.5,-42.53,51.63,4.884,4.884,225,113,112,38502,18656,19846,165.1,177.2,46.07,23.14,22.93,63066.34,64,64,0,0,0,0,0,437,0,0,Benign,None,Benign,0
2562,UE_6,tcp,321,-51.99,39.47,0.95,0.95,50,22,28,24156,10976,13180,498.9,470.7,52.63,23.16,29.47,203418.95,64,64,65535,65535,0.026,0.013,0.013,144,0,0,Benign,None,Benign,0
1217,UE_3,udp,127.5,-41.87,51.98,1.302,1.302,251,125,126,42066,21125,20941,169,166.2,192.78,96.01,96.77,258470.05,64,64,0,0,0,0,0,503,0,0,Benign,None,Benign,0
4216,UE_9,tcp,409.2,-55.25,38.74,0.0044,0.0044,1,1,0,44,44,0,44,0,227.27,227.27,0,80000,60,0,1024,0,0,0,0,0,1,100,SYNScan,Nmap,Malicious,1
3350,UE_7,tcp,413,-60.15,34.38,0.1057,0.1057,922,922,0,36880,36880,0,40,0,8722.8,8722.8,0,2791296.12,128,0,1024,0,0,0,0,0,922,100,SYNFlood,Hping3,Malicious,1
2623,UE_6,tcp,321,-52.22,39.24,2.249,2.249,72,41,31,31709,12669,19040,309,614.2,32.01,18.23,13.78,112793.24,64,64,65535,65535,0.0432,0.0216,0.0216,402,0,0,Benign,None,Benign,0
1264,UE_3,udp,127.5,-42.29,52.01,5.084,5.084,156,80,76,26034,13160,12874,164.5,169.4,30.68,15.74,14.95,40966.17,64,64,0,0,0,0,0,428,0,0,Benign,None,Benign,0
1269,UE_3,udp,127.5,-43.11,51.8,4.827,4.827,271,134,137,43907,21480,22427,160.3,163.7,56.14,27.76,28.38,72769.01,64,64,0,0,0,0,0,380,0,0,Benign,None,Benign,0
4587,UE_10,tcp,440.7,-54,39.88,30.17,30.17,29,18,11,984,544,440,30.2,40,0.96,0.6,0.36,260.92,64,64,512,16384,0.0965,0.0579,0.0386,128,0,0,SlowrateDoS,Slowloris,Malicious,1
2769,UE_6,tcp,321,-51.67,39.76,1.153,1.153,49,27,22,23951,12196,11755,451.7,534.3,42.5,23.42,19.08,166182.13,64,64,65535,65535,0.0377,0.0189,0.0189,388,1,0.05,Benign,None,Benign,0
1831,UE_4,udp,116.4,-41.3,50.89,0.124,0.124,3,1,2,178,74,104,74.3,52.2,24.19,8.06,16.13,11483.87,64,64,0,0,0,0,0,409,0,0,Benign,None,Benign,0
1818,UE_4,udp,116.4,-40.97,51.85,0.143,0.143,4,3,1,258,194,64,64.6,63.8,27.97,20.98,6.99,14433.57,64,64,0,0,0,0,0,365,0,0,Benign,None,Benign,0
1441,UE_3,udp,127.5,-42.56,51.98,2.922,2.922,235,117,118,40121,19247,20874,164.5,176.9,80.42,40.04,40.38,109845.31,64,64,0,0,0,0,0,135,0,0,Benign,None,Benign,0
98,UE_1,tcp,146.1,-44.32,48.13,1.047,1.047,72,34,38,46427,5729,40698,168.5,1071,68.77,32.47,36.29,354743.08,64,64,65535,65535,0.0412,0.0206,0.0206,163,1,0.05,Benign,None,Benign,0
2534,UE_6,tcp,321,-50.31,39.58,2.763,2.763,53,15,38,32071,6284,25787,418.9,678.6,19.18,5.43,13.75,92858.49,64,64,65535,65535,0.0272,0.0136,0.0136,158,0,0,Benign,None,Benign,0
259,UE_1,tcp,146.1,-44.77,49.11,4.067,4.067,78,21,57,77016,3942,73074,187.7,1282,19.18,5.16,14.02,151494.47,64,64,65535,65535,0.0177,0.0089,0.0089,248,1,0.05,Benign,None,Benign,0
3785,UE_8,udp,403.8,-51.68,40.99,0.143,0.143,978,978,0,779564,779564,0,797.1,0,6839.16,6839.16,0,43611972.03,64,0,0,0,0,0,0,0,782,80,UDPFlood,Hping3,Malicious,1
1396,UE_3,udp,127.5,-42,51.17,4.22,4.22,224,111,113,38447,19192,19255,172.9,170.4,53.08,26.3,26.78,72885.31,64,64,0,0,0,0,0,376,0,0,Benign,None,Benign,0
1981,UE_4,udp,116.4,-41.01,52.86,0.057,0.057,4,2,2,243,134,109,67,54.6,70.18,35.09,35.09,34105.26,64,64,0,0,0,0,0,405,1,0.05,Benign,None,Benign,0
2967,UE_6,tcp,321,-51.81,38.76,2.804,2.804,58,34,24,30117,16000,14117,470.6,588.2,20.68,12.13,8.56,85925.82,64,64,65535,65535,0.0402,0.0201,0.0201,388,0,0,Benign,None,Benign,0
1077,UE_3,udp,127.5,-41.63,51.12,3.039,3.039,239,121,118,41651,21284,20367,175.9,172.6,78.64,39.82,38.83,109643.96,64,64,0,0,0,0,0,401,0,0,Benign,None,Benign,0
3816,UE_8,udp,403.8,-51.74,40.33,0.252,0.252,1281,1281,0,1189793,1189793,0,928.8,0,5083.33,5083.33,0,37771206.35,64,0,0,0,0,0,0,0,1025,80,UDPFlood,Hping3,Malicious,1
814,UE_2,tcp,235.5,-52.84,40.8,4.317,4.317,228,59,169,225871,5174,220697,87.7,1305.9,52.81,13.67,39.15,418570.3,64,64,131072,131072,0.0287,0.0144,0.0144,249,1,0.05,Benign,None,Benign,0
3008,UE_7,tcp,413,-59.09,34.47,0.0614,0.0614,674,674,0,26960,26960,0,40,0,10977.2,10977.2,0,3512703.58,128,0,1024,0,0,0,0,0,674,100,SYNFlood,Hping3,Malicious,1
1346,UE_3,udp,127.5,-41.36,51.62,3.844,3.844,216,106,110,37791,19069,18722,179.9,170.2,56.19,27.58,28.62,78649.32,64,64,0,0,0,0,0,268,0,0,Benign,None,Benign,0
479,UE_1,tcp,146.1,-44.33,47.72,1.741,1.741,75,23,52,63536,5150,58386,223.9,1122.8,43.08,13.21,29.87,291951.75,64,64,65535,65535,0.0197,0.0099,0.0099,394,0,0,Benign,None,Benign,0
2202,UE_5,tcp,309,-53.08,39.32,11.674,11.674,834,76,758,1111544,4864,1106680,64,1460,71.44,6.51,64.93,761722.8,64,64,262144,262144,0.0264,0.0132,0.0132,228,0,0,Benign,None,Benign,0
4994,UE_10,tcp,440.7,-54.04,38.97,26.21,26.21,23,11,12,908,428,480,38.9,40,0.88,0.42,0.46,277.15,64,64,512,16384,0.1267,0.076,0.0507,128,0,0,SlowrateDoS,Slowloris,Malicious,1
1875,UE_4,udp,116.4,-40.11,52.26,0.087,0.087,4,2,2,259,158,101,78.8,50.4,45.98,22.99,22.99,23816.09,64,64,0,0,0,0,0,204,0,0,Benign,None,Benign,0
4871,UE_10,tcp,440.7,-53.65,39.64,52.4,52.4,19,14,5,726,526,200,37.6,40,0.36,0.27,0.1,110.84,64,64,512,16384,0.1313,0.0788,0.0525,128,0,0,SlowrateDoS,Slowloris,Malicious,1
2988,UE_6,tcp,321,-51.66,40.17,2.011,2.011,56,15,41,29855,5669,24186,377.9,589.9,27.85,7.46,20.39,118766.78,64,64,65535,65535,0.0352,0.0176,0.0176,512,1,0.05,Benign,None,Benign,0
605,UE_2,tcp,235.5,-52.35,40.2,8.82,8.82,453,40,413,576967,3764,573203,94.1,1387.9,51.36,4.54,46.83,523326.08,64,64,131072,131072,0.0164,0.0082,0.0082,413,0,0,Benign,None,Benign,0
3225,UE_7,tcp,413,-60.06,34.14,0.013,0.013,448,448,0,17920,17920,0,40,0,34461.54,34461.54,0,11027692.31,128,0,1024,0,0,0,0,0,448,100,SYNFlood,Hping3,Malicious,1
4468,UE_9,tcp,409.2,-55,39,0.0035,0.0035,1,1,0,44,44,0,44,0,285.71,285.71,0,100571.43,53,0,1024,0,0,0,0,0,1,100,SYNScan,Nmap,Malicious,1
2470,UE_5,tcp,309,-52.97,39.06,9.593,9.593,978,96,882,1293864,6144,1287720,64,1460,101.95,10.01,91.94,1079006.78,64,64,262144,262144,0.0155,0.0078,0.0078,371,0,0,Benign,None,Benign,0
3885,UE_8,udp,403.8,-52.69,40.79,0.423,0.423,1551,1551,0,823116,823116,0,530.7,0,3666.67,3666.67,0,15567205.67,64,0,0,0,0,0,0,0,1241,80,UDPFlood,Hping3,Malicious,1
248,UE_1,tcp,146.1,-43.71,47.13,2.257,2.257,88,32,56,74533,4998,69535,156.2,1241.7,38.99,14.18,24.81,264184.32,64,64,65535,65535,0.0284,0.0142,0.0142,170,1,0.05,Benign,None,Benign,0
4459,UE_9,tcp,409.2,-55.69,38.92,0.0039,0.0039,1,1,0,44,44,0,44,0,256.41,256.41,0,90256.41,49,0,1024,0,0,0,0,0,1,100,SYNScan,Nmap,Malicious,1
3887,UE_8,udp,403.8,-52.71,40.42,0.418,0.418,1805,1805,0,1086249,1086249,0,601.8,0,4318.18,4318.18,0,20789454.55,64,0,0,0,0,0,0,0,1444,80,UDPFlood,Hping3,Malicious,1
3480,UE_7,tcp,413,-59.31,34.21,0.1002,0.1002,360,360,0,14400,14400,0,40,0,3592.81,3592.81,0,1149700.6,128,0,1024,0,0,0,0,0,360,100,SYNFlood,Hping3,Malicious,1
3383,UE_7,tcp,413,-59.63,34.56,0.0396,0.0396,918,918,0,36720,36720,0,40,0,23181.82,23181.82,0,7418181.82,128,0,1024,0,0,0,0,0,918,100,SYNFlood,Hping3,Malicious,1
3220,UE_7,tcp,413,-59.6,34.15,0.0299,0.0299,528,528,0,21120,21120,0,40,0,17658.86,17658.86,0,5650836.12,128,0,1024,0,0,0,0,0,528,100,SYNFlood,Hping3,Malicious,1
2049,UE_5,tcp,309,-52.26,40.43,5.693,5.693,754,100,654,961240,6400,954840,64,1460,132.44,17.57,114.88,1350767.61,64,64,262144,262144,0.0222,0.0111,0.0111,404,0,0,Benign,None,Benign,0
429,UE_1,tcp,146.1,-44.41,48.96,4.43,4.43,65,12,53,48039,2136,45903,178,866.1,14.67,2.71,11.96,86752.14,64,64,65535,65535,0.0282,0.0141,0.0141,493,0,0,Benign,None,Benign,0
4654,UE_10,tcp,440.7,-54.48,38.94,46.92,46.92,26,19,7,894,614,280,32.3,40,0.55,0.4,0.15,152.43,64,64,512,16384,0.0807,0.0484,0.0323,128,0,0,SlowrateDoS,Slowloris,Malicious,1
2969,UE_6,tcp,321,-51.82,39.32,2.803,2.803,73,43,30,32307,18972,13335,441.2,444.5,26.04,15.34,10.7,92206.92,64,64,65535,65535,0.0373,0.0187,0.0187,390,0,0,Benign,None,Benign,0
2775,UE_6,tcp,321,-51.54,40.86,2.658,2.658,62,15,47,36713,5660,31053,377.3,660.7,23.33,5.64,17.68,110498.12,64,64,65535,65535,0.021,0.0105,0.0105,237,0,0,Benign,None,Benign,0
2130,UE_5,tcp,309,-52.79,39.37,12.457,12.457,851,81,770,1129384,5184,1124200,64,1460,68.32,6.5,61.81,725300.79,64,64,262144,262144,0.0175,0.0088,0.0088,243,0,0,Benign,None,Benign,0
2829,UE_6,tcp,321,-51.69,38.51,2.838,2.838,69,31,38,39197,13646,25551,440.2,672.4,24.31,10.92,13.39,110491.9,64,64,65535,65535,0.0223,0.0112,0.0112,465,0,0,Benign,None,Benign,0
293,UE_1,tcp,146.1,-44.5,48.48,1.842,1.842,90,35,55,71697,7704,63993,220.1,1163.5,48.86,19,29.86,311387.62,64,64,65535,65535,0.0319,0.016,0.016,203,0,0,Benign,None,Benign,0
3714,UE_8,udp,403.8,-52.37,40.4,0.41,0.41,1193,1193,0,995081,995081,0,834.1,0,2909.76,2909.76,0,19416214.63,64,0,0,0,0,0,0,0,954,80,UDPFlood,Hping3,Malicious,1
1419,UE_3,udp,127.5,-42.94,50.44,1.481,1.481,160,78,82,27144,12589,14555,161.4,177.5,108.04,52.67,55.37,146625.25,64,64,0,0,0,0,0,352,1,0.05,Benign,None,Benign,0
4467,UE_9,tcp,409.2,-55.63,39.19,0.0051,0.0051,1,1,0,44,44,0,44,0,196.08,196.08,0,69019.61,46,0,1024,0,0,0,0,0,1,100,SYNScan,Nmap,Malicious,1
4308,UE_9,tcp,409.2,-55.07,38.69,0.0059,0.0059,1,1,0,44,44,0,44,0,169.49,169.49,0,59661.02,54,0,1024,0,0,0,0,0,1,100,SYNScan,Nmap,Malicious,1
4656,UE_10,tcp,440.7,-54.82,39.56,55.69,55.69,21,11,10,699,299,400,27.2,40,0.38,0.2,0.18,100.41,64,64,512,16384,0.1935,0.1161,0.0774,128,0,0,SlowrateDoS,Slowloris,Malicious,1
2916,UE_6,tcp,321,-50.71,40.55,2.537,2.537,39,15,24,14672,4902,9770,326.8,407.1,15.37,5.91,9.46,46265.67,64,64,65535,65535,0.0229,0.0115,0.0115,473,1,0.05,Benign,None,Benign,0
2550,UE_6,tcp,321,-51.54,40.87,1.279,1.279,53,19,34,23923,5784,18139,304.4,533.5,41.44,14.86,26.58,149635.65,64,64,65535,65535,0.0447,0.0224,0.0224,336,0,0,Benign,None,Benign,0
420,UE_1,tcp,146.1,-44.78,48.95,0.728,0.728,77,29,48,59924,5310,54614,183.1,1137.8,105.77,39.84,65.93,658505.49,64,64,65535,65535,0.0269,0.0135,0.0135,136,0,0,Benign,None,Benign,0
910,UE_2,tcp,235.5,-52.93,40.28,7.276,7.276,473,50,423,597475,5275,592200,105.5,1400,65.01,6.87,58.14,656926.88,64,64,131072,131072,0.0174,0.0087,0.0087,487,0,0,Benign,None,Benign,0
52,UE_1,tcp,146.1,-44.3,48.83,1.489,1.489,46,21,25,32730,5153,27577,245.4,1103.1,30.89,14.1,16.79,175849.56,64,64,65535,65535,0.0219,0.011,0.011,491,1,0.05,Benign,None,Benign,0
1838,UE_4,udp,116.4,-40.79,52.22,0.242,0.242,5,4,1,402,348,54,87,53.6,20.66,16.53,4.13,13289.26,64,64,0,0,0,0,0,260,0,0,Benign,None,Benign,0
893,UE_2,tcp,235.5,-53.18,41.34,8.544,8.544,284,59,225,295111,5198,289913,88.1,1288.5,33.24,6.91,26.33,276321.16,64,64,131072,131072,0.0195,0.0098,0.0098,272,1,0.05,Benign,None,Benign,0
1660,UE_4,udp,116.4,-41.07,52.18,0.191,0.191,4,3,1,331,276,55,92,55.4,20.94,15.71,5.24,13863.87,64,64,0,0,0,0,0,439,0,0,Benign,None,Benign,0
4550,UE_10,tcp,440.7,-53.98,40.33,29.61,29.61,26,14,12,897,417,480,29.8,40,0.88,0.47,0.41,242.35,64,64,512,16384,0.1242,0.0745,0.0497,128,0,0,SlowrateDoS,Slowloris,Malicious,1
3784,UE_8,udp,403.8,-51.77,41.57,0.475,0.475,1934,1934,0,1945411,1945411,0,1005.9,0,4071.58,4071.58,0,32764816.84,64,0,0,0,0,0,0,0,1547,80,UDPFlood,Hping3,Malicious,1
579,UE_2,tcp,235.5,-52.58,41.7,6.763,6.763,348,75,273,380132,7815,372317,104.2,1363.8,51.46,11.09,40.37,449660.8,64,64,131072,131072,0.0183,0.0092,0.0092,294,1,0.05,Benign,None,Benign,0
4349,UE_9,tcp,409.2,-55.7,38.72,0.0037,0.0037,1,1,0,44,44,0,44,0,270.27,270.27,0,95135.14,45,0,1024,0,0,0,0,0,1,100,SYNScan,Nmap,Malicious,1
757,UE_2,tcp,235.5,-52.29,40.99,5.523,5.523,450,75,375,516263,7463,508800,99.5,1356.8,81.48,13.58,67.9,747800.83,64,64,131072,131072,0.0165,0.0083,0.0083,378,1,0.05,Benign,None,Benign,0
2585,UE_6,tcp,321,-51.52,39.38,1.573,1.573,53,21,32,29163,7121,22042,339.1,688.8,33.69,13.35,20.34,148317.86,64,64,65535,65535,0.0239,0.012,0.012,364,0,0,Benign,None,Benign,0
888,UE_2,tcp,235.5,-52.43,41.27,5.114,5.114,334,45,289,415983,4302,411681,95.6,1424.5,65.31,8.8,56.51,650736.02,64,64,131072,131072,0.0286,0.0143,0.0143,161,1,0.05,Benign,None,Benign,0
3774,UE_8,udp,403.8,-52.22,40.69,0.198,0.198,1730,1730,0,1765984,1765984,0,1020.8,0,8737.37,8737.37,0,71352888.89,64,0,0,0,0,0,0,0,1384,80,UDPFlood,Hping3,Malicious,1
4527,UE_10,tcp,440.7,-54.01,39.1,54.97,54.97,19,14,5,647,447,200,31.9,40,0.35,0.25,0.09,94.16,64,64,512,16384,0.0801,0.0481,0.032,128,0,0,SlowrateDoS,Slowloris,Malicious,1
700,UE_2,tcp,235.5,-51.68,40.99,5.924,5.924,427,36,391,563891,3236,560655,89.9,1433.9,72.08,6.08,66,761500.34,64,64,131072,131072,0.0282,0.0141,0.0141,486,0,0,Benign,None,Benign,0
377,UE_1,tcp,146.1,-44.73,48.78,1.539,1.539,72,35,37,37000,6468,30532,184.8,825.2,46.78,22.74,24.04,192332.68,64,64,65535,65535,0.0166,0.0083,0.0083,443,1,0.05,Benign,None,Benign,0
3721,UE_8,udp,403.8,-52.2,40.35,0.519,0.519,2500,2500,0,1692750,1692750,0,677.1,0,4816.96,4816.96,0,26092485.55,64,0,0,0,0,0,0,0,2000,80,UDPFlood,Hping3,Malicious,1
4453,UE_9,tcp,409.2,-55.89,39.42,0.0041,0.0041,1,1,0,44,44,0,44,0,243.9,243.9,0,85853.66,52,0,1024,0,0,0,0,0,1,100,SYNScan,Nmap,Malicious,1
981,UE_2,tcp,235.5,-53.2,40.74,3.679,3.679,236,60,176,233175,4938,228237,82.3,1296.8,64.15,16.31,47.84,507039.96,64,64,131072,131072,0.0244,0.0122,0.0122,326,0,0,Benign,None,Benign,0
2109,UE_5,tcp,309,-52.16,40.02,7.927,7.927,921,94,827,1213436,6016,1207420,64,1460,116.19,11.86,104.33,1224610.57,64,64,262144,262144,0.0127,0.0064,0.0064,420,0,0,Benign,None,Benign,0
3614,UE_8,udp,403.8,-52.71,40.52,0.4,0.4,900,900,0,836550,836550,0,929.5,0,2250,2250,0,16731000,64,0,0,0,0,0,0,0,720,80,UDPFlood,Hping3,Malicious,1
911,UE_2,tcp,235.5,-51.82,41.33,4.168,4.168,275,44,231,284142,5025,279117,114.2,1208.3,65.98,10.56,55.42,545378.12,64,64,131072,131072,0.0115,0.0058,0.0058,456,0,0,Benign,None,Benign,0
4868,UE_10,tcp,440.7,-53.77,39.26,31.99,31.99,21,13,8,732,412,320,31.7,40,0.66,0.41,0.25,183.06,64,64,512,16384,0.2012,0.1207,0.0805,128,0,0,SlowrateDoS,Slowloris,Malicious,1
436,UE_1,tcp,146.1,-44.96,49.06,0.809,0.809,39,14,25,28755,2272,26483,162.3,1059.3,48.21,17.31,30.9,284351.05,64,64,65535,65535,0.0224,0.0112,0.0112,452,0,0,Benign,None,Benign,0
1002,UE_3,udp,127.5,-42.51,52.43,4.279,4.279,195,100,95,33779,17220,16559,172.2,174.3,45.57,23.37,22.2,63153.07,64,64,0,0,0,0,0,354,0,0,Benign,None,Benign,0
4043,UE_9,tcp,409.2,-54.65,38.77,0.0052,0.0052,2,1,1,84,44,40,44,40,384.62,192.31,192.31,129230.77,53,55,1024,0,0.0111,0,0,0,0,0,SYNScan,Nmap,Malicious,1
2515,UE_6,tcp,321,-51.31,39.15,1.846,1.846,68,41,27,34618,16982,17636,414.2,653.2,36.84,22.21,14.63,150023.84,64,64,65535,65535,0.043,0.0215,0.0215,307,1,0.05,Benign,None,Benign,0
4099,UE_9,tcp,409.2,-54.96,39.43,0.0047,0.0047,2,1,1,84,44,40,44,40,425.53,212.77,212.77,142978.72,56,55,1024,0,0.0144,0,0,0,0,0,SYNScan,Nmap,Malicious,1
97,UE_1,tcp,146.1,-44.93,48.62,2.239,2.239,69,16,53,64485,3678,60807,229.9,1147.3,30.82,7.15,23.67,230406.43,64,64,65535,65535,0.0232,0.0116,0.0116,318,1,0.05,Benign,None,Benign,0
3255,UE_7,tcp,413,-59.87,33.87,0.0176,0.0176,684,684,0,27360,27360,0,40,0,38863.64,38863.64,0,12436363.64,128,0,1024,0,0,0,0,0,684,100,SYNFlood,Hping3,Malicious,1
1252,UE_3,udp,127.5,-43.09,51.41,4.31,4.31,197,97,100,33401,15821,17580,163.1,175.8,45.71,22.51,23.2,61997.22,64,64,0,0,0,0,0,252,0,0,Benign,None,Benign,0
4794,UE_10,tcp,440.7,-53.88,39.36,30.35,30.35,15,11,4,488,328,160,29.8,40,0.49,0.36,0.13,128.63,64,64,512,16384,0.1183,0.071,0.0473,128,0,0,SlowrateDoS,Slowloris,Malicious,1
4444,UE_9,tcp,409.2,-55.88,38.35,0.0012,0.0012,1,1,0,44,44,0,44,0,833.33,833.33,0,293333.33,59,0,1024,0,0,0,0,0,1,100,SYNScan,Nmap,Malicious,1
1133,UE_3,udp,127.5,-42.08,51.6,2.022,2.022,285,144,141,46286,23472,22814,163,161.8,140.95,71.22,69.73,183129.57,64,64,0,0,0,0,0,472,1,0.05,Benign,None,Benign,0
886,UE_2,tcp,235.5,-53.47,40.95,5.55,5.55,367,59,308,423689,4809,418880,81.5,1360,66.13,10.63,55.5,610722.88,64,64,131072,131072,0.0266,0.0133,0.0133,325,1,0.05,Benign,None,Benign,0
4022,UE_9,tcp,409.2,-55.57,38.52,0.0013,0.0013,1,1,0,44,44,0,44,0,769.23,769.23,0,270769.23,54,0,1024,0,0,0,0,0,1,100,SYNScan,Nmap,Malicious,1
580,UE_2,tcp,235.5,-53.16,40.76,3.892,3.892,411,40,371,497736,3712,494024,92.8,1331.6,105.6,10.28,95.32,1023095.58,64,64,131072,131072,0.0133,0.0067,0.0067,134,1,0.05,Benign,None,Benign,0
319,UE_1,tcp,146.1,-44.04,48.8,0.834,0.834,36,10,26,26332,2391,23941,239.1,920.8,43.17,11.99,31.18,252585.13,64,64,65535,65535,0.0256,0.0128,0.0128,326,0,0,Benign,None,Benign,0
3032,UE_7,tcp,413,-59.98,34.05,0.0192,0.0192,967,967,0,38680,38680,0,40,0,50364.58,50364.58,0,16116666.67,128,0,1024,0,0,0,0,0,967,100,SYNFlood,Hping3,Malicious,1
205,UE_1,tcp,146.1,-44.64,48.99,1.455,1.455,81,21,60,53587,4771,48816,227.2,813.6,55.67,14.43,41.24,294636.43,64,64,65535,65535,0.017,0.0085,0.0085,466,1,0.05,Benign,None,Benign,0
917,UE_2,tcp,235.5,-51.95,41.62,5.072,5.072,360,67,293,427989,5688,422301,84.9,1441.3,70.98,13.21,57.77,675061.51,64,64,131072,131072,0.0191,0.0096,0.0096,283,1,0.05,Benign,None,Benign,0
4494,UE_9,tcp,409.2,-55.06,39.35,0.0047,0.0047,1,1,0,44,44,0,44,0,212.77,212.77,0,74893.62,49,0,1024,0,0,0,0,0,1,100,SYNScan,Nmap,Malicious,1
3452,UE_7,tcp,413,-59.96,33.76,0.0222,0.0222,744,744,0,29760,29760,0,40,0,33513.51,33513.51,0,10724324.32,128,0,1024,0,0,0,0,0,744,100,SYNFlood,Hping3,Malicious,1
848,UE_2,tcp,235.5,-52.49,40.79,5.766,5.766,400,74,326,467285,7918,459367,107,1409.1,69.37,12.83,56.54,648331.6,64,64,131072,131072,0.0232,0.0116,0.0116,180,1,0.05,Benign,None,Benign,0
1100,UE_3,udp,127.5,-41.49,50.89,4.287,4.287,137,69,68,23557,12344,11213,178.9,164.9,31.96,16.1,15.86,43959.88,64,64,0,0,0,0,0,185,0,0,Benign,None,Benign,0
3712,UE_8,udp,403.8,-52.45,41.33,0.314,0.314,1881,1881,0,1543361,1543361,0,820.5,0,5990.45,5990.45,0,39321299.36,64,0,0,0,0,0,0,0,1505,80,UDPFlood,Hping3,Malicious,1
4180,UE_9,tcp,409.2,-55.27,38.42,0.0043,0.0043,1,1,0,44,44,0,44,0,232.56,232.56,0,81860.47,54,0,1024,0,0,0,0,0,1,100,SYNScan,Nmap,Malicious,1
2804,UE_6,tcp,321,-51.1,40.13,0.942,0.942,65,37,28,28569,15333,13236,414.4,472.7,69,39.28,29.72,242624.2,64,64,65535,65535,0.041,0.0205,0.0205,359,1,0.05,Benign,None,Benign,0
4909,UE_10,tcp,440.7,-54.47,38.99,25.82,25.82,15,11,4,452,292,160,26.5,40,0.58,0.43,0.15,140.05,64,64,512,16384,0.1344,0.0806,0.0538,128,0,0,SlowrateDoS,Slowloris,Malicious,1
501,UE_2,tcp,235.5,-52.47,41.07,4.676,4.676,265,56,209,267178,6283,260895,112.2,1248.3,56.67,11.98,44.7,457105.22,64,64,131072,131072,0.0117,0.0059,0.0059,316,0,0,Benign,None,Benign,0
2712,UE_6,tcp,321,-50.83,39.06,1.532,1.532,60,23,37,25320,10150,15170,441.3,410,39.16,15.01,24.15,132219.32,64,64,65535,65535,0.0342,0.0171,0.0171,358,0,0,Benign,None,Benign,0
494,UE_1,tcp,146.1,-44.86,48.2,0.504,0.504,71,11,60,69818,1916,67902,174.2,1131.7,140.87,21.83,119.05,1108222.22,64,64,65535,65535,0.0402,0.0201,0.0201,175,0,0,Benign,None,Benign,0
3249,UE_7,tcp,413,-59.87,33.99,0.0627,0.0627,215,215,0,8600,8600,0,40,0,3429.03,3429.03,0,1097288.68,128,0,1024,0,0,0,0,0,215,100,SYNFlood,Hping3,Malicious,1
327,UE_1,tcp,146.1,-44.58,49.35,2.736,2.736,47,18,29,31935,3332,28603,185.1,986.3,17.18,6.58,10.6,93377.19,64,64,65535,65535,0.0171,0.0086,0.0086,294,1,0.05,Benign,None,Benign,0
954,UE_2,tcp,235.5,-52.78,40.7,3.368,3.368,378,32,346,491966,3552,488414,111,1411.6,112.23,9.5,102.73,1168565.32,64,64,131072,131072,0.0199,0.01,0.01,135,1,0.05,Benign,None,Benign,0
3351,UE_7,tcp,413,-60.09,33.91,0.0464,0.0464,297,297,0,11880,11880,0,40,0,6400.86,6400.86,0,2048275.86,128,0,1024,0,0,0,0,0,297,100,SYNFlood,Hping3,Malicious,1
2094,UE_5,tcp,309,-52.84,40.16,7.34,7.34,458,55,403,591900,3520,588380,64,1460,62.4,7.49,54.9,645122.62,64,64,262144,262144,0.0141,0.0071,0.0071,159,0,0,Benign,None,Benign,0
747,UE_2,tcp,235.5,-52.36,41.57,6.683,6.683,399,57,342,423077,5153,417924,90.4,1222,59.7,8.53,51.17,506451.59,64,64,131072,131072,0.0124,0.0062,0.0062,264,0,0,Benign,None,Benign,0
897,UE_2,tcp,235.5,-52.49,40.78,9.976,9.976,305,51,254,334356,5528,328828,108.4,1294.6,30.57,5.11,25.46,268128.31,64,64,131072,131072,0.0267,0.0134,0.0134,345,0,0,Benign,None,Benign,0
3729,UE_8,udp,403.8,-52.29,40.47,0.573,0.573,1970,1970,0,1654209,1654209,0,839.7,0,3438.05,3438.05,0,23095413.61,64,0,0,0,0,0,0,0,1576,80,UDPFlood,Hping3,Malicious,1
2223,UE_5,tcp,309,-52.24,40.92,7.336,7.336,772,46,726,1062904,2944,1059960,64,1460,105.23,6.27,98.96,1159110.14,64,64,262144,262144,0.0269,0.0135,0.0135,430,0,0,Benign,None,Benign,0
3979,UE_8,udp,403.8,-52,40.55,0.109,0.109,512,512,0,315597,315597,0,616.4,0,4697.25,4697.25,0,23163082.57,64,0,0,0,0,0,0,0,410,80,UDPFlood,Hping3,Malicious,1
2252,UE_5,tcp,309,-52.94,40.02,10.739,10.739,561,99,462,680856,6336,674520,64,1460,52.24,9.22,43.02,507202.53,64,64,262144,262144,0.0225,0.0113,0.0113,392,0,0,Benign,None,Benign,0
448,UE_1,tcp,146.1,-44.15,48.37,4.086,4.086,35,15,20,25315,3543,21772,236.2,1088.6,8.57,3.67,4.89,49564.37,64,64,65535,65535,0.0417,0.0209,0.0209,284,0,0,Benign,None,Benign,0
2085,UE_5,tcp,309,-53.53,40.21,3.717,3.717,727,69,658,965096,4416,960680,64,1460,195.59,18.56,177.02,2077150.39,64,64,262144,262144,0.0157,0.0079,0.0079,259,1,0.05,Benign,None,Benign,0
1666,UE_4,udp,116.4,-40.84,51.61,0.161,0.161,2,1,1,156,96,60,95.7,60.1,12.42,6.21,6.21,7751.55,64,64,0,0,0,0,0,427,0,0,Benign,None,Benign,0
512,UE_2,tcp,235.5,-52.32,40.61,5.793,5.793,376,41,335,433754,3346,430408,81.6,1284.8,64.91,7.08,57.83,599004.32,64,64,131072,131072,0.0194,0.0097,0.0097,198,1,0.05,Benign,None,Benign,0
838,UE_2,tcp,235.5,-51.97,41.61,2.177,2.177,336,62,274,349171,5630,343541,90.8,1253.8,154.34,28.48,125.86,1283127.24,64,64,131072,131072,0.0231,0.0116,0.0116,222,0,0,Benign,None,Benign,0
4617,UE_10,tcp,440.7,-54.12,38.62,27.46,27.46,20,12,8,754,434,320,36.2,40,0.73,0.44,0.29,219.66,64,64,512,16384,0.1552,0.0931,0.0621,128,0,0,SlowrateDoS,Slowloris,Malicious,1
878,UE_2,tcp,235.5,-51.71,40.41,9.362,9.362,354,32,322,410305,3651,406654,114.1,1262.9,37.81,3.42,34.39,350613.12,64,64,131072,131072,0.0275,0.0138,0.0138,321,0,0,Benign,None,Benign,0
821,UE_2,tcp,235.5,-52.77,41.35,4.921,4.921,420,61,359,446604,5716,440888,93.7,1228.1,85.35,12.4,72.95,726037.8,64,64,131072,131072,0.0114,0.0057,0.0057,133,0,0,Benign,None,Benign,0
1181,UE_3,udp,127.5,-42.04,51.62,1.66,1.66,196,100,96,32338,16690,15648,166.9,163,118.07,60.24,57.83,155845.78,64,64,0,0,0,0,0,475,0,0,Benign,None,Benign,0
4214,UE_9,tcp,409.2,-55.95,38.4,0.0012,0.0012,2,1,1,84,44,40,44,40,1666.67,833.33,833.33,560000,60,55,1024,0,0.0062,0,0,0,0,0,SYNScan,Nmap,Malicious,1
1761,UE_4,udp,116.4,-41.07,51.53,0.066,0.066,4,2,2,250,133,117,66.7,58.3,60.61,30.3,30.3,30303.03,64,64,0,0,0,0,0,463,1,0.05,Benign,None,Benign,0
1091,UE_3,udp,127.5,-41.91,51.23,2.423,2.423,259,132,127,43926,23377,20549,177.1,161.8,106.89,54.48,52.41,145030.13,64,64,0,0,0,0,0,395,0,0,Benign,None,Benign,0
2222,UE_5,tcp,309,-52.41,38.99,11.305,11.305,677,48,629,921412,3072,918340,64,1460,59.89,4.25,55.64,652038.57,64,64,262144,262144,0.0227,0.0114,0.0114,213,0,0,Benign,None,Benign,0
4338,UE_9,tcp,409.2,-55.02,38.55,0.005,0.005,1,1,0,44,44,0,44,0,200,200,0,70400,46,0,1024,0,0,0,0,0,1,100,SYNScan,Nmap,Malicious,1
1793,UE_4,udp,116.4,-40.31,52.35,0.205,0.205,5,4,1,377,324,53,81.1,53,24.39,19.51,4.88,14712.2,64,64,0,0,0,0,0,211,0,0,Benign,None,Benign,0
437,UE_1,tcp,146.1,-44.48,49.23,1.07,1.07,61,19,42,36684,2996,33688,157.7,802.1,57.01,17.76,39.25,274272.9,64,64,65535,65535,0.0351,0.0176,0.0176,391,1,0.05,Benign,None,Benign,0
898,UE_2,tcp,235.5,-52.6,41.26,7.886,7.886,233,40,193,284291,3708,280583,92.7,1453.8,29.55,5.07,24.47,288400.71,64,64,131072,131072,0.0151,0.0076,0.0076,169,1,0.05,Benign,None,Benign,0
3565,UE_8,udp,403.8,-52.4,40.78,0.486,0.486,1182,1182,0,1058363,1058363,0,895.4,0,2432.1,2432.1,0,17421613.17,64,0,0,0,0,0,0,0,946,80,UDPFlood,Hping3,Malicious,1
3336,UE_7,tcp,413,-59.88,34.04,0.0949,0.0949,993,993,0,39720,39720,0,40,0,10463.65,10463.65,0,3348366.7,128,0,1024,0,0,0,0,0,993,100,SYNFlood,Hping3,Malicious,1
4019,UE_9,tcp,409.2,-55.74,37.97,0.0016,0.0016,2,1,1,84,44,40,44,40,1250,625,625,420000,55,55,1024,0,0.0145,0,0,0,0,0,SYNScan,Nmap,Malicious,1
2012,UE_5,tcp,309,-52.13,39.48,5.495,5.495,447,70,377,554900,4480,550420,64,1460,81.35,12.74,68.61,807861.69,64,64,262144,262144,0.0251,0.0126,0.0126,415,0,0,Benign,None,Benign,0
1132,UE_3,udp,127.5,-42.44,51.96,5.479,5.479,152,77,75,25705,12790,12915,166.1,172.2,27.74,14.05,13.69,37532.4,64,64,0,0,0,0,0,137,0,0,Benign,None,Benign,0
1810,UE_4,udp,116.4,-40.44,52.75,0.223,0.223,6,4,2,435,308,127,77.1,63.7,26.91,17.94,8.97,15605.38,64,64,0,0,0,0,0,218,1,0.05,Benign,None,Benign,0
669,UE_2,tcp,235.5,-52.91,41.34,6.561,6.561,366,73,293,412089,8745,403344,119.8,1376.6,55.78,11.13,44.66,502470.96,64,64,131072,131072,0.0115,0.0058,0.0058,193,0,0,Benign,None,Benign,0
903,UE_2,tcp,235.5,-52.87,40.32,3.807,3.807,341,61,280,376555,5051,371504,82.8,1326.8,89.57,16.02,73.55,791289.73,64,64,131072,131072,0.024,0.012,0.012,281,1,0.05,Benign,None,Benign,0
4400,UE_9,tcp,409.2,-54.56,38.34,0.0029,0.0029,1,1,0,44,44,0,44,0,344.83,344.83,0,121379.31,58,0,1024,0,0,0,0,0,1,100,SYNScan,Nmap,Malicious,1
644,UE_2,tcp,235.5,-52.54,41.65,7.718,7.718,299,60,239,306111,5784,300327,96.4,1256.6,38.74,7.77,30.97,317295.67,64,64,131072,131072,0.0293,0.0147,0.0147,275,0,0,Benign,None,Benign,0
1316,UE_3,udp,127.5,-43.24,51.22,3.132,3.132,287,144,143,48215,24077,24138,167.2,168.8,91.63,45.98,45.66,123154.53,64,64,0,0,0,0,0,463,0,0,Benign,None,Benign,0
152,UE_1,tcp,146.1,-43.96,47.61,0.928,0.928,54,24,30,37165,5911,31254,246.3,1041.8,58.19,25.86,32.33,320387.93,64,64,65535,65535,0.0392,0.0196,0.0196,330,1,0.05,Benign,None,Benign,0
2499,UE_5,tcp,309,-52.49,40.06,4.931,4.931,729,99,630,926136,6336,919800,64,1460,147.84,20.08,127.76,1502552.83,64,64,262144,262144,0.0147,0.0074,0.0074,225,0,0,Benign,None,Benign,0
2860,UE_6,tcp,321,-50.97,39.79,3.258,3.258,46,24,22,21639,9264,12375,386,562.5,14.12,7.37,6.75,53134.44,64,64,65535,65535,0.0287,0.0144,0.0144,428,0,0,Benign,None,Benign,0
1493,UE_3,udp,127.5,-40.76,51.19,5.385,5.385,142,71,71,23785,11857,11928,167,168,26.37,13.18,13.18,35335.19,64,64,0,0,0,0,0,430,1,0.05,Benign,None,Benign,0
3524,UE_8,udp,403.8,-52.41,41.05,0.346,0.346,2156,2156,0,1517177,1517177,0,703.7,0,6231.21,6231.21,0,35079236.99,64,0,0,0,0,0,0,0,1725,80,UDPFlood,Hping3,Malicious,1
4979,UE_10,tcp,440.7,-54.41,40.01,31.44,31.44,16,11,5,485,285,200,25.9,40,0.51,0.35,0.16,123.41,64,64,512,16384,0.2118,0.1271,0.0847,128,0,0,SlowrateDoS,Slowloris,Malicious,1
1266,UE_3,udp,127.5,-42.46,51.31,4.401,4.401,156,79,77,26573,13714,12859,173.6,167,35.45,17.95,17.5,48303.57,64,64,0,0,0,0,0,361,1,0.05,Benign,None,Benign,0
4258,UE_9,tcp,409.2,-55.28,38.74,0.0019,0.0019,1,1,0,44,44,0,44,0,526.32,526.32,0,185263.16,51,0,1024,0,0,0,0,0,1,100,SYNScan,Nmap,Malicious,1
323,UE_1,tcp,146.1,-44.61,49.04,2.177,2.177,62,10,52,55498,1569,53929,156.9,1037.1,28.48,4.59,23.89,203943.04,64,64,65535,65535,0.0318,0.0159,0.0159,206,0,0,Benign,None,Benign,0
3325,UE_7,tcp,413,-60.26,34.03,0.0269,0.0269,233,233,0,9320,9320,0,40,0,8661.71,8661.71,0,2771747.21,128,0,1024,0,0,0,0,0,233,100,SYNFlood,Hping3,Malicious,1
2746,UE_6,tcp,321,-50.82,39.66,2.323,2.323,61,33,28,32397,14698,17699,445.4,632.1,26.26,14.21,12.05,111569.52,64,64,65535,65535,0.043,0.0215,0.0215,148,0,0,Benign,None,Benign,0
3897,UE_8,udp,403.8,-52.01,40.65,0.383,0.383,1333,1333,0,1040673,1040673,0,780.7,0,3480.42,3480.42,0,21737295.04,64,0,0,0,0,0,0,0,1066,80,UDPFlood,Hping3,Malicious,1
254,UE_1,tcp,146.1,-45.02,48,2.12,2.12,66,33,33,36650,6521,30129,197.6,913,31.13,15.57,15.57,138301.89,64,64,65535,65535,0.0342,0.0171,0.0171,437,1,0.05,Benign,None,Benign,0
3519,UE_8,udp,403.8,-53.05,40.72,0.428,0.428,1366,1366,0,897462,897462,0,657,0,3191.59,3191.59,0,16774990.65,64,0,0,0,0,0,0,0,1093,80,UDPFlood,Hping3,Malicious,1
2463,UE_5,tcp,309,-52.29,40.26,11.876,11.876,865,55,810,1186120,3520,1182600,64,1460,72.84,4.63,68.2,799003.03,64,64,262144,262144,0.0149,0.0075,0.0075,369,1,0.05,Benign,None,Benign,0
1704,UE_4,udp,116.4,-40.22,52.05,0.169,0.169,4,2,2,284,180,104,89.8,52.2,23.67,11.83,11.83,13443.79,64,64,0,0,0,0,0,358,0,0,Benign,None,Benign,0
51,UE_1,tcp,146.1,-43.82,48.52,1.594,1.594,66,11,55,74039,2544,71495,231.3,1299.9,41.41,6.9,34.5,371588.46,64,64,65535,65535,0.0449,0.0225,0.0225,308,0,0,Benign,None,Benign,0
1317,UE_3,udp,127.5,-41.99,51.37,5.087,5.087,204,103,101,35454,17840,17614,173.2,174.4,40.1,20.25,19.85,55756.24,64,64,0,0,0,0,0,436,0,0,Benign,None,Benign,0
4020,UE_9,tcp,409.2,-55.06,38.69,0.005,0.005,1,1,0,44,44,0,44,0,200,200,0,70400,51,0,1024,0,0,0,0,0,1,100,SYNScan,Nmap,Malicious,1
3398,UE_7,tcp,413,-60.28,33.11,0.104,0.104,565,565,0,22600,22600,0,40,0,5432.69,5432.69,0,1738461.54,128,0,1024,0,0,0,0,0,565,100,SYNFlood,Hping3,Malicious,1
4733,UE_10,tcp,440.7,-54.69,39.36,58.67,58.67,30,19,11,1078,638,440,33.6,40,0.51,0.32,0.19,146.99,64,64,512,16384,0.1515,0.0909,0.0606,128,0,0,SlowrateDoS,Slowloris,Malicious,1
1979,UE_4,udp,116.4,-40.53,52.65,0.141,0.141,3,1,2,170,66,104,65.5,52,21.28,7.09,14.18,9645.39,64,64,0,0,0,0,0,318,1,0.05,Benign,None,Benign,0
82,UE_1,tcp,146.1,-44.93,48.3,1.95,1.95,70,25,45,54714,3783,50931,151.3,1131.8,35.9,12.82,23.08,224467.69,64,64,65535,65535,0.0203,0.0102,0.0102,289,1,0.05,Benign,None,Benign,0
363,UE_1,tcp,146.1,-44.37,48.3,2.705,2.705,75,21,54,47363,3488,43875,166.1,812.5,27.73,7.76,19.96,140075.42,64,64,65535,65535,0.0285,0.0143,0.0143,147,0,0,Benign,None,Benign,0
3145,UE_7,tcp,413,-59.86,33.71,0.0769,0.0769,863,863,0,34520,34520,0,40,0,11222.37,11222.37,0,3591157.35,128,0,1024,0,0,0,0,0,863,100,SYNFlood,Hping3,Malicious,1
2119,UE_5,tcp,309,-52.85,39.71,9.909,9.909,684,88,596,875792,5632,870160,64,1460,69.03,8.88,60.15,707067.92,64,64,262144,262144,0.0145,0.0073,0.0073,186,0,0,Benign,None,Benign,0
3711,UE_8,udp,403.8,-51.58,40.53,0.442,0.442,783,783,0,542776,542776,0,693.2,0,1771.49,1771.49,0,9824000,64,0,0,0,0,0,0,0,626,80,UDPFlood,Hping3,Malicious,1
1078,UE_3,udp,127.5,-41.94,50.8,3.362,3.362,239,120,119,39232,19680,19552,164,164.3,71.09,35.69,35.4,93353.96,64,64,0,0,0,0,0,313,0,0,Benign,None,Benign,0
4534,UE_10,tcp,440.7,-55.12,38.96,54.8,54.8,31,20,11,1196,756,440,37.8,40,0.57,0.36,0.2,174.6,64,64,512,16384,0.0809,0.0485,0.0324,128,0,0,SlowrateDoS,Slowloris,Malicious,1
4978,UE_10,tcp,440.7,-54.51,39.05,48.89,48.89,19,15,4,627,467,160,31.1,40,0.39,0.31,0.08,102.6,64,64,512,16384,0.1595,0.0957,0.0638,128,0,0,SlowrateDoS,Slowloris,Malicious,1
4405,UE_9,tcp,409.2,-54.63,38.8,0.0056,0.0056,1,1,0,44,44,0,44,0,178.57,178.57,0,62857.14,55,0,1024,0,0,0,0,0,1,100,SYNScan,Nmap,Malicious,1
3295,UE_7,tcp,413,-59.94,35.03,0.0838,0.0838,468,468,0,18720,18720,0,40,0,5584.73,5584.73,0,1787112.17,128,0,1024,0,0,0,0,0,468,100,SYNFlood,Hping3,Malicious,1
2773,UE_6,tcp,321,-50.7,39.35,2.866,2.866,62,37,25,29402,16794,12608,453.9,504.3,21.63,12.91,8.72,82071.18,64,64,65535,65535,0.0333,0.0167,0.0167,314,1,0.05,Benign,None,Benign,0
4422,UE_9,tcp,409.2,-55,37.87,0.0032,0.0032,1,1,0,44,44,0,44,0,312.5,312.5,0,110000,47,0,1024,0,0,0,0,0,1,100,SYNScan,Nmap,Malicious,1
4478,UE_9,tcp,409.2,-56.54,38.78,0.0016,0.0016,1,1,0,44,44,0,44,0,625,625,0,220000,60,0,1024,0,0,0,0,0,1,100,SYNScan,Nmap,Malicious,1
3241,UE_7,tcp,413,-59.34,34.73,0.012,0.012,387,387,0,15480,15480,0,40,0,32250,32250,0,10320000,128,0,1024,0,0,0,0,0,387,100,SYNFlood,Hping3,Malicious,1
301,UE_1,tcp,146.1,-45.02,48.36,0.953,0.953,70,20,50,54980,4410,50570,220.5,1011.4,73.45,20.99,52.47,461532,64,64,65535,65535,0.0254,0.0127,0.0127,197,1,0.05,Benign,None,Benign,0
3078,UE_7,tcp,413,-59.84,34.54,0.0927,0.0927,286,286,0,11440,11440,0,40,0,3085.22,3085.22,0,987270.77,128,0,1024,0,0,0,0,0,286,100,SYNFlood,Hping3,Malicious,1
1665,UE_4,udp,116.4,-40.75,51.49,0.164,0.164,6,4,2,470,368,102,92,50.8,36.59,24.39,12.2,22926.83,64,64,0,0,0,0,0,152,0,0,Benign,None,Benign,0
234,UE_1,tcp,146.1,-44.4,48.41,2.735,2.735,67,18,49,63791,3874,59917,215.2,1222.8,24.5,6.58,17.92,186591.59,64,64,65535,65535,0.0358,0.0179,0.0179,144,0,0,Benign,None,Benign,0
3365,UE_7,tcp,413,-59.6,34.31,0.0484,0.0484,537,537,0,21480,21480,0,40,0,11095.04,11095.04,0,3550413.22,128,0,1024,0,0,0,0,0,537,100,SYNFlood,Hping3,Malicious,1
1817,UE_4,udp,116.4,-40.28,52.26,0.156,0.156,5,4,1,318,264,54,66.1,54.2,32.05,25.64,6.41,16307.69,64,64,0,0,0,0,0,166,0,0,Benign,None,Benign,0
1101,UE_3,udp,127.5,-41.57,51.26,3.29,3.29,216,107,109,37741,18383,19358,171.8,177.6,65.65,32.52,33.13,91771.43,64,64,0,0,0,0,0,488,1,0.05,Benign,None,Benign,0
1171,UE_3,udp,127.5,-41.49,50.8,2.929,2.929,279,141,138,47895,23138,24757,164.1,179.4,95.25,48.14,47.12,130815.98,64,64,0,0,0,0,0,192,0,0,Benign,None,Benign,0
758,UE_2,tcp,235.5,-51.43,41.37,6.987,6.987,189,32,157,205117,3136,201981,98,1286.5,27.05,4.58,22.47,234855.59,64,64,131072,131072,0.0188,0.0094,0.0094,144,0,0,Benign,None,Benign,0
717,UE_2,tcp,235.5,-51.15,40.59,9.161,9.161,487,79,408,596758,6668,590090,84.4,1446.3,53.16,8.62,44.54,521129.13,64,64,131072,131072,0.0185,0.0093,0.0093,178,0,0,Benign,None,Benign,0
4594,UE_10,tcp,440.7,-54.48,38.73,41.97,41.97,31,20,11,1122,682,440,34.1,40,0.74,0.48,0.26,213.87,64,64,512,16384,0.2092,0.1255,0.0837,128,0,0,SlowrateDoS,Slowloris,Malicious,1
571,UE_2,tcp,235.5,-52.37,40.33,8.246,8.246,341,76,265,355622,7995,347627,105.2,1311.8,41.35,9.22,32.14,345012.85,64,64,131072,131072,0.0188,0.0094,0.0094,435,0,0,Benign,None,Benign,0
4624,UE_10,tcp,440.7,-54.18,40.21,44.04,44.04,23,19,4,905,745,160,39.2,40,0.52,0.43,0.09,164.4,64,64,512,16384,0.1081,0.0649,0.0432,128,0,0,SlowrateDoS,Slowloris,Malicious,1
3285,UE_7,tcp,413,-60.24,34.12,0.0222,0.0222,503,503,0,20120,20120,0,40,0,22657.66,22657.66,0,7250450.45,128,0,1024,0,0,0,0,0,503,100,SYNFlood,Hping3,Malicious,1
3984,UE_8,udp,403.8,-51.79,40.01,0.343,0.343,2134,2134,0,1718083,1718083,0,805.1,0,6221.57,6221.57,0,40071906.71,64,0,0,0,0,0,0,0,1707,80,UDPFlood,Hping3,Malicious,1
4222,UE_9,tcp,409.2,-54.83,39.3,0.0019,0.0019,1,1,0,44,44,0,44,0,526.32,526.32,0,185263.16,48,0,1024,0,0,0,0,0,1,100,SYNScan,Nmap,Malicious,1
3371,UE_7,tcp,413,-60.71,34.04,0.1046,0.1046,511,511,0,20440,20440,0,40,0,4885.28,4885.28,0,1563288.72,128,0,1024,0,0,0,0,0,511,100,SYNFlood,Hping3,Malicious,1
4856,UE_10,tcp,440.7,-53.66,39.08,58.96,58.96,22,15,7,783,503,280,33.5,40,0.37,0.25,0.12,106.24,64,64,512,16384,0.1768,0.1061,0.0707,128,0,0,SlowrateDoS,Slowloris,Malicious,1
1988,UE_4,udp,116.4,-41.04,51.89,0.139,0.139,5,3,2,306,205,101,68.3,50.3,35.97,21.58,14.39,17611.51,64,64,0,0,0,0,0,158,1,0.05,Benign,None,Benign,0
4332,UE_9,tcp,409.2,-56.17,38.12,0.0028,0.0028,1,1,0,44,44,0,44,0,357.14,357.14,0,125714.29,47,0,1024,0,0,0,0,0,1,100,SYNScan,Nmap,Malicious,1
4792,UE_10,tcp,440.7,-54.65,40.32,44.66,44.66,14,8,6,484,244,240,30.5,40,0.31,0.18,0.13,86.7,64,64,512,16384,0.1271,0.0763,0.0508,128,0,0,SlowrateDoS,Slowloris,Malicious,1
4450,UE_9,tcp,409.2,-54.77,37.96,0.0019,0.0019,1,1,0,44,44,0,44,0,526.32,526.32,0,185263.16,51,0,1024,0,0,0,0,0,1,100,SYNScan,Nmap,Malicious,1
4798,UE_10,tcp,440.7,-53.07,39.79,54.05,54.05,27,20,7,990,710,280,35.5,40,0.5,0.37,0.13,146.53,64,64,512,16384,0.1109,0.0665,0.0444,128,0,0,SlowrateDoS,Slowloris,Malicious,1
2931,UE_6,tcp,321,-51.43,39.83,1.596,1.596,46,17,29,24855,7533,17322,443.1,597.3,28.82,10.65,18.17,124586.47,64,64,65535,65535,0.0247,0.0124,0.0124,267,1,0.05,Benign,None,Benign,0
3198,UE_7,tcp,413,-59.62,33.71,0.0197,0.0197,918,918,0,36720,36720,0,40,0,46598.98,46598.98,0,14911675.13,128,0,1024,0,0,0,0,0,918,100,SYNFlood,Hping3,Malicious,1
2372,UE_5,tcp,309,-53.23,41.25,12.272,12.272,938,99,839,1231276,6336,1224940,64,1460,76.43,8.07,68.37,802657.11,64,64,262144,262144,0.0168,0.0084,0.0084,298,1,0.05,Benign,None,Benign,0
1649,UE_4,udp,116.4,-40.54,51.63,0.222,0.222,3,2,1,184,131,53,65.3,53.2,13.51,9.01,4.5,6630.63,64,64,0,0,0,0,0,466,0,0,Benign,None,Benign,0
29,UE_1,tcp,146.1,-44.27,48.49,1.792,1.792,61,30,31,31832,5817,26015,193.9,839.2,34.04,16.74,17.3,142107.14,64,64,65535,65535,0.0158,0.0079,0.0079,503,0,0,Benign,None,Benign,0
3394,UE_7,tcp,413,-59.38,34.36,0.0786,0.0786,693,693,0,27720,27720,0,40,0,8816.79,8816.79,0,2821374.05,128,0,1024,0,0,0,0,0,693,100,SYNFlood,Hping3,Malicious,1
1525,UE_4,udp,116.4,-40.79,52.48,0.101,0.101,4,2,2,258,143,115,71.7,57.4,39.6,19.8,19.8,20435.64,64,64,0,0,0,0,0,386,1,0.05,Benign,None,Benign,0
3397,UE_7,tcp,413,-59.25,33.87,0.1092,0.1092,382,382,0,15280,15280,0,40,0,3498.17,3498.17,0,1119413.92,128,0,1024,0,0,0,0,0,382,100,SYNFlood,Hping3,Malicious,1
1899,UE_4,udp,116.4,-40.26,51.65,0.162,0.162,6,4,2,452,342,110,85.5,55.2,37.04,24.69,12.35,22320.99,64,64,0,0,0,0,0,220,0,0,Benign,None,Benign,0
2982,UE_6,tcp,321,-51.21,40.42,2.683,2.683,69,43,26,37481,20017,17464,465.5,671.7,25.72,16.03,9.69,111758.48,64,64,65535,65535,0.0298,0.0149,0.0149,331,1,0.05,Benign,None,Benign,0
3300,UE_7,tcp,413,-60.76,34.3,0.084,0.084,426,426,0,17040,17040,0,40,0,5071.43,5071.43,0,1622857.14,128,0,1024,0,0,0,0,0,426,100,SYNFlood,Hping3,Malicious,1
2147,UE_5,tcp,309,-52.58,39.54,8.394,8.394,440,92,348,513968,5888,508080,64,1460,52.42,10.96,41.46,489843.22,64,64,262144,262144,0.0247,0.0124,0.0124,188,1,0.05,Benign,None,Benign,0
1723,UE_4,udp,116.4,-40.25,52.14,0.243,0.243,3,1,2,211,83,128,83.3,64,12.35,4.12,8.23,6946.5,64,64,0,0,0,0,0,406,1,0.05,Benign,None,Benign,0
4894,UE_10,tcp,440.7,-54.05,39.69,58.57,58.57,26,20,6,996,756,240,37.8,40,0.44,0.34,0.1,136.04,64,64,512,16384,0.1799,0.1079,0.072,128,0,0,SlowrateDoS,Slowloris,Malicious,1
1763,UE_4,udp,116.4,-40.07,52.37,0.157,0.157,3,1,2,184,79,105,79.2,52.7,19.11,6.37,12.74,9375.8,64,64,0,0,0,0,0,446,1,0.05,Benign,None,Benign,0
3879,UE_8,udp,403.8,-52.04,40.6,0.218,0.218,1571,1571,0,1571157,1571157,0,1000.1,0,7206.42,7206.42,0,57657137.61,64,0,0,0,0,0,0,0,1257,80,UDPFlood,Hping3,Malicious,1
4073,UE_9,tcp,409.2,-55.78,38.43,0.004,0.004,1,1,0,44,44,0,44,0,250,250,0,88000,57,0,1024,0,0,0,0,0,1,100,SYNScan,Nmap,Malicious,1
1476,UE_3,udp,127.5,-42.41,51.17,5.81,5.81,260,128,132,45411,22285,23126,174.1,175.2,44.75,22.03,22.72,62528.06,64,64,0,0,0,0,0,508,1,0.05,Benign,None,Benign,0
977,UE_2,tcp,235.5,-52.47,40.86,9.964,9.964,190,36,154,198772,4162,194610,115.6,1263.7,19.07,3.61,15.46,159592.13,64,64,131072,131072,0.0246,0.0123,0.0123,472,0,0,Benign,None,Benign,0
1797,UE_4,udp,116.4,-40.43,53.01,0.1,0.1,4,2,2,276,176,100,87.9,49.9,40,20,20,22080,64,64,0,0,0,0,0,329,0,0,Benign,None,Benign,0
485,UE_1,tcp,146.1,-45,48.83,0.601,0.601,59,27,32,39558,4201,35357,155.6,1104.9,98.17,44.93,53.24,526562.4,64,64,65535,65535,0.0222,0.0111,0.0111,260,1,0.05,Benign,None,Benign,0
2959,UE_6,tcp,321,-51.77,39.81,3.068,3.068,79,32,47,34797,14874,19923,464.8,423.9,25.75,10.43,15.32,90735.33,64,64,65535,65535,0.0252,0.0126,0.0126,299,0,0,Benign,None,Benign,0
2103,UE_5,tcp,309,-52.75,40.46,8.366,8.366,455,57,398,584728,3648,581080,64,1460,54.39,6.81,47.57,559147.02,64,64,262144,262144,0.0192,0.0096,0.0096,444,0,0,Benign,None,Benign,0
1515,UE_4,udp,116.4,-40.14,53.33,0.173,0.173,2,1,1,135,72,63,72,62.6,11.56,5.78,5.78,6242.77,64,64,0,0,0,0,0,201,0,0,Benign,None,Benign,0
4031,UE_9,tcp,409.2,-55.64,38.52,0.0029,0.0029,1,1,0,44,44,0,44,0,344.83,344.83,0,121379.31,59,0,1024,0,0,0,0,0,1,100,SYNScan,Nmap,Malicious,1
1109,UE_3,udp,127.5,-42.71,50.97,1.115,1.115,128,63,65,22775,11088,11687,176,179.8,114.8,56.5,58.3,163408.07,64,64,0,0,0,0,0,284,0,0,Benign,None,Benign,0
4513,UE_10,tcp,440.7,-53.85,39.82,36.3,36.3,20,15,5,589,389,200,25.9,40,0.55,0.41,0.14,129.81,64,64,512,16384,0.1758,0.1055,0.0703,128,0,0,SlowrateDoS,Slowloris,Malicious,1
1601,UE_4,udp,116.4,-40.42,51.8,0.128,0.128,5,4,1,308,259,49,64.8,48.9,39.06,31.25,7.81,19250,64,64,0,0,0,0,0,340,0,0,Benign,None,Benign,0
353,UE_1,tcp,146.1,-44.65,48.93,2.334,2.334,71,28,43,57174,6068,51106,216.7,1188.5,30.42,12,18.42,195969.15,64,64,65535,65535,0.0409,0.0205,0.0205,149,0,0,Benign,None,Benign,0
1294,UE_3,udp,127.5,-43.01,51.31,5.536,5.536,245,120,125,43219,21144,22075,176.2,176.6,44.26,21.68,22.58,62455.2,64,64,0,0,0,0,0,160,1,0.05,Benign,None,Benign,0
4641,UE_10,tcp,440.7,-54.21,39.83,34.9,34.9,19,15,4,631,471,160,31.4,40,0.54,0.43,0.11,144.64,64,64,512,16384,0.1066,0.064,0.0426,128,0,0,SlowrateDoS,Slowloris,Malicious,1
4584,UE_10,tcp,440.7,-54.6,38.91,62.21,62.21,20,10,10,794,394,400,39.4,40,0.32,0.16,0.16,102.11,64,64,512,16384,0.0979,0.0587,0.0392,128,0,0,SlowrateDoS,Slowloris,Malicious,1
2907,UE_6,tcp,321,-51.66,40.55,2.09,2.09,70,44,26,32866,17596,15270,399.9,587.3,33.49,21.05,12.44,125802.87,64,64,65535,65535,0.0235,0.0118,0.0118,380,0,0,Benign,None,Benign,0
2818,UE_6,tcp,321,-50.74,39.4,1.508,1.508,74,41,33,34256,15080,19176,367.8,581.1,49.07,27.19,21.88,181729.44,64,64,65535,65535,0.0255,0.0128,0.0128,302,0,0,Benign,None,Benign,0
2366,UE_5,tcp,309,-53.24,40.03,10.89,10.89,945,92,853,1251268,5888,1245380,64,1460,86.78,8.45,78.33,919205.14,64,64,262144,262144,0.0144,0.0072,0.0072,404,0,0,Benign,None,Benign,0
3271,UE_7,tcp,413,-59.76,33.66,0.0844,0.0844,675,675,0,27000,27000,0,40,0,7997.63,7997.63,0,2559241.71,128,0,1024,0,0,0,0,0,675,100,SYNFlood,Hping3,Malicious,1
597,UE_2,tcp,235.5,-51.97,42.26,8.028,8.028,350,36,314,387781,3665,384116,101.8,1223.3,43.6,4.48,39.11,386428.5,64,64,131072,131072,0.0184,0.0092,0.0092,321,0,0,Benign,None,Benign,0
4728,UE_10,tcp,440.7,-53.54,39.38,32.74,32.74,22,17,5,657,457,200,26.9,40,0.67,0.52,0.15,160.54,64,64,512,16384,0.1938,0.1163,0.0775,128,0,0,SlowrateDoS,Slowloris,Malicious,1
130,UE_1,tcp,146.1,-44.06,47.48,1.138,1.138,60,32,28,35038,7923,27115,247.6,968.4,52.72,28.12,24.6,246312.83,64,64,65535,65535,0.0205,0.0103,0.0103,151,0,0,Benign,None,Benign,0
2017,UE_5,tcp,309,-52.81,40.45,7.632,7.632,562,48,514,753512,3072,750440,64,1460,73.64,6.29,67.35,789844.86,64,64,262144,262144,0.0249,0.0125,0.0125,284,0,0,Benign,None,Benign,0
1821,UE_4,udp,116.4,-40.36,52.45,0.052,0.052,5,4,1,346,290,56,72.5,56.2,96.15,76.92,19.23,53230.77,64,64,0,0,0,0,0,486,1,0.05,Benign,None,Benign,0
1449,UE_3,udp,127.5,-42.42,51.35,2.781,2.781,239,118,121,40146,20508,19638,173.8,162.3,85.94,42.43,43.51,115486.52,64,64,0,0,0,0,0,270,0,0,Benign,None,Benign,0
3564,UE_8,udp,403.8,-51.86,40.06,0.161,0.161,825,825,0,741593,741593,0,898.9,0,5124.22,5124.22,0,36849341.61,64,0,0,0,0,0,0,0,660,80,UDPFlood,Hping3,Malicious,1
2858,UE_6,tcp,321,-51.67,40.33,2.577,2.577,83,33,50,40744,13754,26990,416.8,539.8,32.21,12.81,19.4,126485.06,64,64,65535,65535,0.0336,0.0168,0.0168,327,0,0,Benign,None,Benign,0
1176,UE_3,udp,127.5,-42.2,51.33,5.448,5.448,227,111,116,39398,19980,19418,180,167.4,41.67,20.37,21.29,57853.16,64,64,0,0,0,0,0,156,0,0,Benign,None,Benign,0
4281,UE_9,tcp,409.2,-55.41,38.68,0.0043,0.0043,1,1,0,44,44,0,44,0,232.56,232.56,0,81860.47,59,0,1024,0,0,0,0,0,1,100,SYNScan,Nmap,Malicious,1
1839,UE_4,udp,116.4,-39.34,51.97,0.217,0.217,3,1,2,191,66,125,66,62.7,13.82,4.61,9.22,7041.47,64,64,0,0,0,0,0,219,0,0,Benign,None,Benign,0
3637,UE_8,udp,403.8,-51.7,39.98,0.487,0.487,1441,1441,0,1124268,1124268,0,780.2,0,2958.93,2958.93,0,18468468.17,64,0,0,0,0,0,0,0,1153,80,UDPFlood,Hping3,Malicious,1
1514,UE_4,udp,116.4,-40.46,51.7,0.061,0.061,4,3,1,293,243,50,81.1,50.1,65.57,49.18,16.39,38426.23,64,64,0,0,0,0,0,149,0,0,Benign,None,Benign,0
790,UE_2,tcp,235.5,-53.47,41.84,8.653,8.653,198,37,161,210648,4262,206386,115.2,1281.9,22.88,4.28,18.61,194751.42,64,64,131072,131072,0.0126,0.0063,0.0063,331,1,0.05,Benign,None,Benign,0
3283,UE_7,tcp,413,-59.64,33.63,0.0722,0.0722,851,851,0,34040,34040,0,40,0,11786.7,11786.7,0,3771745.15,128,0,1024,0,0,0,0,0,851,100,SYNFlood,Hping3,Malicious,1
1115,UE_3,udp,127.5,-42.16,51.42,4.671,4.671,123,60,63,20681,10236,10445,170.6,165.8,26.33,12.85,13.49,35420.25,64,64,0,0,0,0,0,423,0,0,Benign,None,Benign,0
2124,UE_5,tcp,309,-53.15,40.38,10.019,10.019,727,74,653,958116,4736,953380,64,1460,72.56,7.39,65.18,765039.23,64,64,262144,262144,0.017,0.0085,0.0085,447,0,0,Benign,None,Benign,0
3642,UE_8,udp,403.8,-52.49,41.25,0.483,0.483,1486,1486,0,1495362,1495362,0,1006.3,0,3076.6,3076.6,0,24767900.62,64,0,0,0,0,0,0,0,1189,80,UDPFlood,Hping3,Malicious,1
1207,UE_3,udp,127.5,-41.63,51.35,2.94,2.94,139,68,71,22939,11444,11495,168.3,161.9,47.28,23.13,24.15,62419.05,64,64,0,0,0,0,0,157,0,0,Benign,None,Benign,0
963,UE_2,tcp,235.5,-52.57,41.35,5.147,5.147,351,73,278,357733,7453,350280,102.1,1260,68.2,14.18,54.01,556025.65,64,64,131072,131072,0.0249,0.0125,0.0125,500,0,0,Benign,None,Benign,0
3436,UE_7,tcp,413,-60.11,33.29,0.0768,0.0768,664,664,0,26560,26560,0,40,0,8645.83,8645.83,0,2766666.67,128,0,1024,0,0,0,0,0,664,100,SYNFlood,Hping3,Malicious,1
1782,UE_4,udp,116.4,-40.68,53.53,0.19,0.19,6,4,2,473,346,127,86.4,63.3,31.58,21.05,10.53,19915.79,64,64,0,0,0,0,0,494,0,0,Benign,None,Benign,0
1003,UE_3,udp,127.5,-42.06,51.41,1.807,1.807,178,87,91,30625,15364,15261,176.6,167.7,98.51,48.15,50.36,135583.84,64,64,0,0,0,0,0,215,0,0,Benign,None,Benign,0
2997,UE_6,tcp,321,-51.02,39.91,2.584,2.584,61,23,38,24154,8878,15276,386,402,23.61,8.9,14.71,74780.19,64,64,65535,65535,0.0402,0.0201,0.0201,292,1,0.05,Benign,None,Benign,0
1720,UE_4,udp,116.4,-40.05,52.45,0.196,0.196,5,4,1,380,321,59,80.2,59.2,25.51,20.41,5.1,15510.2,64,64,0,0,0,0,0,168,1,0.05,Benign,None,Benign,0
3924,UE_8,udp,403.8,-52.15,40.84,0.326,0.326,858,858,0,537451,537451,0,626.4,0,2631.9,2631.9,0,13188981.6,64,0,0,0,0,0,0,0,686,80,UDPFlood,Hping3,Malicious,1
1456,UE_3,udp,127.5,-41.52,50.99,3.295,3.295,292,147,145,49776,25358,24418,172.5,168.4,88.62,44.61,44.01,120852.2,64,64,0,0,0,0,0,344,0,0,Benign,None,Benign,0
2389,UE_5,tcp,309,-52.89,40.44,12.392,12.392,711,42,669,979428,2688,976740,64,1460,57.38,3.39,53.99,632296.97,64,64,262144,262144,0.0224,0.0112,0.0112,459,0,0,Benign,None,Benign,0
3176,UE_7,tcp,413,-59.95,33.64,0.0383,0.0383,268,268,0,10720,10720,0,40,0,6997.39,6997.39,0,2239164.49,128,0,1024,0,0,0,0,0,268,100,SYNFlood,Hping3,Malicious,1
1944,UE_4,udp,116.4,-40.63,52.28,0.115,0.115,5,3,2,335,209,126,69.5,62.9,43.48,26.09,17.39,23304.35,64,64,0,0,0,0,0,167,0,0,Benign,None,Benign,0
3942,UE_8,udp,403.8,-52.26,41.82,0.267,0.267,2466,2466,0,1344710,1344710,0,545.3,0,9235.96,9235.96,0,40290936.33,64,0,0,0,0,0,0,0,1973,80,UDPFlood,Hping3,Malicious,1
3346,UE_7,tcp,413,-60.11,33.35,0.0645,0.0645,318,318,0,12720,12720,0,40,0,4930.23,4930.23,0,1577674.42,128,0,1024,0,0,0,0,0,318,100,SYNFlood,Hping3,Malicious,1
2174,UE_5,tcp,309,-53.52,40.09,9.067,9.067,552,65,487,715180,4160,711020,64,1460,60.88,7.17,53.71,631017.98,64,64,262144,262144,0.0257,0.0129,0.0129,510,0,0,Benign,None,Benign,0
3972,UE_8,udp,403.8,-53.39,41.69,0.564,0.564,1865,1865,0,1049436,1049436,0,562.7,0,3306.74,3306.74,0,14885617.02,64,0,0,0,0,0,0,0,1492,80,UDPFlood,Hping3,Malicious,1
2887,UE_6,tcp,321,-50.56,39.63,1.181,1.181,74,41,33,34414,18307,16107,446.5,488.1,62.66,34.72,27.94,233117.7,64,64,65535,65535,0.0283,0.0142,0.0142,398,1,0.05,Benign,None,Benign,0
1962,UE_4,udp,116.4,-40.61,53.28,0.118,0.118,5,3,2,370,249,121,83,60.6,42.37,25.42,16.95,25084.75,64,64,0,0,0,0,0,431,0,0,Benign,None,Benign,0
3543,UE_8,udp,403.8,-52.1,41.1,0.278,0.278,1084,1084,0,676416,676416,0,624,0,3899.28,3899.28,0,19465208.63,64,0,0,0,0,0,0,0,867,80,UDPFlood,Hping3,Malicious,1
4662,UE_10,tcp,440.7,-53.45,39.52,61.07,61.07,27,20,7,842,562,280,28.1,40,0.44,0.33,0.11,110.3,64,64,512,16384,0.1076,0.0646,0.043,128,0,0,SlowrateDoS,Slowloris,Malicious,1
4525,UE_10,tcp,440.7,-54.41,39.77,54.03,54.03,24,14,10,841,441,400,31.5,40,0.44,0.26,0.19,124.52,64,64,512,16384,0.0826,0.0496,0.033,128,0,0,SlowrateDoS,Slowloris,Malicious,1
934,UE_2,tcp,235.5,-53.32,40.93,7.495,7.495,362,44,318,399481,4048,395433,92,1243.5,48.3,5.87,42.43,426397.33,64,64,131072,131072,0.0181,0.0091,0.0091,316,0,0,Benign,None,Benign,0
2600,UE_6,tcp,321,-51.57,40,2.338,2.338,81,33,48,35328,12883,22445,390.4,467.6,34.64,14.11,20.53,120882.81,64,64,65535,65535,0.024,0.012,0.012,356,1,0.05,Benign,None,Benign,0
2909,UE_6,tcp,321,-51.7,39.59,2.041,2.041,42,22,20,19048,10558,8490,479.9,424.5,20.58,10.78,9.8,74661.44,64,64,65535,65535,0.0441,0.0221,0.0221,489,0,0,Benign,None,Benign,0
2091,UE_5,tcp,309,-53.78,39.37,6.06,6.06,507,63,444,652272,4032,648240,64,1460,83.66,10.4,73.27,861085.15,64,64,262144,262144,0.013,0.0065,0.0065,155,0,0,Benign,None,Benign,0
4445,UE_9,tcp,409.2,-54.98,38.93,0.0029,0.0029,1,1,0,44,44,0,44,0,344.83,344.83,0,121379.31,59,0,1024,0,0,0,0,0,1,100,SYNScan,Nmap,Malicious,1
